timestamp,close,high,low
2024-02-17 12:00:00,50996.78,51753.68,50647.34
2024-02-17 16:00:00,51414.12,51451.53,50759.55
2024-02-17 20:00:00,51668.78,52027.23,51322.69
2024-02-18 00:00:00,51488.47,51805.29,51194.3
2024-02-18 04:00:00,51670.12,51747.27,51423.41
2024-02-18 08:00:00,51839.96,52065.72,51659.8
2024-02-18 12:00:00,51792.31,51947.41,51557.21
2024-02-18 16:00:00,51776.39,51991.07,51664.33
2024-02-18 20:00:00,52139.33,52393.59,51615.4
2024-02-19 00:00:00,52074.61,52427.6,51915.99
2024-02-19 04:00:00,52403.83,52487.6,51997.94
2024-02-19 08:00:00,52347.77,52451.18,52085.63
2024-02-19 12:00:00,52128.55,52457.35,52036.46
2024-02-19 16:00:00,51828.09,52225.73,51691.25
2024-02-19 20:00:00,51781.22,52105.46,51710.13
2024-02-20 00:00:00,51586.9,51829.64,51318.92
2024-02-20 04:00:00,51836.07,52024.1,51524.12
2024-02-20 08:00:00,52297.64,52384.44,51560.5
2024-02-20 12:00:00,51693.91,52985.95,51371.88
2024-02-20 16:00:00,52095.65,52111.16,50766.77
2024-02-20 20:00:00,52269.59,52522.64,51905.92
2024-02-21 00:00:00,52012.07,52375.42,52000.96
2024-02-21 04:00:00,51568.73,52110.0,51484.82
2024-02-21 08:00:00,50962.06,51774.19,50817.45
2024-02-21 12:00:00,51143.88,51448.77,50633.49
2024-02-21 16:00:00,51060.78,51421.99,50659.37
2024-02-21 20:00:00,51854.36,51950.34,50866.18
2024-02-22 00:00:00,51572.2,51873.91,51157.53
2024-02-22 04:00:00,51809.29,51894.57,51347.86
2024-02-22 08:00:00,51605.68,52004.78,51513.94
2024-02-22 12:00:00,51576.49,51711.62,50914.97
2024-02-22 16:00:00,51500.18,51733.94,51389.24
2024-02-22 20:00:00,51263.67,52056.01,51179.46
2024-02-23 00:00:00,51080.29,51509.58,50959.19
2024-02-23 04:00:00,50909.47,51297.54,50876.94
2024-02-23 08:00:00,51207.85,51247.6,50827.21
2024-02-23 12:00:00,50913.08,51298.97,50791.8
2024-02-23 16:00:00,51095.37,51183.92,50629.31
2024-02-23 20:00:00,50744.07,51165.22,50523.07
2024-02-24 00:00:00,50839.6,50901.88,50583.66
2024-02-24 04:00:00,51058.2,51085.72,50820.14
2024-02-24 08:00:00,51109.87,51155.76,50946.39
2024-02-24 12:00:00,51101.29,51166.3,51025.15
2024-02-24 16:00:00,51552.48,51687.88,51095.76
2024-02-24 20:00:00,51574.61,51671.5,51444.95
2024-02-25 00:00:00,51629.16,51891.91,51447.12
2024-02-25 04:00:00,51720.13,51804.16,51519.58
2024-02-25 08:00:00,51648.42,51778.6,51543.56
2024-02-25 12:00:00,51523.77,51773.7,51446.93
2024-02-25 16:00:00,51670.63,51734.5,51288.57
2024-02-25 20:00:00,51727.63,51957.87,51651.62
2024-02-26 00:00:00,51560.92,51787.85,51410.86
2024-02-26 04:00:00,51296.76,51608.06,51296.76
2024-02-26 08:00:00,51087.11,51381.48,50920.53
2024-02-26 12:00:00,52887.99,52895.06,50952.3
2024-02-26 16:00:00,54528.49,54535.44,52816.96
2024-02-26 20:00:00,54518.58,54939.87,54294.81
2024-02-27 00:00:00,55708.76,57095.07,54483.19
2024-02-27 04:00:00,56072.65,56453.5,55621.87
2024-02-27 08:00:00,56548.08,56840.42,56046.89
2024-02-27 12:00:00,56779.57,57427.79,56489.68
2024-02-27 16:00:00,57355.11,57612.94,56261.65
2024-02-27 20:00:00,57071.6,57378.68,56619.62
2024-02-28 00:00:00,56958.89,57127.51,56726.31
2024-02-28 04:00:00,58278.6,58402.95,56934.67
2024-02-28 08:00:00,58988.68,59535.8,58200.45
2024-02-28 12:00:00,61002.25,61383.03,58936.15
2024-02-28 16:00:00,60977.36,64086.08,58665.14
2024-02-28 20:00:00,62507.1,62711.76,59792.14
2024-02-29 00:00:00,61581.51,62509.25,61056.89
2024-02-29 04:00:00,62712.12,63652.76,61350.27
2024-02-29 08:00:00,62932.59,63325.76,62136.43
2024-02-29 12:00:00,62791.79,63587.14,62073.49
2024-02-29 16:00:00,61623.25,62900.86,60370.98
2024-02-29 20:00:00,61179.58,62351.56,60662.84
2024-03-01 00:00:00,61117.61,61777.08,60795.21
2024-03-01 04:00:00,61459.04,61792.29,61069.85
2024-03-01 08:00:00,61901.65,62277.26,61362.64
2024-03-01 12:00:00,61267.07,62703.84,61144.66
2024-03-01 16:00:00,62276.32,62508.25,61223.29
2024-03-01 20:00:00,62431.25,63226.77,62275.65
2024-03-02 00:00:00,62363.34,62479.07,62009.75
2024-03-02 04:00:00,62083.47,62366.94,61845.55
2024-03-02 08:00:00,61919.26,62188.96,61726.54
2024-03-02 12:00:00,61839.65,62230.97,61631.05
2024-03-02 16:00:00,62165.14,62167.73,61704.96
2024-03-02 20:00:00,62038.39,62243.21,61762.79
2024-03-03 00:00:00,61965.4,62038.39,61686.74
2024-03-03 04:00:00,61641.59,62131.13,61392.4
2024-03-03 08:00:00,61861.83,61920.79,61444.98
2024-03-03 12:00:00,62206.56,62641.18,61848.92
2024-03-03 16:00:00,62766.94,63032.59,62126.04
2024-03-03 20:00:00,63149.43,63254.84,62622.89
2024-03-04 00:00:00,63496.02,64291.59,62363.97
2024-03-04 04:00:00,64105.73,64321.9,63257.18
2024-03-04 08:00:00,65253.47,65597.73,64060.32
2024-03-04 12:00:00,66521.19,66656.67,64659.71
2024-03-04 16:00:00,67497.83,67574.12,66131.84
2024-03-04 20:00:00,68338.64,68562.03,66855.3
2024-03-05 00:00:00,68219.94,68799.76,67652.81
2024-03-05 04:00:00,66213.17,68465.04,65262.46
2024-03-05 08:00:00,66690.93,67179.49,65589.05
2024-03-05 12:00:00,66799.25,69244.55,66479.76
2024-03-05 16:00:00,61399.1,66989.59,59268.68
2024-03-05 20:00:00,63804.11,64429.7,61266.22
2024-03-06 00:00:00,63317.23,64209.12,62851.27
2024-03-06 04:00:00,66701.25,66759.71,63309.42
2024-03-06 08:00:00,67312.99,67645.97,66084.87
2024-03-06 12:00:00,66510.72,67591.37,64711.42
2024-03-06 16:00:00,66833.7,67571.85,66304.97
2024-03-06 20:00:00,66115.57,67509.87,65762.89
2024-03-07 00:00:00,65883.21,66507.92,65610.94
2024-03-07 04:00:00,66424.98,66494.06,65686.33
2024-03-07 08:00:00,66928.06,67295.11,66385.65
2024-03-07 12:00:00,67331.5,67993.22,66640.71
2024-03-07 16:00:00,67587.16,68065.89,67038.4
2024-03-07 20:00:00,66928.15,68053.55,66918.71
2024-03-08 00:00:00,67210.29,67341.88,66851.35
2024-03-08 04:00:00,67363.02,67719.03,66868.45
2024-03-08 08:00:00,67796.83,67810.72,67154.81
2024-03-08 12:00:00,67704.48,70151.23,67361.45
2024-03-08 16:00:00,69015.13,69015.48,66173.73
2024-03-08 20:00:00,68269.39,69520.75,68025.53
2024-03-09 00:00:00,68405.09,68449.52,68026.81
2024-03-09 04:00:00,68415.26,68663.92,68270.35
2024-03-09 08:00:00,68431.2,68574.9,68105.77
2024-03-09 12:00:00,68433.8,68663.48,68251.12
2024-03-09 16:00:00,68354.22,68490.59,68152.47
2024-03-09 20:00:00,68446.32,68556.98,68344.58
2024-03-10 00:00:00,69239.99,69368.33,68340.22
2024-03-10 04:00:00,69465.26,69759.84,69138.66
2024-03-10 08:00:00,69684.07,69976.84,69343.92
2024-03-10 12:00:00,69322.93,69949.31,68801.69
2024-03-10 16:00:00,69503.9,69858.87,69251.28
2024-03-10 20:00:00,69023.53,69553.37,68218.19
2024-03-11 00:00:00,68607.04,69024.9,67170.42
2024-03-11 04:00:00,71023.52,71263.28,68480.54
2024-03-11 08:00:00,71508.49,72237.35,71016.13
2024-03-11 12:00:00,72046.73,72691.87,71344.12
2024-03-11 16:00:00,72012.02,72872.77,71802.65
2024-03-11 20:00:00,72095.86,72755.24,71886.65
2024-03-12 00:00:00,71615.68,72476.0,71435.8
2024-03-12 04:00:00,72147.89,72355.64,71319.78
2024-03-12 08:00:00,72041.01,72346.09,71431.47
2024-03-12 12:00:00,71673.2,72996.99,70893.74
2024-03-12 16:00:00,71379.88,71803.28,68636.43
2024-03-12 20:00:00,71449.5,71517.05,70621.35
2024-03-13 00:00:00,72071.17,72221.23,71329.7
2024-03-13 04:00:00,72892.29,73180.93,71933.93
2024-03-13 08:00:00,73092.22,73672.14,72870.22
2024-03-13 12:00:00,72710.7,73210.64,71680.12
2024-03-13 16:00:00,73466.85,73488.28,72401.9
2024-03-13 20:00:00,73118.09,73504.16,72891.86
2024-03-14 00:00:00,73292.01,73337.76,72534.43
2024-03-14 04:00:00,73260.78,73802.64,72731.43
2024-03-14 08:00:00,72908.67,73573.53,72665.21
2024-03-14 12:00:00,70819.11,73070.66,70528.45
2024-03-14 16:00:00,69284.71,71402.59,68493.91
2024-03-14 20:00:00,71366.96,71689.53,69210.76
2024-03-15 00:00:00,68191.07,72394.97,66717.75
2024-03-15 04:00:00,68400.51,68811.08,66878.31
2024-03-15 08:00:00,67691.79,68547.23,65579.78
2024-03-15 12:00:00,68148.28,68720.54,67403.33
2024-03-15 16:00:00,68981.69,70622.56,67515.47
2024-03-15 20:00:00,69497.39,69753.58,67439.69
2024-03-16 00:00:00,69197.31,70043.23,68931.34
2024-03-16 04:00:00,69413.52,69427.81,68593.18
2024-03-16 08:00:00,68259.01,69413.63,67722.75
2024-03-16 12:00:00,68366.08,68474.57,67525.14
2024-03-16 16:00:00,66886.4,68388.84,66643.53
2024-03-16 20:00:00,65260.55,67480.1,64783.87
2024-03-17 00:00:00,66509.15,66548.08,65073.37
2024-03-17 04:00:00,65577.99,66531.61,64529.3
2024-03-17 08:00:00,66886.8,67418.11,65254.03
2024-03-17 12:00:00,67905.93,68057.13,66380.92
2024-03-17 16:00:00,68517.35,68624.27,67717.05
2024-03-17 20:00:00,68364.45,68873.88,67951.01
2024-03-18 00:00:00,67927.71,68378.53,66789.55
2024-03-18 04:00:00,68183.96,68925.18,67668.56
2024-03-18 08:00:00,68215.36,68437.91,67290.29
2024-03-18 12:00:00,67467.38,68568.43,66611.41
2024-03-18 16:00:00,66933.4,68054.22,66584.49
2024-03-18 20:00:00,67609.44,67993.47,66928.52
2024-03-19 00:00:00,65876.35,68116.53,64885.43
2024-03-19 04:00:00,64657.56,65971.85,63572.23
2024-03-19 08:00:00,63045.28,64663.21,62463.11
2024-03-19 12:00:00,63987.53,64064.6,62345.45
2024-03-19 16:00:00,64396.13,65752.07,63911.59
2024-03-19 20:00:00,61924.02,64497.6,61529.15
2024-03-20 00:00:00,61833.06,63405.81,61644.0
2024-03-20 04:00:00,62945.88,63177.56,60782.8
2024-03-20 08:00:00,63367.44,63924.82,62621.04
2024-03-20 12:00:00,63603.24,64399.97,63055.05
2024-03-20 16:00:00,65792.13,66025.69,62053.9
2024-03-20 20:00:00,67857.3,68139.33,65682.59
2024-03-21 00:00:00,66666.86,68229.38,66370.62
2024-03-21 04:00:00,67007.04,67342.47,66099.52
2024-03-21 08:00:00,67047.78,67661.32,66663.17
2024-03-21 12:00:00,66552.11,67693.63,66053.35
2024-03-21 16:00:00,65243.06,66981.87,64856.63
2024-03-21 20:00:00,65493.22,65911.3,64548.09
2024-03-22 00:00:00,65972.93,66148.88,65144.46
2024-03-22 04:00:00,66183.17,66643.64,65766.0
2024-03-22 08:00:00,64239.49,66362.98,64080.83
2024-03-22 12:00:00,63867.22,64670.25,62602.28
2024-03-22 16:00:00,63884.05,64137.93,62759.99
2024-03-22 20:00:00,63816.99,63986.48,62321.3
2024-03-23 00:00:00,63570.67,64367.87,63025.99
2024-03-23 04:00:00,64580.72,64865.03,63536.26
2024-03-23 08:00:00,64637.33,64837.92,64195.73
2024-03-23 12:00:00,65109.87,65400.89,64295.47
2024-03-23 16:00:00,64881.6,66005.71,64810.48
2024-03-23 20:00:00,64004.42,65170.46,63931.96
2024-03-24 00:00:00,63986.25,64716.83,63951.19
2024-03-24 04:00:00,64587.23,64588.86,63802.82
2024-03-24 08:00:00,65330.61,65361.36,64498.48
2024-03-24 12:00:00,65674.21,65906.4,65211.21
2024-03-24 16:00:00,65844.4,66010.52,64642.09
2024-03-24 20:00:00,67208.33,67623.78,65744.1
2024-03-25 00:00:00,67349.91,67354.31,66400.46
2024-03-25 04:00:00,66851.78,67742.0,66769.48
2024-03-25 08:00:00,66833.67,67368.19,66791.52
2024-03-25 12:00:00,69811.9,70041.29,66808.82
2024-03-25 16:00:00,71027.86,71074.3,69471.38
2024-03-25 20:00:00,69892.26,71202.65,69591.52
2024-03-26 00:00:00,70439.32,70616.23,69745.03
2024-03-26 04:00:00,70505.58,71558.85,70298.55
2024-03-26 08:00:00,70699.65,71291.56,70307.68
2024-03-26 12:00:00,70270.72,71143.84,69294.69
2024-03-26 16:00:00,69452.42,70514.54,69420.15
2024-03-26 20:00:00,69990.22,70307.21,69377.2
2024-03-27 00:00:00,70388.68,70730.84,69835.98
2024-03-27 04:00:00,69725.55,70563.45,69659.52
2024-03-27 08:00:00,70221.18,70353.66,69429.77
2024-03-27 12:00:00,68853.16,71762.06,68510.02
2024-03-27 16:00:00,68607.02,69410.6,68384.71
2024-03-27 20:00:00,69434.46,69578.61,68586.43
2024-03-28 00:00:00,69258.48,69939.19,68864.89
2024-03-28 04:00:00,70386.89,70436.79,69246.31
2024-03-28 08:00:00,70608.39,70915.33,70296.37
2024-03-28 12:00:00,71309.32,71593.93,70314.77
2024-03-28 16:00:00,70840.57,71340.19,70406.46
2024-03-28 20:00:00,70789.57,71073.27,70588.27
2024-03-29 00:00:00,70459.53,70925.04,70319.52
2024-03-29 04:00:00,69800.36,70539.64,69778.84
2024-03-29 08:00:00,70164.28,70332.39,69593.67
2024-03-29 12:00:00,69183.95,70633.96,69059.03
2024-03-29 16:00:00,69690.23,69691.45,69112.63
2024-03-29 20:00:00,69903.72,69959.72,69353.9
2024-03-30 00:00:00,69832.34,70201.6,69792.02
2024-03-30 04:00:00,69898.43,70356.07,69806.55
2024-03-30 08:00:00,70227.0,70231.15,69854.3
2024-03-30 12:00:00,70054.87,70308.48,69984.53
2024-03-30 16:00:00,69939.39,70323.24,69745.52
2024-03-30 20:00:00,69629.99,69949.23,69586.01
2024-03-31 00:00:00,69936.72,70156.39,69601.39
2024-03-31 04:00:00,70309.11,70464.42,69891.19
2024-03-31 08:00:00,70390.71,70466.63,70178.09
2024-03-31 12:00:00,70406.08,70752.69,70324.33
2024-03-31 16:00:00,71038.46,71230.97,70350.14
2024-03-31 20:00:00,71312.91,71389.78,70661.09
2024-04-01 00:00:00,70609.65,71325.61,70556.42
2024-04-01 04:00:00,69631.28,70673.41,68936.25
2024-04-01 08:00:00,69500.32,69807.87,69208.49
2024-04-01 12:00:00,68244.66,70094.83,68200.84
2024-04-01 16:00:00,69702.59,69860.58,68074.92
2024-04-01 20:00:00,69686.37,69910.15,69365.34
2024-04-02 00:00:00,66756.68,69703.1,66004.82
2024-04-02 04:00:00,66501.77,67170.1,66170.31
2024-04-02 08:00:00,65611.09,66716.16,65030.9
2024-04-02 12:00:00,64878.06,66267.04,64571.71
2024-04-02 16:00:00,65967.42,66235.39,64609.19
2024-04-02 20:00:00,65466.81,66129.76,65272.5
2024-04-03 00:00:00,66242.82,66312.21,64514.87
2024-04-03 04:00:00,66185.8,66516.8,65965.38
2024-04-03 08:00:00,66095.99,66673.46,65578.88
2024-04-03 12:00:00,65849.91,66925.93,65664.21
2024-04-03 16:00:00,65827.06,66601.66,65510.51
2024-04-03 20:00:00,65986.11,66311.26,65512.06
2024-04-04 00:00:00,65636.4,66377.96,65514.99
2024-04-04 04:00:00,66071.53,66270.72,65081.42
2024-04-04 08:00:00,66341.64,66470.21,66005.63
2024-04-04 12:00:00,67673.99,67991.35,66325.64
2024-04-04 16:00:00,68519.76,69343.32,67562.36
2024-04-04 20:00:00,68523.79,68595.42,67350.08
2024-04-05 00:00:00,67889.2,68772.34,67479.29
2024-04-05 04:00:00,66920.65,68048.15,66418.34
2024-04-05 08:00:00,66479.86,67666.45,66389.26
2024-04-05 12:00:00,68247.67,68611.4,65994.65
2024-04-05 16:00:00,67399.44,68417.93,67312.34
2024-04-05 20:00:00,67860.53,67991.81,67342.18
2024-04-06 00:00:00,67830.08,68081.38,67483.82
2024-04-06 04:00:00,68032.08,68247.08,67649.75
2024-04-06 08:00:00,67690.03,68142.04,67648.6
2024-04-06 12:00:00,68124.96,68286.33,67578.01
2024-04-06 16:00:00,68288.22,68485.06,67965.39
2024-04-06 20:00:00,68913.79,69672.09,68197.73
2024-04-07 00:00:00,69432.61,69786.18,68877.35
2024-04-07 04:00:00,69385.88,69521.53,69104.36
2024-04-07 08:00:00,69380.02,69580.47,69227.16
2024-04-07 12:00:00,69570.12,69882.56,69227.31
2024-04-07 16:00:00,69075.94,70303.08,68915.15
2024-04-07 20:00:00,69357.32,69469.78,68917.29
2024-04-08 00:00:00,69459.01,69818.99,69064.41
2024-04-08 04:00:00,70701.9,70839.02,69292.57
2024-04-08 08:00:00,72374.83,72626.33,70661.56
2024-04-08 12:00:00,71778.61,72750.51,71245.26
2024-04-08 16:00:00,71728.87,72127.71,71315.81
2024-04-08 20:00:00,71629.36,71998.76,71486.8
2024-04-09 00:00:00,71289.02,71748.92,70868.76
2024-04-09 04:00:00,70402.51,71329.92,70214.93
2024-04-09 08:00:00,70787.43,70903.21,69643.47
2024-04-09 12:00:00,69246.51,70958.62,68538.95
2024-04-09 16:00:00,68980.57,69294.26,68213.24
2024-04-09 20:00:00,69129.48,69409.83,68874.33
2024-04-10 00:00:00,69143.85,69575.83,68487.06
2024-04-10 04:00:00,69327.56,69504.53,69010.38
2024-04-10 08:00:00,69041.4,69327.98,68646.82
2024-04-10 12:00:00,68659.72,69197.05,67480.7
2024-04-10 16:00:00,70071.92,70071.92,68578.73
2024-04-10 20:00:00,70628.54,71150.5,69586.23
2024-04-11 00:00:00,70854.02,71053.37,70286.1
2024-04-11 04:00:00,70749.44,71297.81,70394.5
2024-04-11 08:00:00,69996.09,71250.25,69892.91
2024-04-11 12:00:00,70003.03,71083.79,69558.05
2024-04-11 16:00:00,70486.8,70563.13,69586.36
2024-04-11 20:00:00,70026.43,70767.62,69851.75
2024-04-12 00:00:00,71000.78,71013.36,70014.66
2024-04-12 04:00:00,70779.65,71246.69,70589.1
2024-04-12 08:00:00,70889.08,70951.87,70523.34
2024-04-12 12:00:00,69323.9,70953.95,69190.57
2024-04-12 16:00:00,66859.15,69556.6,65257.57
2024-04-12 20:00:00,67158.3,67471.15,66708.61
2024-04-13 00:00:00,67157.32,67169.83,65751.83
2024-04-13 04:00:00,67459.68,68422.6,67037.68
2024-04-13 08:00:00,67373.79,67807.75,67115.96
2024-04-13 12:00:00,67693.25,67938.68,67198.02
2024-04-13 16:00:00,64843.17,67777.4,64042.68
2024-04-13 20:00:00,64021.36,65668.76,61079.47
2024-04-14 00:00:00,63466.63,64376.88,62229.8
2024-04-14 04:00:00,64501.78,64924.13,63423.04
2024-04-14 08:00:00,64220.05,64920.24,63921.71
2024-04-14 12:00:00,64210.52,64870.89,63484.7
2024-04-14 16:00:00,64201.78,64757.5,62622.0
2024-04-14 20:00:00,65765.64,65874.88,63356.17
2024-04-15 00:00:00,65205.37,66057.98,64988.43
2024-04-15 04:00:00,66344.21,66648.67,64754.1
2024-04-15 08:00:00,65934.32,66902.94,65893.06
2024-04-15 12:00:00,64620.2,66486.46,63833.32
2024-04-15 16:00:00,63320.21,64914.5,62328.07
2024-04-15 20:00:00,63447.27,63655.21,62671.88
2024-04-16 00:00:00,62998.5,63918.87,62786.61
2024-04-16 04:00:00,63547.01,63821.97,61739.11
2024-04-16 08:00:00,63115.85,63683.45,61667.72
2024-04-16 12:00:00,61816.81,63451.16,61775.85
2024-04-16 16:00:00,62741.61,63295.71,61724.58
2024-04-16 20:00:00,63824.7,64385.46,62582.98
2024-04-17 00:00:00,63865.67,64328.81,63614.86
2024-04-17 04:00:00,63337.83,64503.77,63306.04
2024-04-17 08:00:00,62642.23,63605.36,62581.96
2024-04-17 12:00:00,60276.07,62989.56,59856.71
2024-04-17 16:00:00,60998.36,61963.24,59682.79
2024-04-17 20:00:00,61283.74,61755.81,60790.33
2024-04-18 00:00:00,61991.43,62219.14,60952.01
2024-04-18 04:00:00,61201.14,62073.41,60829.27
2024-04-18 08:00:00,62633.94,63095.28,60880.53
2024-04-18 12:00:00,63533.61,64181.25,61628.16
2024-04-18 16:00:00,63545.08,63926.55,62363.71
2024-04-18 20:00:00,63511.2,63851.43,63213.52
2024-04-19 00:00:00,61796.68,63513.72,59607.49
2024-04-19 04:00:00,64577.65,65190.94,61776.15
2024-04-19 08:00:00,64928.57,65464.14,64191.81
2024-04-19 12:00:00,64466.05,65491.94,63898.03
2024-04-19 16:00:00,64344.61,64832.64,63533.93
2024-04-19 20:00:00,63848.26,64518.25,62993.71
2024-04-20 00:00:00,63991.05,64243.2,63140.68
2024-04-20 04:00:00,63993.94,64299.21,63859.4
2024-04-20 08:00:00,63732.7,64014.8,63317.76
2024-04-20 12:00:00,64837.1,64979.26,63600.44
2024-04-20 16:00:00,64883.76,65453.07,64495.37
2024-04-20 20:00:00,64979.21,65030.38,64590.57
2024-04-21 00:00:00,65201.94,65724.22,64648.11
2024-04-21 04:00:00,65167.85,65265.6,64892.57
2024-04-21 08:00:00,65262.51,65450.0,64806.33
2024-04-21 12:00:00,65057.52,65385.03,64826.82
2024-04-21 16:00:00,64548.08,65101.79,64271.77
2024-04-21 20:00:00,64955.82,65177.71,64378.78
2024-04-22 00:00:00,65718.43,66071.4,64536.42
2024-04-22 04:00:00,66023.32,66529.55,65540.66
2024-04-22 08:00:00,65915.57,66237.41,65758.38
2024-04-22 12:00:00,66035.04,66514.97,65682.47
2024-04-22 16:00:00,66562.85,66864.82,65963.86
2024-04-22 20:00:00,66854.24,67257.68,66381.75
2024-04-23 00:00:00,66491.36,67211.15,66473.37
2024-04-23 04:00:00,66127.41,66681.78,66072.24
2024-04-23 08:00:00,66073.95,66328.5,65888.52
2024-04-23 12:00:00,66437.97,67168.48,65835.93
2024-04-23 16:00:00,66486.68,66919.59,66388.61
2024-04-23 20:00:00,66415.06,66489.55,65987.04
2024-04-24 00:00:00,66616.83,66890.36,66397.88
2024-04-24 04:00:00,66634.45,67067.52,66562.99
2024-04-24 08:00:00,66577.03,66741.44,66207.81
2024-04-24 12:00:00,64583.72,66735.67,64480.67
2024-04-24 16:00:00,63921.01,65103.92,63733.11
2024-04-24 20:00:00,64263.95,64375.7,63556.97
2024-04-25 00:00:00,64274.65,64714.72,63862.39
2024-04-25 04:00:00,64004.21,64375.74,63776.01
2024-04-25 08:00:00,63835.87,64165.92,63334.55
2024-04-25 12:00:00,64110.66,64248.12,62759.65
2024-04-25 16:00:00,64715.18,64934.92,63953.07
2024-04-25 20:00:00,64488.49,65279.7,64441.04
2024-04-26 00:00:00,64373.7,64662.96,63914.24
2024-04-26 04:00:00,64279.5,64603.01,64024.61
2024-04-26 08:00:00,64229.6,64558.32,64069.12
2024-04-26 12:00:00,63481.12,64795.15,63339.93
2024-04-26 16:00:00,63737.02,64136.62,63307.56
2024-04-26 20:00:00,63750.63,64085.26,63677.62
2024-04-27 00:00:00,63065.13,63904.85,62408.97
2024-04-27 04:00:00,62938.77,63147.12,62796.94
2024-04-27 08:00:00,62830.27,63026.25,62652.34
2024-04-27 12:00:00,62922.12,63383.49,62780.59
2024-04-27 16:00:00,63328.16,63596.32,62723.98
2024-04-27 20:00:00,63434.44,63523.95,63132.78
2024-04-28 00:00:00,64015.68,64335.08,63432.36
2024-04-28 04:00:00,63900.13,64035.83,63783.63
2024-04-28 08:00:00,63459.25,63955.44,63348.21
2024-04-28 12:00:00,63526.76,63834.54,63402.19
2024-04-28 16:00:00,63711.94,63955.23,63476.85
2024-04-28 20:00:00,63111.34,63727.4,62769.01
2024-04-29 00:00:00,62277.31,63342.47,62209.05
2024-04-29 04:00:00,62396.01,62632.54,61940.46
2024-04-29 08:00:00,62252.67,62675.39,62175.9
2024-04-29 12:00:00,63043.69,63103.92,61768.51
2024-04-29 16:00:00,62966.08,63217.14,62528.58
2024-04-29 20:00:00,63847.54,64192.54,62815.43
2024-04-30 00:00:00,63634.38,64721.13,63108.46
2024-04-30 04:00:00,63149.29,63692.66,63077.36
2024-04-30 08:00:00,61196.73,63241.87,61016.19
2024-04-30 12:00:00,60748.18,61522.23,60521.63
2024-04-30 16:00:00,59146.93,60848.18,59097.29
2024-04-30 20:00:00,60633.97,60974.62,59135.58
2024-05-01 00:00:00,60186.67,60788.52,59532.75
2024-05-01 04:00:00,57450.22,60288.27,57076.19
2024-05-01 08:00:00,57840.9,57847.21,56516.09
2024-05-01 12:00:00,56817.62,58231.32,56623.09
2024-05-01 16:00:00,56897.76,59411.2,56590.23
2024-05-01 20:00:00,58277.44,58479.43,56712.06
2024-05-02 00:00:00,57392.26,58526.39,56936.28
2024-05-02 04:00:00,57643.9,57891.43,57174.04
2024-05-02 08:00:00,58548.8,58668.58,57566.49
2024-05-02 12:00:00,59280.48,59468.56,58239.45
2024-05-02 16:00:00,59375.64,59589.15,58967.72
2024-05-02 20:00:00,59083.85,59628.08,58667.59
2024-05-03 00:00:00,59747.96,60016.19,58835.76
2024-05-03 04:00:00,59185.72,59858.48,59078.38
2024-05-03 08:00:00,59293.56,59575.76,58870.57
2024-05-03 12:00:00,61713.05,62137.85,59004.17
2024-05-03 16:00:00,62099.59,62194.39,61578.7
2024-05-03 20:00:00,62917.45,63355.83,62010.61
2024-05-04 00:00:00,62739.08,63603.51,62587.84
2024-05-04 04:00:00,62993.32,63479.78,62709.81
2024-05-04 08:00:00,63890.81,64539.14,62960.81
2024-05-04 12:00:00,63631.96,64171.2,63477.98
2024-05-04 16:00:00,63934.16,64023.18,63364.11
2024-05-04 20:00:00,63904.51,64201.7,63575.39
2024-05-05 00:00:00,63252.15,64190.93,62923.47
2024-05-05 04:00:00,63754.55,63959.75,63157.37
2024-05-05 08:00:00,63866.25,63943.01,63575.73
2024-05-05 12:00:00,64434.28,64634.43,63650.7
2024-05-05 16:00:00,63894.43,64548.64,63861.39
2024-05-05 20:00:00,64037.5,64241.36,63601.55
2024-05-06 00:00:00,63887.56,64491.12,63734.68
2024-05-06 04:00:00,64557.87,64580.55,63790.81
2024-05-06 08:00:00,64220.44,65517.33,63853.96
2024-05-06 12:00:00,63651.29,64332.21,62937.92
2024-05-06 16:00:00,63205.34,63749.55,62715.9
2024-05-06 20:00:00,63168.44,63603.62,63041.94
2024-05-07 00:00:00,63246.07,63956.02,62857.83
2024-05-07 04:00:00,63686.82,63850.26,63099.87
2024-05-07 08:00:00,63499.58,64403.15,63382.34
2024-05-07 12:00:00,63736.7,64320.23,63095.58
2024-05-07 16:00:00,63054.09,63897.13,62802.25
2024-05-07 20:00:00,62323.36,63181.85,62274.09
2024-05-08 00:00:00,62884.48,62953.18,62124.16
2024-05-08 04:00:00,62206.51,63004.6,62087.14
2024-05-08 08:00:00,62247.69,62513.6,62058.17
2024-05-08 12:00:00,62264.05,62815.03,61779.26
2024-05-08 16:00:00,62158.52,62752.29,61955.45
2024-05-08 20:00:00,61179.81,62220.92,60867.52
2024-05-09 00:00:00,61660.05,61773.82,61130.43
2024-05-09 04:00:00,61234.68,61752.31,61123.68
2024-05-09 08:00:00,61039.3,61418.12,60623.94
2024-05-09 12:00:00,62143.8,62261.72,60869.36
2024-05-09 16:00:00,62453.83,62669.45,61749.74
2024-05-09 20:00:00,63077.18,63429.98,62351.55
2024-05-10 00:00:00,62916.46,63093.4,62666.92
2024-05-10 04:00:00,63083.79,63371.43,62673.39
2024-05-10 08:00:00,63294.54,63315.93,62802.62
2024-05-10 12:00:00,60911.95,63469.13,60688.62
2024-05-10 16:00:00,60659.09,61274.63,60181.24
2024-05-10 20:00:00,60790.82,60997.97,60437.76
2024-05-11 00:00:00,60724.28,61075.64,60643.84
2024-05-11 04:00:00,61003.35,61061.46,60705.23
2024-05-11 08:00:00,60670.11,61047.48,60474.73
2024-05-11 12:00:00,61165.27,61489.54,60625.82
2024-05-11 16:00:00,61131.61,61394.44,61009.05
2024-05-11 20:00:00,60823.19,61143.81,60765.78
2024-05-12 00:00:00,60915.62,61080.71,60797.15
2024-05-12 04:00:00,60802.55,61097.46,60600.9
2024-05-12 08:00:00,61123.88,61342.58,60770.22
2024-05-12 12:00:00,61400.04,61533.45,61064.61
2024-05-12 16:00:00,61398.97,61838.51,61170.91
2024-05-12 20:00:00,61459.22,61519.4,60914.13
2024-05-13 00:00:00,61153.16,61772.31,60758.38
2024-05-13 04:00:00,62327.52,62434.11,60795.1
2024-05-13 08:00:00,62714.71,63262.04,62324.24
2024-05-13 12:00:00,63003.58,63193.14,62412.67
2024-05-13 16:00:00,63176.11,63445.72,62558.49
2024-05-13 20:00:00,62932.29,63190.69,62716.0
2024-05-14 00:00:00,62419.36,63097.07,61957.77
2024-05-14 04:00:00,61989.22,62707.18,61383.6
2024-05-14 08:00:00,61760.5,61993.84,61492.32
2024-05-14 12:00:00,61754.8,62265.33,61094.77
2024-05-14 16:00:00,61553.09,61784.75,61112.69
2024-05-14 20:00:00,61548.48,61755.35,61452.54
2024-05-15 00:00:00,61930.97,61999.26,61325.48
2024-05-15 04:00:00,62189.88,62265.19,61806.13
2024-05-15 08:00:00,62467.26,62981.55,61934.07
2024-05-15 12:00:00,64740.9,65095.95,62424.48
2024-05-15 16:00:00,66075.69,66467.29,64740.83
2024-05-15 20:00:00,66245.16,66464.68,65801.3
2024-05-16 00:00:00,65997.57,66681.79,65792.58
2024-05-16 04:00:00,66181.53,66296.34,65677.68
2024-05-16 08:00:00,66531.48,66590.08,66040.19
2024-05-16 12:00:00,65840.13,66760.54,65389.5
2024-05-16 16:00:00,65184.6,65843.07,64600.05
2024-05-16 20:00:00,65250.53,65512.06,65058.8
2024-05-17 00:00:00,65600.37,65875.55,65120.39
2024-05-17 04:00:00,66414.62,66490.6,65384.95
2024-05-17 08:00:00,66230.18,66570.49,66083.1
2024-05-17 12:00:00,67237.28,67489.24,65843.05
2024-05-17 16:00:00,67097.42,67344.39,66263.44
2024-05-17 20:00:00,67051.35,67098.33,66715.56
2024-05-18 00:00:00,66979.17,67107.54,66775.58
2024-05-18 04:00:00,66922.83,67249.92,66768.97
2024-05-18 08:00:00,67217.2,67397.7,66881.52
2024-05-18 12:00:00,66842.61,67258.15,66633.01
2024-05-18 16:00:00,66933.66,67009.93,66738.42
2024-05-18 20:00:00,66927.56,67059.2,66829.56
2024-05-19 00:00:00,67171.56,67292.85,66856.67
2024-05-19 04:00:00,67332.16,67339.45,66944.96
2024-05-19 08:00:00,67339.44,67696.21,66979.56
2024-05-19 12:00:00,66904.74,67340.2,66700.24
2024-05-19 16:00:00,66042.26,67002.77,65878.18
2024-05-19 20:00:00,66268.25,66449.06,66008.18
2024-05-20 00:00:00,66675.69,66757.21,66071.74
2024-05-20 04:00:00,66829.06,67291.72,66309.36
2024-05-20 08:00:00,67002.98,67344.84,66751.61
2024-05-20 12:00:00,67428.45,67504.58,66765.02
2024-05-20 16:00:00,70058.74,70111.86,67402.82
2024-05-20 20:00:00,71430.23,71546.4,68937.93
2024-05-21 00:00:00,71287.28,71964.79,70708.15
2024-05-21 04:00:00,70866.71,71387.31,70820.48
2024-05-21 08:00:00,71113.89,71436.39,70840.4
2024-05-21 12:00:00,69788.72,71434.85,69659.23
2024-05-21 16:00:00,69284.2,70234.3,69158.99
2024-05-21 20:00:00,70141.17,70375.47,69237.91
2024-05-22 00:00:00,69941.53,70357.53,69813.91
2024-05-22 04:00:00,69708.52,70049.79,69213.03
2024-05-22 08:00:00,69741.14,70268.42,69639.25
2024-05-22 12:00:00,70435.78,70564.6,69429.4
2024-05-22 16:00:00,69626.76,70643.89,69245.7
2024-05-22 20:00:00,69123.56,69960.74,68952.24
2024-05-23 00:00:00,69410.21,69571.38,69123.55
2024-05-23 04:00:00,69708.69,69893.28,69307.12
2024-05-23 08:00:00,69953.32,70020.97,69506.72
2024-05-23 12:00:00,68025.69,70037.76,67582.32
2024-05-23 16:00:00,67113.56,68123.08,66715.86
2024-05-23 20:00:00,67946.35,68287.22,66370.0
2024-05-24 00:00:00,67853.02,67990.72,67613.72
2024-05-24 04:00:00,67150.01,67885.65,66836.39
2024-05-24 08:00:00,67319.79,67492.86,66613.35
2024-05-24 12:00:00,68311.52,68384.29,66903.31
2024-05-24 16:00:00,69141.86,69264.17,67927.71
2024-05-24 20:00:00,68548.33,69222.23,68233.31
2024-05-25 00:00:00,68735.21,68885.62,68498.87
2024-05-25 04:00:00,68741.09,68802.23,68606.91
2024-05-25 08:00:00,69102.66,69599.81,68735.43
2024-05-25 12:00:00,68937.44,69295.73,68856.21
2024-05-25 16:00:00,69156.18,69253.23,68865.66
2024-05-25 20:00:00,69288.95,69352.17,69050.44
2024-05-26 00:00:00,69065.85,69312.16,68827.25
2024-05-26 04:00:00,69315.69,69405.34,68922.85
2024-05-26 08:00:00,69107.24,69511.53,68973.63
2024-05-26 12:00:00,68824.9,69345.27,68664.54
2024-05-26 16:00:00,68866.68,68935.53,68683.79
2024-05-26 20:00:00,68488.29,68871.32,68156.05
2024-05-27 00:00:00,68845.53,69264.52,68456.71
2024-05-27 04:00:00,68613.54,68867.87,68306.64
2024-05-27 08:00:00,68399.47,68878.93,68227.32
2024-05-27 12:00:00,70323.35,70458.54,68347.62
2024-05-27 16:00:00,69212.86,70613.89,69034.39
2024-05-27 20:00:00,69386.83,69823.91,69132.34
2024-05-28 00:00:00,68021.13,69533.54,67741.31
2024-05-28 04:00:00,67640.07,68095.28,67449.53
2024-05-28 08:00:00,68332.43,68819.29,67542.2
2024-05-28 12:00:00,68311.99,68494.26,67479.65
2024-05-28 16:00:00,68355.37,68546.39,67206.37
2024-05-28 20:00:00,68330.84,68605.34,68054.63
2024-05-29 00:00:00,68756.05,68858.38,68207.99
2024-05-29 04:00:00,67890.76,68851.32,67888.51
2024-05-29 08:00:00,67706.28,67968.34,67554.8
2024-05-29 12:00:00,67335.18,68212.17,67265.3
2024-05-29 16:00:00,67197.89,67683.2,67099.54
2024-05-29 20:00:00,67576.81,67746.36,67099.33
2024-05-30 00:00:00,68055.19,68122.84,67423.87
2024-05-30 04:00:00,67563.78,68349.13,67509.31
2024-05-30 08:00:00,67770.22,68064.43,67107.22
2024-05-30 12:00:00,68515.99,68802.3,67715.1
2024-05-30 16:00:00,68663.82,69520.94,68375.52
2024-05-30 20:00:00,68346.19,68666.65,68057.25
2024-05-31 00:00:00,68521.05,68705.93,68266.96
2024-05-31 04:00:00,68167.77,68632.63,68075.17
2024-05-31 08:00:00,68318.67,68413.94,67866.3
2024-05-31 12:00:00,67155.42,69012.82,67142.28
2024-05-31 16:00:00,67578.25,67910.7,66605.09
2024-05-31 20:00:00,67482.25,67710.33,67167.05
2024-06-01 00:00:00,67668.9,67710.03,67383.55
2024-06-01 04:00:00,67582.14,67752.0,67522.72
2024-06-01 08:00:00,67612.55,67693.62,67559.18
2024-06-01 12:00:00,67635.98,67816.46,67590.92
2024-06-01 16:00:00,67703.66,67788.08,67521.62
2024-06-01 20:00:00,67721.6,67831.31,67656.27
2024-06-02 00:00:00,67737.74,67859.88,67597.12
2024-06-02 04:00:00,67680.42,67816.57,67674.19
2024-06-02 08:00:00,68204.81,68260.14,67338.83
2024-06-02 12:00:00,68098.21,68409.58,67761.0
2024-06-02 16:00:00,67712.8,68166.41,67279.96
2024-06-02 20:00:00,67738.74,67951.1,67549.14
2024-06-03 00:00:00,68359.89,68742.08,67584.62
2024-06-03 04:00:00,68876.81,69177.53,68261.38
2024-06-03 08:00:00,69070.1,69313.97,68845.79
2024-06-03 12:00:00,69599.96,70283.97,68558.63
2024-06-03 16:00:00,69200.93,69698.74,68794.33
2024-06-03 20:00:00,68799.6,69485.07,68729.21
2024-06-04 00:00:00,69145.38,69342.16,68653.86
2024-06-04 04:00:00,68997.63,69252.3,68741.57
2024-06-04 08:00:00,68932.87,69168.86,68553.54
2024-06-04 12:00:00,70461.74,70529.59,68838.51
2024-06-04 16:00:00,70447.98,71090.99,70092.66
2024-06-04 20:00:00,70548.51,70749.69,70178.71
2024-06-05 00:00:00,70958.93,71292.85,70435.41
2024-06-05 04:00:00,71197.2,71358.38,70843.08
2024-06-05 08:00:00,70959.52,71226.92,70702.4
2024-06-05 12:00:00,71607.88,71754.94,70371.34
2024-06-05 16:00:00,71303.89,71782.2,70815.55
2024-06-05 20:00:00,71117.68,71372.37,70776.26
2024-06-06 00:00:00,71061.82,71242.33,70908.6
2024-06-06 04:00:00,71023.11,71113.1,70815.78
2024-06-06 08:00:00,71153.8,71166.44,70882.43
2024-06-06 12:00:00,71283.56,71642.27,70979.63
2024-06-06 16:00:00,70465.52,71365.26,70444.53
2024-06-06 20:00:00,70772.35,70931.87,70113.83
2024-06-07 00:00:00,70981.63,70999.48,70655.01
2024-06-07 04:00:00,71077.97,71435.7,70981.02
2024-06-07 08:00:00,71676.22,71676.33,71009.11
2024-06-07 12:00:00,71060.97,71943.4,70599.04
2024-06-07 16:00:00,69223.93,71174.23,68439.15
2024-06-07 20:00:00,69330.51,69503.89,68957.98
2024-06-08 00:00:00,69406.24,69492.96,69271.8
2024-06-08 04:00:00,69547.0,69547.0,69213.28
2024-06-08 08:00:00,69345.03,69547.91,69302.36
2024-06-08 12:00:00,69423.89,69480.06,69152.66
2024-06-08 16:00:00,69453.3,69486.68,69299.98
2024-06-08 20:00:00,69303.58,69473.37,69281.44
2024-06-09 00:00:00,69257.99,69336.91,69131.01
2024-06-09 04:00:00,69290.29,69416.93,69239.28
2024-06-09 08:00:00,69365.08,69386.92,69275.61
2024-06-09 12:00:00,69512.75,69764.77,69268.31
2024-06-09 16:00:00,69709.83,69837.26,69498.14
2024-06-09 20:00:00,69639.42,69805.92,69585.32
2024-06-10 00:00:00,69603.45,69774.95,69423.1
2024-06-10 04:00:00,69286.84,69656.15,69248.43
2024-06-10 08:00:00,69450.22,69519.23,69166.61
2024-06-10 12:00:00,70046.68,70172.0,69206.25
2024-06-10 16:00:00,69486.66,70110.61,69375.24
2024-06-10 20:00:00,69505.57,69671.5,69320.36
2024-06-11 00:00:00,68424.47,69550.65,67884.68
2024-06-11 04:00:00,67531.92,68427.05,67314.17
2024-06-11 08:00:00,66829.02,67620.3,66704.52
2024-06-11 12:00:00,66203.61,67239.91,66054.78
2024-06-11 16:00:00,67398.16,67589.19,66136.7
2024-06-11 20:00:00,67319.41,67580.89,67182.25
2024-06-12 00:00:00,67394.56,67582.36,66896.79
2024-06-12 04:00:00,67438.98,67577.22,67185.04
2024-06-12 08:00:00,67768.99,68032.43,67342.53
2024-06-12 12:00:00,69745.03,70021.47,67729.44
2024-06-12 16:00:00,67526.6,69865.12,67228.89
2024-06-12 20:00:00,68247.0,68632.01,67420.68
2024-06-13 00:00:00,67447.64,68374.41,66978.73
2024-06-13 04:00:00,67716.46,67723.26,67314.44
2024-06-13 08:00:00,67740.46,67969.2,67169.05
2024-06-13 12:00:00,66430.54,68428.43,66329.32
2024-06-13 16:00:00,66567.7,67043.25,66224.61
2024-06-13 20:00:00,66742.54,66954.1,66501.91
2024-06-14 00:00:00,66712.29,66983.07,66459.69
2024-06-14 04:00:00,66869.31,67166.81,66676.56
2024-06-14 08:00:00,66993.56,67201.51,66718.88
2024-06-14 12:00:00,66347.87,67317.79,66305.99
2024-06-14 16:00:00,65477.73,66475.47,65026.62
2024-06-14 20:00:00,66006.13,66573.74,65440.89
2024-06-15 00:00:00,66223.95,66251.27,65944.75
2024-06-15 04:00:00,66031.89,66366.17,66015.82
2024-06-15 08:00:00,66271.78,66297.01,66030.85
2024-06-15 12:00:00,66277.93,66419.48,66130.51
2024-06-15 16:00:00,66121.88,66323.71,66034.39
2024-06-15 20:00:00,66188.81,66248.63,65832.26
2024-06-16 00:00:00,66099.28,66225.8,66034.11
2024-06-16 04:00:00,66227.93,66312.28,66012.05
2024-06-16 08:00:00,66451.26,66717.83,66144.25
2024-06-16 12:00:00,66667.01,66747.06,66432.86
2024-06-16 16:00:00,66504.13,66702.64,66476.56
2024-06-16 20:00:00,66631.59,66916.83,66411.5
2024-06-17 00:00:00,66188.64,66866.33,66118.61
2024-06-17 04:00:00,66144.8,66518.1,65911.93
2024-06-17 08:00:00,65761.57,66276.54,65517.83
2024-06-17 12:00:00,65331.67,65772.21,65062.53
2024-06-17 16:00:00,66647.25,67264.71,65142.38
2024-06-17 20:00:00,66481.73,66728.6,66139.47
2024-06-18 00:00:00,65499.16,66570.67,64589.95
2024-06-18 04:00:00,65669.24,65840.79,65347.72
2024-06-18 08:00:00,65358.17,65767.49,65114.39
2024-06-18 12:00:00,64669.4,65423.39,64252.41
2024-06-18 16:00:00,64379.12,64875.53,64033.69
2024-06-18 20:00:00,65158.02,65273.09,64160.05
2024-06-19 00:00:00,65392.77,65579.5,64795.02
2024-06-19 04:00:00,65317.78,65708.56,65177.55
2024-06-19 08:00:00,65187.46,65502.54,64991.44
2024-06-19 12:00:00,64893.01,65285.43,64735.97
2024-06-19 16:00:00,64863.12,65251.04,64775.57
2024-06-19 20:00:00,64950.82,65072.19,64656.84
2024-06-20 00:00:00,65175.87,65380.16,64816.76
2024-06-20 04:00:00,65845.35,65947.83,65071.75
2024-06-20 08:00:00,66150.99,66462.52,65567.38
2024-06-20 12:00:00,64789.16,66276.31,64633.53
2024-06-20 16:00:00,65010.45,65161.51,64527.9
2024-06-20 20:00:00,64847.89,65150.71,64830.4
2024-06-21 00:00:00,64483.75,65018.39,64341.98
2024-06-21 04:00:00,64186.75,64713.06,64178.72
2024-06-21 08:00:00,63729.51,64342.73,63504.23
2024-06-21 12:00:00,63685.13,64317.91,63350.87
2024-06-21 16:00:00,64197.77,64216.22,63411.75
2024-06-21 20:00:00,64119.34,64416.04,63815.13
2024-06-22 00:00:00,64293.51,64308.24,63924.68
2024-06-22 04:00:00,64479.14,64500.0,64218.0
2024-06-22 08:00:00,64236.78,64497.45,64192.06
2024-06-22 12:00:00,64283.97,64371.6,64230.16
2024-06-22 16:00:00,64283.15,64339.94,64217.38
2024-06-22 20:00:00,64250.18,64315.32,64232.77
2024-06-23 00:00:00,64407.69,64504.84,64250.11
2024-06-23 04:00:00,64395.26,64414.9,64334.16
2024-06-23 08:00:00,64318.5,64412.66,64241.75
2024-06-23 12:00:00,64071.81,64404.04,64051.31
2024-06-23 16:00:00,64117.35,64151.52,63904.46
2024-06-23 20:00:00,63181.02,64125.81,63154.88
2024-06-24 00:00:00,62832.33,63335.53,62680.36
2024-06-24 04:00:00,62428.6,62915.69,62136.52
2024-06-24 08:00:00,61264.27,62932.07,60596.9
2024-06-24 12:00:00,60811.69,61673.15,60660.74
2024-06-24 16:00:00,59281.31,61007.14,59026.41
2024-06-24 20:00:00,60270.95,60399.17,58443.98
2024-06-25 00:00:00,61290.63,61587.21,60232.04
2024-06-25 04:00:00,60648.84,61394.7,60602.09
2024-06-25 08:00:00,61158.46,61529.02,60642.82
2024-06-25 12:00:00,61808.68,62113.02,60950.28
2024-06-25 16:00:00,61978.05,62385.37,61135.88
2024-06-25 20:00:00,61796.56,62158.26,61658.03
2024-06-26 00:00:00,61924.63,62471.55,61641.04
2024-06-26 04:00:00,61715.96,61980.48,61516.16
2024-06-26 08:00:00,61430.03,61744.96,61154.5
2024-06-26 12:00:00,61458.04,61971.07,61180.53
2024-06-26 16:00:00,60956.45,61540.51,60684.69
2024-06-26 20:00:00,60824.43,61098.06,60687.6
2024-06-27 00:00:00,60996.9,61238.38,60733.48
2024-06-27 04:00:00,60737.47,61144.94,60562.27
2024-06-27 08:00:00,61131.96,61383.83,60678.91
2024-06-27 12:00:00,61526.47,62341.3,61094.15
2024-06-27 16:00:00,61372.18,61970.31,61335.92
2024-06-27 20:00:00,61630.1,61633.78,61290.32
2024-06-28 00:00:00,61779.75,62168.03,61429.03
2024-06-28 04:00:00,61276.78,61786.65,61178.68
2024-06-28 08:00:00,61619.94,61719.24,61151.66
2024-06-28 12:00:00,60967.51,61800.89,60661.54
2024-06-28 16:00:00,59977.75,61016.7,59939.05
2024-06-28 20:00:00,60324.3,60346.18,59907.92
2024-06-29 00:00:00,60663.7,60899.18,60294.22
2024-06-29 04:00:00,60954.03,61038.83,60614.92
2024-06-29 08:00:00,61007.84,61129.31,60808.05
2024-06-29 12:00:00,61019.39,61086.88,60869.22
2024-06-29 16:00:00,60967.2,61040.42,60839.73
2024-06-29 20:00:00,60905.3,61013.46,60785.95
2024-06-30 00:00:00,60824.22,60998.94,60687.04
2024-06-30 04:00:00,61440.09,61689.04,60637.5
2024-06-30 08:00:00,61461.08,61600.31,61270.16
2024-06-30 12:00:00,61625.97,61744.91,61260.63
2024-06-30 16:00:00,61944.36,62013.86,61492.74
2024-06-30 20:00:00,62685.88,62949.76,61763.94
2024-07-01 00:00:00,63372.55,63733.35,62495.72
2024-07-01 04:00:00,63223.72,63407.72,63171.89
2024-07-01 08:00:00,62593.41,63253.27,62528.24
2024-07-01 12:00:00,63047.17,63068.12,62462.2
2024-07-01 16:00:00,63179.18,63800.98,62891.45
2024-07-01 20:00:00,62841.27,63358.03,62752.97
2024-07-02 00:00:00,63073.4,63219.74,62723.21
2024-07-02 04:00:00,62539.82,63175.28,62496.6
2024-07-02 08:00:00,62737.44,62770.11,62345.09
2024-07-02 12:00:00,61870.31,63075.3,61762.52
2024-07-02 16:00:00,61835.15,62292.65,61737.94
2024-07-02 20:00:00,62044.48,62089.72,61453.08
2024-07-03 00:00:00,60900.54,62198.73,60554.24
2024-07-03 04:00:00,60785.53,61095.36,60727.1
2024-07-03 08:00:00,60307.52,60895.01,59535.51
2024-07-03 12:00:00,60102.12,60591.77,59666.75
2024-07-03 16:00:00,59607.34,60585.03,59595.59
2024-07-03 20:00:00,60157.2,60308.21,59373.07
2024-07-04 00:00:00,59069.71,60428.43,57880.45
2024-07-04 04:00:00,58180.01,59110.88,58063.06
2024-07-04 08:00:00,57722.46,58450.6,56945.86
2024-07-04 12:00:00,58102.11,58295.44,56728.63
2024-07-04 16:00:00,58256.39,58625.62,57723.02
2024-07-04 20:00:00,57041.11,58749.61,56911.74
2024-07-05 00:00:00,55215.43,57494.97,55016.72
2024-07-05 04:00:00,54389.23,55341.84,53528.09
2024-07-05 08:00:00,55476.95,55642.24,53900.75
2024-07-05 12:00:00,56685.8,56691.88,54843.6
2024-07-05 16:00:00,56467.55,57031.23,55841.11
2024-07-05 20:00:00,56646.24,56871.15,56332.07
2024-07-06 00:00:00,56417.83,57000.09,56209.26
2024-07-06 04:00:00,56613.79,56676.5,56035.03
2024-07-06 08:00:00,56751.85,56883.49,56458.67
2024-07-06 12:00:00,57328.2,57444.71,56524.1
2024-07-06 16:00:00,57871.32,58117.22,57205.89
2024-07-06 20:00:00,58255.65,58495.08,57787.23
2024-07-07 00:00:00,57975.42,58452.39,57862.44
2024-07-07 04:00:00,57380.86,58010.88,57095.7
2024-07-07 08:00:00,57453.89,57914.61,57357.13
2024-07-07 12:00:00,56833.84,57614.62,56577.06
2024-07-07 16:00:00,57155.78,57389.33,56756.57
2024-07-07 20:00:00,55866.6,57318.33,55734.13
2024-07-08 00:00:00,55172.47,56025.29,54305.08
2024-07-08 04:00:00,55866.7,55908.59,54971.59
2024-07-08 08:00:00,57144.83,58166.93,55760.94
2024-07-08 12:00:00,55752.06,57587.49,54967.38
2024-07-08 16:00:00,56488.41,56554.27,55426.51
2024-07-08 20:00:00,56709.76,56959.71,56201.88
2024-07-09 00:00:00,57159.61,57333.56,56296.1
2024-07-09 04:00:00,57110.86,57753.36,57019.69
2024-07-09 08:00:00,57437.02,57877.1,57020.38
2024-07-09 12:00:00,57481.66,58117.9,56929.01
2024-07-09 16:00:00,57869.61,58289.53,57384.03
2024-07-09 20:00:00,58047.2,58262.09,57711.17
2024-07-10 00:00:00,58189.3,58205.1,57359.42
2024-07-10 04:00:00,58986.21,59463.57,58187.13
2024-07-10 08:00:00,58486.99,59040.82,58323.76
2024-07-10 12:00:00,57700.0,58559.94,57492.31
2024-07-10 16:00:00,57388.55,58014.28,57356.58
2024-07-10 20:00:00,57725.78,57866.38,57165.19
2024-07-11 00:00:00,57561.61,58371.54,57072.63
2024-07-11 04:00:00,58192.9,58302.3,57488.03
2024-07-11 08:00:00,58780.84,58893.71,58054.61
2024-07-11 12:00:00,57405.85,59494.11,57285.83
2024-07-11 16:00:00,57395.28,57998.97,57199.99
2024-07-11 20:00:00,57348.75,57624.01,57170.34
2024-07-12 00:00:00,56923.82,57572.1,56554.34
2024-07-12 04:00:00,57114.35,57410.14,56736.15
2024-07-12 08:00:00,57225.69,57331.47,56784.27
2024-07-12 12:00:00,58222.25,58288.56,57129.75
2024-07-12 16:00:00,57615.88,58543.78,57534.05
2024-07-12 20:00:00,57913.68,57929.04,57172.71
2024-07-13 00:00:00,57837.8,58004.99,57787.46
2024-07-13 04:00:00,58179.67,58225.66,57784.15
2024-07-13 08:00:00,58547.69,58797.13,57940.17
2024-07-13 12:00:00,58857.06,58891.07,58454.04
2024-07-13 16:00:00,58645.79,58979.81,58594.12
2024-07-13 20:00:00,59231.06,59866.89,58318.3
2024-07-14 00:00:00,59495.24,59855.66,59222.6
2024-07-14 04:00:00,60095.52,60346.53,59451.24
2024-07-14 08:00:00,60134.16,60421.45,59944.93
2024-07-14 12:00:00,60107.49,60232.17,59509.19
2024-07-14 16:00:00,59938.81,60202.92,59921.09
2024-07-14 20:00:00,60818.77,61424.95,59909.31
2024-07-15 00:00:00,62688.55,62832.03,60688.12
2024-07-15 04:00:00,62883.7,63112.66,62475.87
2024-07-15 08:00:00,62478.76,63265.84,62328.14
2024-07-15 12:00:00,63068.8,63368.0,62470.09
2024-07-15 16:00:00,63428.57,63896.77,62905.27
2024-07-15 20:00:00,64765.55,64936.75,63328.53
2024-07-16 00:00:00,64791.84,64996.63,64477.35
2024-07-16 04:00:00,62943.35,65019.61,62775.18
2024-07-16 08:00:00,63782.1,63891.07,62434.72
2024-07-16 12:00:00,64906.62,64990.79,63109.67
2024-07-16 16:00:00,65208.2,65237.87,64158.55
2024-07-16 20:00:00,65087.61,65399.48,64181.22
2024-07-17 00:00:00,65740.23,66131.67,64988.54
2024-07-17 04:00:00,65286.54,66025.71,65249.92
2024-07-17 08:00:00,64735.67,65529.48,64588.74
2024-07-17 12:00:00,64754.47,65421.98,64572.57
2024-07-17 16:00:00,64587.39,64790.68,63872.53
2024-07-17 20:00:00,64096.64,64682.28,64076.27
2024-07-18 00:00:00,64859.37,65071.54,63911.97
2024-07-18 04:00:00,64686.04,65057.43,64409.01
2024-07-18 08:00:00,64765.64,64965.84,64457.37
2024-07-18 12:00:00,63539.99,65118.55,63408.01
2024-07-18 16:00:00,63545.86,63951.4,63235.08
2024-07-18 20:00:00,63981.43,64112.03,63434.01
2024-07-19 00:00:00,64318.7,64363.41,63305.25
2024-07-19 04:00:00,63706.89,64470.38,63618.86
2024-07-19 08:00:00,64104.95,64170.09,63414.72
2024-07-19 12:00:00,65848.91,65904.89,64042.23
2024-07-19 16:00:00,67218.25,67468.45,65843.27
2024-07-19 20:00:00,66708.49,67395.85,66671.93
2024-07-20 00:00:00,66649.68,66871.7,66291.51
2024-07-20 04:00:00,66609.37,66793.41,66478.22
2024-07-20 08:00:00,66523.16,66767.12,66512.73
2024-07-20 12:00:00,66850.1,66857.46,66337.09
2024-07-20 16:00:00,67266.98,67626.82,66721.65
2024-07-20 20:00:00,67163.86,67467.17,66850.08
2024-07-21 00:00:00,67202.72,67435.95,66999.38
2024-07-21 04:00:00,66725.31,67253.96,66630.86
2024-07-21 08:00:00,66899.36,67081.25,66701.4
2024-07-21 12:00:00,67197.12,67529.54,66653.11
2024-07-21 16:00:00,67452.9,67734.62,65840.58
2024-07-21 20:00:00,68176.98,68370.58,67312.01
2024-07-22 00:00:00,67896.75,68490.59,67770.44
2024-07-22 04:00:00,67257.92,68015.12,67160.68
2024-07-22 08:00:00,67531.62,67597.34,66970.18
2024-07-22 12:00:00,67079.9,67994.23,66594.51
2024-07-22 16:00:00,68258.89,68303.83,66839.3
2024-07-22 20:00:00,67567.71,68294.09,67295.39
2024-07-23 00:00:00,67493.22,67774.86,67235.72
2024-07-23 04:00:00,66576.73,67546.08,66265.14
2024-07-23 08:00:00,66690.01,67166.52,66467.05
2024-07-23 12:00:00,66606.59,67362.09,65976.09
2024-07-23 16:00:00,65538.56,66781.7,65465.88
2024-07-23 20:00:00,65939.83,66048.7,65492.09
2024-07-24 00:00:00,66052.35,66127.22,65484.05
2024-07-24 04:00:00,66068.21,66072.84,65630.31
2024-07-24 08:00:00,66380.62,66605.1,66007.95
2024-07-24 12:00:00,66196.66,67120.99,66121.05
2024-07-24 16:00:00,65661.76,66718.77,65579.15
2024-07-24 20:00:00,65375.53,66068.88,65112.45
2024-07-25 00:00:00,64090.66,65615.93,63863.99
2024-07-25 04:00:00,64119.4,64381.0,63796.08
2024-07-25 08:00:00,64092.15,64461.09,63868.44
2024-07-25 12:00:00,64761.54,65009.0,63429.11
2024-07-25 16:00:00,64685.48,65164.26,64387.76
2024-07-25 20:00:00,65794.0,66154.31,64421.76
2024-07-26 00:00:00,67038.31,67472.65,65734.24
2024-07-26 04:00:00,66907.26,67181.89,66862.09
2024-07-26 08:00:00,67317.89,67482.16,66905.55
2024-07-26 12:00:00,67572.37,68004.28,66903.37
2024-07-26 16:00:00,68007.91,68157.2,67319.18
2024-07-26 20:00:00,67925.17,68219.43,67435.41
2024-07-27 00:00:00,67812.62,68078.72,67662.61
2024-07-27 04:00:00,68064.01,68302.17,67798.47
2024-07-27 08:00:00,68234.88,68277.51,67921.3
2024-07-27 12:00:00,68869.84,69416.52,68221.97
2024-07-27 16:00:00,68273.37,69012.32,67835.38
2024-07-27 20:00:00,67904.55,69092.18,66675.48
2024-07-28 00:00:00,67946.6,68281.16,67319.29
2024-07-28 04:00:00,67552.15,68035.68,67054.94
2024-07-28 08:00:00,67848.81,67992.2,67237.37
2024-07-28 12:00:00,67655.0,68112.13,67594.77
2024-07-28 16:00:00,68127.47,68306.74,67627.99
2024-07-28 20:00:00,68252.75,68275.26,67822.97
2024-07-29 00:00:00,69353.86,69787.39,68173.0
2024-07-29 04:00:00,69533.57,69857.46,69270.18
2024-07-29 08:00:00,69587.28,69843.9,69383.36
2024-07-29 12:00:00,68086.1,70027.05,67667.63
2024-07-29 16:00:00,67300.34,68098.89,66436.99
2024-07-29 20:00:00,66782.78,67545.84,66603.57
2024-07-30 00:00:00,66606.46,66868.16,65874.35
2024-07-30 04:00:00,66935.51,66989.18,66324.35
2024-07-30 08:00:00,66577.03,66984.1,66409.13
2024-07-30 12:00:00,66202.57,66910.78,65537.36
2024-07-30 16:00:00,65891.3,66529.53,65544.65
2024-07-30 20:00:00,66180.04,66341.28,65293.95
2024-07-31 00:00:00,66054.05,66403.25,65879.23
2024-07-31 04:00:00,66201.55,66526.02,65487.2
2024-07-31 08:00:00,66062.14,66348.05,65929.83
2024-07-31 12:00:00,66366.51,66826.66,65968.75
2024-07-31 16:00:00,65229.47,66811.34,64928.2
2024-07-31 20:00:00,64617.83,65392.56,64508.96
2024-08-01 00:00:00,63904.76,64818.91,63723.7
2024-08-01 04:00:00,64296.04,64463.71,63544.3
2024-08-01 08:00:00,64643.56,64665.54,64281.77
2024-08-01 12:00:00,62864.72,64926.36,62648.62
2024-08-01 16:00:00,63369.87,63426.76,62238.44
2024-08-01 20:00:00,65300.21,65590.04,63288.26
2024-08-02 00:00:00,64550.99,65548.28,63621.08
2024-08-02 04:00:00,64123.9,64591.98,63774.65
2024-08-02 08:00:00,64613.56,64919.06,63999.48
2024-08-02 12:00:00,63375.94,65486.57,62389.78
2024-08-02 16:00:00,62560.04,63546.53,62451.66
2024-08-02 20:00:00,61422.3,63118.84,61165.12
2024-08-03 00:00:00,61836.75,61909.6,60394.31
2024-08-03 04:00:00,61620.66,61915.9,61341.25
2024-08-03 08:00:00,61877.54,61958.86,61414.29
2024-08-03 12:00:00,60858.77,62154.66,60801.02
2024-08-03 16:00:00,60216.27,61231.69,59904.81
2024-08-03 20:00:00,60679.28,60816.03,59838.49
2024-08-04 00:00:00,60712.71,61075.03,60299.24
2024-08-04 04:00:00,60331.35,60895.15,60235.44
2024-08-04 08:00:00,60875.92,60979.84,60087.94
2024-08-04 12:00:00,59029.37,61061.76,58934.17
2024-08-04 16:00:00,59247.18,59466.38,57174.97
2024-08-04 20:00:00,58135.89,59552.08,57991.09
2024-08-05 00:00:00,53905.67,58275.19,52584.61
2024-08-05 04:00:00,52697.4,54563.24,49202.81
2024-08-05 08:00:00,51368.08,53219.87,50681.76
2024-08-05 12:00:00,54375.29,55023.39,49605.47
2024-08-05 16:00:00,53485.26,55565.02,52584.98
2024-08-05 20:00:00,54031.82,55207.91,53476.37
2024-08-06 00:00:00,55698.49,56293.06,53987.77
2024-08-06 04:00:00,56055.25,56185.69,55288.97
2024-08-06 08:00:00,55242.53,56157.08,54646.72
2024-08-06 12:00:00,56423.85,56628.43,54438.4
2024-08-06 16:00:00,56798.23,57077.92,56268.58
2024-08-06 20:00:00,56057.67,56950.11,55872.12
2024-08-07 00:00:00,56907.57,57301.76,55608.54
2024-08-07 04:00:00,56959.52,57280.13,56595.07
2024-08-07 08:00:00,56997.94,57753.96,56913.27
2024-08-07 12:00:00,56114.31,57512.32,55708.04
2024-08-07 16:00:00,54763.8,56324.14,54676.92
2024-08-07 20:00:00,55130.45,55580.62,54580.16
2024-08-08 00:00:00,57073.65,57658.69,54751.57
2024-08-08 04:00:00,57215.54,57453.93,56690.95
2024-08-08 08:00:00,57341.42,57683.86,57013.84
2024-08-08 12:00:00,59460.51,59547.52,56732.62
2024-08-08 16:00:00,59449.03,59877.75,59279.56
2024-08-08 20:00:00,61708.53,62717.23,59335.01
2024-08-09 00:00:00,61374.49,61752.64,60803.51
2024-08-09 04:00:00,60884.09,61391.11,60602.53
2024-08-09 08:00:00,60680.13,61225.23,60198.87
2024-08-09 12:00:00,59828.73,61122.33,59573.13
2024-08-09 16:00:00,60701.97,60771.98,59747.04
2024-08-09 20:00:00,60868.88,61017.78,59968.93
2024-08-10 00:00:00,60455.12,61478.08,60309.56
2024-08-10 04:00:00,60860.32,60865.42,60270.33
2024-08-10 08:00:00,60936.23,61126.15,60646.11
2024-08-10 12:00:00,60544.9,60965.6,60435.24
2024-08-10 16:00:00,61034.43,61200.57,60421.82
2024-08-10 20:00:00,60940.82,61182.71,60781.08
2024-08-11 00:00:00,61107.22,61389.67,60914.48
2024-08-11 04:00:00,61266.19,61280.86,60896.44
2024-08-11 08:00:00,60693.07,61842.63,60460.64
2024-08-11 12:00:00,60150.8,60762.98,59968.64
2024-08-11 16:00:00,59644.74,60367.02,59566.23
2024-08-11 20:00:00,58725.0,59687.33,58331.17
2024-08-12 00:00:00,58516.25,59082.49,58149.3
2024-08-12 04:00:00,58678.54,58975.9,57677.54
2024-08-12 08:00:00,59880.54,59992.2,58152.57
2024-08-12 12:00:00,60223.03,60708.39,57823.96
2024-08-12 16:00:00,59055.78,60425.12,58466.63
2024-08-12 20:00:00,59360.89,59748.44,58575.46
2024-08-13 00:00:00,59065.69,59932.69,58889.6
2024-08-13 04:00:00,59251.77,59487.68,58859.95
2024-08-13 08:00:00,58840.49,59343.33,58440.76
2024-08-13 12:00:00,59508.23,59796.96,58742.3
2024-08-13 16:00:00,60847.58,61603.92,59471.55
2024-08-13 20:00:00,60609.73,61141.35,60422.37
2024-08-14 00:00:00,60988.58,61321.16,60451.16
2024-08-14 04:00:00,60940.04,61181.12,60673.3
2024-08-14 08:00:00,61324.72,61468.91,60672.64
2024-08-14 12:00:00,59461.08,61788.76,58859.56
2024-08-14 16:00:00,58908.84,59473.58,58652.64
2024-08-14 20:00:00,58698.05,59194.14,58461.76
2024-08-15 00:00:00,58450.17,59052.26,58038.38
2024-08-15 04:00:00,58055.7,58633.47,57726.18
2024-08-15 08:00:00,58744.98,58868.44,57972.09
2024-08-15 12:00:00,59702.92,59775.83,58565.4
2024-08-15 16:00:00,57046.51,59869.57,56704.09
2024-08-15 20:00:00,57552.92,57886.32,56132.98
2024-08-16 00:00:00,57899.87,58502.02,57106.84
2024-08-16 04:00:00,58467.53,58646.02,57823.56
2024-08-16 08:00:00,58415.25,58678.11,58252.18
2024-08-16 12:00:00,58090.3,58894.62,57554.11
2024-08-16 16:00:00,59708.48,59851.62,58016.51
2024-08-16 20:00:00,58893.67,59737.1,58754.25
2024-08-17 00:00:00,59172.44,59401.93,58815.46
2024-08-17 04:00:00,59256.21,59279.29,59067.57
2024-08-17 08:00:00,59140.15,59475.32,59076.2
2024-08-17 12:00:00,59395.73,59650.19,59110.09
2024-08-17 16:00:00,59481.86,59708.69,59302.28
2024-08-17 20:00:00,59497.94,59505.68,59165.62
2024-08-18 00:00:00,59354.76,60252.12,59321.4
2024-08-18 04:00:00,59581.34,59696.5,59279.14
2024-08-18 08:00:00,60030.2,60193.69,59449.28
2024-08-18 12:00:00,59874.25,60280.79,59692.78
2024-08-18 16:00:00,59715.16,59952.43,59397.48
2024-08-18 20:00:00,58439.22,59877.44,58433.69
2024-08-19 00:00:00,58746.94,58776.55,58239.19
2024-08-19 04:00:00,58521.8,58765.58,58391.25
2024-08-19 08:00:00,58407.67,58686.13,57828.14
2024-08-19 12:00:00,58555.71,58990.33,58099.91
2024-08-19 16:00:00,58990.2,59302.84,58398.33
2024-08-19 20:00:00,59464.41,59632.55,58925.47
2024-08-20 00:00:00,60654.92,60936.17,59391.62
2024-08-20 04:00:00,60952.63,61442.89,60624.86
2024-08-20 08:00:00,60550.84,61005.2,60456.86
2024-08-20 12:00:00,58831.34,60974.64,58709.93
2024-08-20 16:00:00,59515.55,59604.58,58588.82
2024-08-20 20:00:00,59027.55,59724.79,58924.28
2024-08-21 00:00:00,59331.4,59523.83,58806.66
2024-08-21 04:00:00,59725.15,59750.21,59211.33
2024-08-21 08:00:00,59386.94,59927.13,59118.06
2024-08-21 12:00:00,59530.03,60230.17,58870.77
2024-08-21 16:00:00,61601.8,61660.39,59393.58
2024-08-21 20:00:00,61170.8,61851.26,60933.35
2024-08-22 00:00:00,60570.29,61236.59,59756.43
2024-08-22 04:00:00,61015.6,61132.53,60479.59
2024-08-22 08:00:00,61355.2,61426.96,60823.33
2024-08-22 12:00:00,60426.29,61415.63,60117.95
2024-08-22 16:00:00,60312.67,60610.14,60143.68
2024-08-22 20:00:00,60387.29,60705.93,60297.89
2024-08-23 00:00:00,60607.72,60975.44,60351.28
2024-08-23 04:00:00,61078.13,61369.5,60602.78
2024-08-23 08:00:00,60744.29,61348.6,60698.17
2024-08-23 12:00:00,61544.93,62338.47,60743.02
2024-08-23 16:00:00,63663.39,63859.91,61353.91
2024-08-23 20:00:00,64087.8,64982.66,63540.63
2024-08-24 00:00:00,63884.79,64240.4,63678.13
2024-08-24 04:00:00,64350.81,64368.23,63878.1
2024-08-24 08:00:00,63948.32,64523.11,63940.68
2024-08-24 12:00:00,64009.61,64276.04,63909.68
2024-08-24 16:00:00,64240.39,64467.09,63971.76
2024-08-24 20:00:00,64180.77,64361.21,63591.53
2024-08-25 00:00:00,64134.93,64587.28,64031.01
2024-08-25 04:00:00,63911.08,64230.81,63830.34
2024-08-25 08:00:00,63906.19,64046.97,63828.67
2024-08-25 12:00:00,64165.27,64317.31,63840.18
2024-08-25 16:00:00,64217.17,64277.04,64042.88
2024-08-25 20:00:00,64264.62,65058.66,64161.04
2024-08-26 00:00:00,64140.18,64504.12,63806.91
2024-08-26 04:00:00,63650.17,64226.49,63595.63
2024-08-26 08:00:00,63876.48,64055.97,63292.13
2024-08-26 12:00:00,63563.91,63984.51,63088.33
2024-08-26 16:00:00,63361.16,63904.15,63215.99
2024-08-26 20:00:00,62850.27,63585.78,62816.08
2024-08-27 00:00:00,62991.3,63220.85,62667.52
2024-08-27 04:00:00,62908.6,63214.02,62747.19
2024-08-27 08:00:00,62422.59,63010.9,62235.41
2024-08-27 12:00:00,61695.83,62492.51,61462.54
2024-08-27 16:00:00,62107.78,62198.28,61515.55
2024-08-27 20:00:00,59441.73,62107.8,58045.32
2024-08-28 00:00:00,59646.37,59665.67,58929.01
2024-08-28 04:00:00,58619.4,59678.68,58539.35
2024-08-28 08:00:00,59949.5,60232.58,58559.9
2024-08-28 12:00:00,59012.85,60171.4,58458.66
2024-08-28 16:00:00,58911.05,59842.52,57868.47
2024-08-28 20:00:00,59043.5,59614.16,58665.45
2024-08-29 00:00:00,59163.73,59341.97,58886.73
2024-08-29 04:00:00,59603.93,59775.05,59089.36
2024-08-29 08:00:00,60090.72,60496.44,59389.58
2024-08-29 12:00:00,60807.35,61191.57,60011.38
2024-08-29 16:00:00,59265.99,60986.74,58919.86
2024-08-29 20:00:00,59369.85,59647.43,58735.81
2024-08-30 00:00:00,59040.95,59495.12,58912.21
2024-08-30 04:00:00,59284.84,59591.24,58684.39
2024-08-30 08:00:00,59406.78,59678.05,59281.43
2024-08-30 12:00:00,58093.4,59926.33,57936.4
2024-08-30 16:00:00,58702.39,59380.46,57725.72
2024-08-30 20:00:00,59129.05,59293.74,58700.2
2024-08-31 00:00:00,59240.84,59456.66,59074.48
2024-08-31 04:00:00,59110.99,59357.06,59081.07
2024-08-31 08:00:00,59131.09,59186.95,58839.97
2024-08-31 12:00:00,59025.2,59253.72,58919.06
2024-08-31 16:00:00,58874.44,59149.76,58759.04
2024-08-31 20:00:00,58989.17,59142.81,58807.79
2024-09-01 00:00:00,58533.59,59085.64,58291.6
2024-09-01 04:00:00,58478.8,58606.26,57789.67
2024-09-01 08:00:00,58236.97,58509.42,57856.57
2024-09-01 12:00:00,58220.41,58358.0,57267.31
2024-09-01 16:00:00,58520.54,58776.78,57889.73
2024-09-01 20:00:00,57313.44,58653.67,57217.94
2024-09-02 00:00:00,57746.21,57760.28,57135.27
2024-09-02 04:00:00,57551.65,57978.34,57370.05
2024-09-02 08:00:00,58425.97,58668.44,57526.58
2024-09-02 12:00:00,58543.16,58810.64,58107.02
2024-09-02 16:00:00,58454.12,58667.47,58300.61
2024-09-02 20:00:00,59147.8,59431.04,58396.95
2024-09-03 00:00:00,59117.2,59825.44,59038.52
2024-09-03 04:00:00,59111.21,59262.94,58878.44
2024-09-03 08:00:00,59067.6,59190.96,58713.36
2024-09-03 12:00:00,57714.43,59354.17,57556.17
2024-09-03 16:00:00,58027.6,58241.76,57580.13
2024-09-03 20:00:00,57481.84,58224.92,57411.84
2024-09-04 00:00:00,56655.09,57934.74,55625.58
2024-09-04 04:00:00,56745.8,56871.63,56171.47
2024-09-04 08:00:00,56575.64,56898.67,56457.67
2024-09-04 12:00:00,58137.14,58165.63,56180.29
2024-09-04 16:00:00,58054.8,58532.47,57649.56
2024-09-04 20:00:00,57975.52,58391.24,57890.43
2024-09-05 00:00:00,57138.27,58329.93,56923.0
2024-09-05 04:00:00,57154.28,57292.87,56553.22
2024-09-05 08:00:00,56692.88,57224.89,56626.31
2024-09-05 12:00:00,55973.65,57308.75,55811.87
2024-09-05 16:00:00,56049.23,56707.66,55786.14
2024-09-05 20:00:00,56167.4,56249.78,55651.61
2024-09-06 00:00:00,56580.86,56845.97,55982.48
2024-09-06 04:00:00,55787.15,56735.94,55281.39
2024-09-06 08:00:00,55991.28,56250.26,55625.01
2024-09-06 12:00:00,54014.69,57004.28,53794.91
2024-09-06 16:00:00,53496.2,54404.11,53227.64
2024-09-06 20:00:00,53954.33,53963.53,52552.05
2024-09-07 00:00:00,53816.42,54081.37,53742.58
2024-09-07 04:00:00,54284.7,54392.74,53810.67
2024-09-07 08:00:00,54334.19,54494.65,54186.64
2024-09-07 12:00:00,54790.34,54833.56,54334.16
2024-09-07 16:00:00,54412.19,54852.05,54007.85
2024-09-07 20:00:00,54167.82,54443.89,53831.3
2024-09-08 00:00:00,54399.56,54514.63,53976.22
2024-09-08 04:00:00,54442.42,54577.0,54271.79
2024-09-08 08:00:00,54569.46,54721.59,54358.22
2024-09-08 12:00:00,53692.78,54580.39,53649.22
2024-09-08 16:00:00,54350.37,54530.11,53631.93
2024-09-08 20:00:00,54879.33,55321.44,54202.49
2024-09-09 00:00:00,55123.61,55377.86,54707.65
2024-09-09 04:00:00,54977.14,55155.01,54591.28
2024-09-09 08:00:00,55274.73,55555.51,54958.72
2024-09-09 12:00:00,55388.49,55805.54,54816.27
2024-09-09 16:00:00,57110.21,57206.5,55357.55
2024-09-09 20:00:00,57056.31,58005.33,56823.62
2024-09-10 00:00:00,56536.85,57083.05,56534.14
2024-09-10 04:00:00,57221.72,57303.82,56397.36
2024-09-10 08:00:00,57232.33,57384.28,56896.38
2024-09-10 12:00:00,56599.48,57474.78,56526.84
2024-09-10 16:00:00,57962.93,58050.66,56561.8
2024-09-10 20:00:00,57642.43,57981.92,57450.99
2024-09-11 00:00:00,56814.94,57760.06,56669.34
2024-09-11 04:00:00,56705.68,56814.99,56097.66
2024-09-11 08:00:00,56795.96,56870.6,56341.58
2024-09-11 12:00:00,56705.89,57167.43,55554.25
2024-09-11 16:00:00,57613.79,58002.86,56652.75
2024-09-11 20:00:00,57354.27,57695.39,57233.37
2024-09-12 00:00:00,58254.06,58482.45,57340.04
2024-09-12 04:00:00,58146.03,58445.84,57855.15
2024-09-12 08:00:00,58066.99,58375.66,57904.96
2024-09-12 12:00:00,57508.65,58573.29,57330.99
2024-09-12 16:00:00,58399.89,58466.7,57490.72
2024-09-12 20:00:00,58140.61,58401.36,57782.47
2024-09-13 00:00:00,57858.69,58248.6,57842.37
2024-09-13 04:00:00,58129.28,58147.87,57747.6
2024-09-13 08:00:00,57873.87,58354.6,57824.52
2024-09-13 12:00:00,59686.93,59748.56,57637.58
2024-09-13 16:00:00,59758.99,60024.28,59333.93
2024-09-13 20:00:00,60548.12,60666.01,59654.73
2024-09-14 00:00:00,60362.4,60653.12,60325.78
2024-09-14 04:00:00,60173.12,60381.04,59928.3
2024-09-14 08:00:00,59735.53,60185.41,59628.1
2024-09-14 12:00:00,59896.66,60034.64,59661.27
2024-09-14 16:00:00,59828.66,60000.8,59433.38
2024-09-14 20:00:00,60013.26,60141.88,59792.71
2024-09-15 00:00:00,60185.33,60293.36,60010.56
2024-09-15 04:00:00,60210.45,60242.3,60103.28
2024-09-15 08:00:00,60023.47,60219.72,59899.5
2024-09-15 12:00:00,60353.53,60409.32,59893.58
2024-09-15 16:00:00,59891.72,60369.35,59738.6
2024-09-15 20:00:00,59139.21,59951.02,58697.69
2024-09-16 00:00:00,58571.6,59215.73,58121.04
2024-09-16 04:00:00,58907.61,58964.42,58315.67
2024-09-16 08:00:00,58663.18,59166.25,58504.95
2024-09-16 12:00:00,57874.7,58789.51,57559.76
2024-09-16 16:00:00,57934.79,58262.26,57486.82
2024-09-16 20:00:00,58210.01,58410.22,57599.21
2024-09-17 00:00:00,58063.98,58346.81,57624.63
2024-09-17 04:00:00,58697.12,58774.84,58031.89
2024-09-17 08:00:00,59098.9,59305.12,58639.58
2024-09-17 12:00:00,61141.1,61356.68,58881.76
2024-09-17 16:00:00,59985.41,61273.76,59632.3
2024-09-17 20:00:00,60321.59,60438.73,59756.02
2024-09-18 00:00:00,60519.17,60772.61,59892.15
2024-09-18 04:00:00,60437.41,60700.75,60207.72
2024-09-18 08:00:00,59855.72,60437.69,59383.93
2024-09-18 12:00:00,59432.67,60160.98,59314.54
2024-09-18 16:00:00,60073.07,61339.23,59185.2
2024-09-18 20:00:00,61775.68,61794.54,59492.38
2024-09-19 00:00:00,62135.6,62599.87,61582.28
2024-09-19 04:00:00,62106.55,62199.51,61838.77
2024-09-19 08:00:00,62667.69,62735.11,61899.87
2024-09-19 12:00:00,63167.48,63521.37,62616.73
2024-09-19 16:00:00,63271.89,63881.87,62965.06
2024-09-19 20:00:00,62963.41,63273.95,62663.14
2024-09-20 00:00:00,63751.22,63760.09,62628.31
2024-09-20 04:00:00,63551.97,64131.22,63409.01
2024-09-20 08:00:00,63456.17,63710.93,63118.92
2024-09-20 12:00:00,63157.42,63553.02,62574.56
2024-09-20 16:00:00,62812.76,63283.39,62345.57
2024-09-20 20:00:00,63211.47,63306.6,62715.61
2024-09-21 00:00:00,62897.41,63311.28,62828.82
2024-09-21 04:00:00,63092.78,63136.22,62767.25
2024-09-21 08:00:00,63101.57,63148.62,62977.22
2024-09-21 12:00:00,63188.24,63314.74,63044.27
2024-09-21 16:00:00,63221.35,63417.23,63100.05
2024-09-21 20:00:00,63363.17,63548.08,63068.94
2024-09-22 00:00:00,63123.47,63462.11,62851.85
2024-09-22 04:00:00,62954.51,63213.88,62854.18
2024-09-22 08:00:00,62796.42,63042.46,62574.46
2024-09-22 12:00:00,62674.23,62939.66,62483.4
2024-09-22 16:00:00,63172.71,63229.02,62482.43
2024-09-22 20:00:00,63587.45,64015.58,62394.47
2024-09-23 00:00:00,64360.92,64749.32,62584.5
2024-09-23 04:00:00,63549.93,64459.92,63399.2
2024-09-23 08:00:00,63420.63,63697.24,63304.64
2024-09-23 12:00:00,63624.49,63801.19,63062.82
2024-09-23 16:00:00,63305.63,63832.55,63109.55
2024-09-23 20:00:00,63341.97,63498.51,63098.72
2024-09-24 00:00:00,63123.92,63401.16,62710.48
2024-09-24 04:00:00,63562.25,63573.01,62943.83
2024-09-24 08:00:00,63472.92,63953.71,63382.19
2024-09-24 12:00:00,63159.01,63779.73,62729.85
2024-09-24 16:00:00,64304.86,64385.42,63093.79
2024-09-24 20:00:00,64276.65,64698.02,63970.14
2024-09-25 00:00:00,64460.24,64823.35,63998.2
2024-09-25 04:00:00,63846.49,64463.08,63645.74
2024-09-25 08:00:00,63839.04,63919.22,63417.83
2024-09-25 12:00:00,63503.68,63992.22,63313.98
2024-09-25 16:00:00,63165.9,63668.41,62988.23
2024-09-25 20:00:00,63144.83,63550.34,62938.97
2024-09-26 00:00:00,63503.73,63532.86,62660.36
2024-09-26 04:00:00,63846.99,63859.59,63330.39
2024-09-26 08:00:00,64402.25,64509.97,63584.54
2024-09-26 12:00:00,65265.47,65576.14,64162.78
2024-09-26 16:00:00,64724.4,65861.15,64700.85
2024-09-26 20:00:00,65183.68,65258.77,64654.52
2024-09-27 00:00:00,65377.8,65430.33,64839.11
2024-09-27 04:00:00,65499.9,65574.88,65115.07
2024-09-27 08:00:00,65454.81,66005.68,65365.18
2024-09-27 12:00:00,66039.7,66547.69,65350.77
2024-09-27 16:00:00,65672.68,66388.34,65531.56
2024-09-27 20:00:00,65790.28,65979.42,65635.34
2024-09-28 00:00:00,66083.93,66267.41,65735.76
2024-09-28 04:00:00,65840.24,66105.7,65757.84
2024-09-28 08:00:00,65805.33,65840.38,65470.78
2024-09-28 12:00:00,65641.33,65829.91,65442.19
2024-09-28 16:00:00,65742.06,65835.41,65510.85
2024-09-28 20:00:00,65868.67,65991.97,65444.59
2024-09-29 00:00:00,65823.4,65990.64,65652.96
2024-09-29 04:00:00,65485.63,65823.9,65440.3
2024-09-29 08:00:00,65705.54,65740.52,65445.46
2024-09-29 12:00:00,65764.87,65866.45,65592.28
2024-09-29 16:00:00,65972.2,65982.77,65671.89
2024-09-29 20:00:00,65611.98,66081.97,65534.39
2024-09-30 00:00:00,64548.75,65627.43,64184.98
2024-09-30 04:00:00,64564.73,64714.26,64320.35
2024-09-30 08:00:00,63825.73,64578.95,63254.26
2024-09-30 12:00:00,63560.24,64158.92,63542.41
2024-09-30 16:00:00,63466.65,63722.02,63044.63
2024-09-30 20:00:00,63314.81,63843.16,62846.03
2024-10-01 00:00:00,63692.14,63711.37,62974.44
2024-10-01 04:00:00,64032.0,64112.99,63617.46
2024-10-01 08:00:00,63725.23,64094.36,63712.74
2024-10-01 12:00:00,62622.38,63807.55,61789.27
2024-10-01 16:00:00,61737.19,62758.27,61067.56
2024-10-01 20:00:00,60790.06,61753.66,60156.13
2024-10-02 00:00:00,61737.81,61873.92,60719.81
2024-10-02 04:00:00,61725.24,61933.75,61340.14
2024-10-02 08:00:00,61155.13,61898.05,60873.39
2024-10-02 12:00:00,61886.86,61937.63,60535.9
2024-10-02 16:00:00,60182.16,62383.28,59976.82
2024-10-02 20:00:00,60641.8,60987.66,60117.53
2024-10-03 00:00:00,61461.32,61467.66,60526.6
2024-10-03 04:00:00,60921.51,61478.71,60818.3
2024-10-03 08:00:00,60761.93,61061.62,60124.3
2024-10-03 12:00:00,60629.06,60880.2,59846.16
2024-10-03 16:00:00,61027.43,61052.91,59912.09
2024-10-03 20:00:00,60746.35,61096.27,60610.08
2024-10-04 00:00:00,60945.0,61270.58,60458.33
2024-10-04 04:00:00,61434.46,61498.8,60922.37
2024-10-04 08:00:00,61437.2,61642.39,61250.91
2024-10-04 12:00:00,61864.34,61996.69,60776.16
2024-10-04 16:00:00,62378.23,62479.36,61632.09
2024-10-04 20:00:00,62094.06,62480.52,61979.03
2024-10-05 00:00:00,61866.66,62206.96,61689.84
2024-10-05 04:00:00,62081.8,62268.12,61824.17
2024-10-05 08:00:00,62182.97,62321.42,62080.84
2024-10-05 12:00:00,62169.14,62377.77,62105.57
2024-10-05 16:00:00,61846.66,62184.41,61782.96
2024-10-05 20:00:00,62059.19,62103.03,61703.43
2024-10-06 00:00:00,61880.33,62145.87,61879.41
2024-10-06 04:00:00,61954.85,62014.45,61815.61
2024-10-06 08:00:00,62098.92,62163.47,61928.97
2024-10-06 12:00:00,62714.98,62770.41,62063.81
2024-10-06 16:00:00,62636.69,62976.08,62544.9
2024-10-06 20:00:00,62821.76,62913.02,62297.89
2024-10-07 00:00:00,63518.06,63969.76,62656.57
2024-10-07 04:00:00,63533.56,63716.85,63315.88
2024-10-07 08:00:00,63121.93,63702.55,62642.25
2024-10-07 12:00:00,63649.4,64458.38,62811.8
2024-10-07 16:00:00,63369.73,63897.85,62727.52
2024-10-07 20:00:00,62209.84,63401.79,62129.23
2024-10-08 00:00:00,62614.0,62808.01,62147.15
2024-10-08 04:00:00,62298.35,62767.32,61991.62
2024-10-08 08:00:00,62604.52,62641.76,62169.89
2024-10-08 12:00:00,62265.14,63185.68,61855.0
2024-10-08 16:00:00,62206.2,62563.79,61832.71
2024-10-08 20:00:00,62129.17,62523.28,61990.93
2024-10-09 00:00:00,62358.73,62467.57,61975.63
2024-10-09 04:00:00,62242.54,62513.84,62171.37
2024-10-09 08:00:00,62148.97,62261.02,62011.22
2024-10-09 12:00:00,62274.03,62371.58,61573.78
2024-10-09 16:00:00,60982.15,62304.3,60776.76
2024-10-09 20:00:00,60585.22,61072.49,60252.65
2024-10-10 00:00:00,60809.7,60900.88,60313.04
2024-10-10 04:00:00,60839.92,61090.77,60755.84
2024-10-10 08:00:00,61193.17,61244.22,60571.86
2024-10-10 12:00:00,60730.75,61251.26,60380.88
2024-10-10 16:00:00,59671.3,60971.05,58869.24
2024-10-10 20:00:00,60280.38,60280.58,59511.22
2024-10-11 00:00:00,60571.94,60711.22,60039.18
2024-10-11 04:00:00,60630.96,60877.37,60536.87
2024-10-11 08:00:00,61141.2,61226.64,60613.8
2024-10-11 12:00:00,62265.12,62441.56,61095.57
2024-10-11 16:00:00,63094.2,63418.56,62117.38
2024-10-11 20:00:00,62517.42,63161.61,62340.19
2024-10-12 00:00:00,62550.53,63061.47,62473.78
2024-10-12 04:00:00,62748.65,62783.14,62550.53
2024-10-12 08:00:00,62927.29,63242.86,62655.54
2024-10-12 12:00:00,63155.76,63469.71,62813.69
2024-10-12 16:00:00,62993.38,63386.93,62903.74
2024-10-12 20:00:00,63197.03,63361.51,62993.25
2024-10-13 00:00:00,62700.76,63276.36,62650.99
2024-10-13 04:00:00,62838.2,62987.37,62696.53
2024-10-13 08:00:00,62548.34,62949.22,62513.72
2024-10-13 12:00:00,62218.92,62814.66,62036.49
2024-10-13 16:00:00,62720.87,62871.02,62161.01
2024-10-13 20:00:00,62854.48,63108.81,62599.25
2024-10-14 00:00:00,64272.89,64356.19,62438.82
2024-10-14 04:00:00,64582.56,64643.22,63754.36
2024-10-14 08:00:00,64885.02,65115.73,64306.96
2024-10-14 12:00:00,65859.06,66276.44,64633.47
2024-10-14 16:00:00,65929.18,66063.83,65509.66
2024-10-14 20:00:00,66068.25,66494.04,65722.11
2024-10-15 00:00:00,65373.46,66316.23,65300.68
2024-10-15 04:00:00,65625.23,65815.01,65198.75
2024-10-15 08:00:00,65379.36,65822.3,65264.53
2024-10-15 12:00:00,65996.97,67938.85,64791.36
2024-10-15 16:00:00,66972.58,67377.95,65972.26
2024-10-15 20:00:00,67064.69,67144.15,66131.03
2024-10-16 00:00:00,67098.51,67552.56,66752.45
2024-10-16 04:00:00,66976.64,67353.63,66777.52
2024-10-16 08:00:00,67886.25,68401.67,66917.68
2024-10-16 12:00:00,67738.6,68303.91,67116.59
2024-10-16 16:00:00,67730.32,68092.31,67472.77
2024-10-16 20:00:00,67614.71,67952.95,67486.43
2024-10-17 00:00:00,67587.97,67931.28,67392.55
2024-10-17 04:00:00,67271.89,67588.0,67063.79
2024-10-17 08:00:00,66852.96,67500.2,66787.83
2024-10-17 12:00:00,67573.59,67654.42,66643.91
2024-10-17 16:00:00,66822.19,67582.98,66698.72
2024-10-17 20:00:00,67408.87,67466.43,66803.31
2024-10-18 00:00:00,67529.88,68237.71,67167.07
2024-10-18 04:00:00,67953.57,68359.97,67524.3
2024-10-18 08:00:00,67677.86,68029.75,67651.97
2024-10-18 12:00:00,68746.53,68883.89,67621.77
2024-10-18 16:00:00,68609.6,69016.74,68365.35
2024-10-18 20:00:00,68425.63,68694.78,68200.66
2024-10-19 00:00:00,68444.59,68681.33,68291.81
2024-10-19 04:00:00,68342.71,68556.48,68295.06
2024-10-19 08:00:00,68084.48,68469.33,68075.65
2024-10-19 12:00:00,68223.39,68346.5,68078.3
2024-10-19 16:00:00,68178.81,68245.08,68009.42
2024-10-19 20:00:00,68370.04,68407.02,68164.84
2024-10-20 00:00:00,68179.98,68431.63,68094.66
2024-10-20 04:00:00,68364.5,68426.22,68168.99
2024-10-20 08:00:00,68419.37,68483.58,68348.2
2024-10-20 12:00:00,68609.96,68751.7,68204.17
2024-10-20 16:00:00,68495.24,68640.8,68407.04
2024-10-20 20:00:00,69020.94,69385.31,68448.04
2024-10-21 00:00:00,68913.36,69501.44,68579.84
2024-10-21 04:00:00,68486.3,69174.56,68460.39
2024-10-21 08:00:00,68201.15,68632.63,68107.74
2024-10-21 12:00:00,67309.39,68293.07,66811.42
2024-10-21 16:00:00,67746.89,67927.97,66864.36
2024-10-21 20:00:00,67358.14,67908.46,67342.63
2024-10-22 00:00:00,67362.35,67660.62,66540.7
2024-10-22 04:00:00,67362.77,67753.56,67252.65
2024-10-22 08:00:00,67259.93,67480.01,66715.42
2024-10-22 12:00:00,67242.05,67659.4,66602.72
2024-10-22 16:00:00,67445.31,67606.89,66877.97
2024-10-22 20:00:00,67390.32,67800.62,67258.92
2024-10-23 00:00:00,67033.21,67436.29,66846.98
2024-10-23 04:00:00,66804.61,67260.01,66752.26
2024-10-23 08:00:00,66371.9,66995.55,66153.85
2024-10-23 12:00:00,66163.35,66855.38,65863.65
2024-10-23 16:00:00,66392.65,66491.11,65171.54
2024-10-23 20:00:00,66612.97,66764.77,66258.02
2024-10-24 00:00:00,67151.66,67547.92,66456.7
2024-10-24 04:00:00,67057.37,67405.75,67010.31
2024-10-24 08:00:00,67245.28,67278.67,66670.0
2024-10-24 12:00:00,67644.04,67989.98,67219.18
2024-10-24 16:00:00,68270.04,68284.65,67292.12
2024-10-24 20:00:00,68163.56,68812.4,67942.65
2024-10-25 00:00:00,67972.38,68241.12,67801.96
2024-10-25 04:00:00,67496.0,68009.28,67214.15
2024-10-25 08:00:00,68069.7,68130.62,67285.3
2024-10-25 12:00:00,67659.03,68745.57,67412.05
2024-10-25 16:00:00,66739.59,67822.26,65869.88
2024-10-25 20:00:00,66577.77,67269.68,65510.53
2024-10-26 00:00:00,66816.39,66931.82,66343.25
2024-10-26 04:00:00,66932.24,67151.62,66696.89
2024-10-26 08:00:00,67060.93,67187.31,66883.75
2024-10-26 12:00:00,66801.85,67104.8,66660.95
2024-10-26 16:00:00,67093.84,67100.71,66730.68
2024-10-26 20:00:00,67014.72,67366.46,67005.84
2024-10-27 00:00:00,67193.75,67227.13,66852.5
2024-10-27 04:00:00,67117.74,67224.31,67030.62
2024-10-27 08:00:00,67052.67,67181.44,66969.12
2024-10-27 12:00:00,67716.33,67777.6,67046.71
2024-10-27 16:00:00,67764.28,67908.27,67467.58
2024-10-27 20:00:00,67945.14,68254.55,67658.04
2024-10-28 00:00:00,67656.06,68042.87,67597.04
2024-10-28 04:00:00,68338.61,68583.69,67541.0
2024-10-28 08:00:00,68689.16,68762.14,68165.15
2024-10-28 12:00:00,68439.76,69233.97,68398.95
2024-10-28 16:00:00,69614.37,69886.87,68395.42
2024-10-28 20:00:00,69925.83,70241.74,69420.73
2024-10-29 00:00:00,70882.35,71505.72,69725.05
2024-10-29 04:00:00,70961.67,71301.54,70800.22
2024-10-29 08:00:00,71424.06,71545.42,70935.64
2024-10-29 12:00:00,72397.83,72416.29,70879.59
2024-10-29 16:00:00,72521.65,73612.24,72354.19
2024-10-29 20:00:00,72723.67,72970.99,71857.98
2024-10-30 00:00:00,72219.82,72770.38,71998.77
2024-10-30 04:00:00,72218.5,72591.16,72093.79
2024-10-30 08:00:00,71970.33,72583.1,71917.19
2024-10-30 12:00:00,72046.29,72454.08,71408.4
2024-10-30 16:00:00,71819.3,72188.19,71629.13
2024-10-30 20:00:00,72331.96,72945.06,71632.33
2024-10-31 00:00:00,72334.59,72574.61,72007.18
2024-10-31 04:00:00,72406.79,72462.26,72138.47
2024-10-31 08:00:00,72209.3,72675.24,72139.06
2024-10-31 12:00:00,70577.48,72255.22,70394.56
2024-10-31 16:00:00,69976.07,70860.37,69919.9
2024-10-31 20:00:00,70207.54,70551.42,69585.02
2024-11-01 00:00:00,69282.67,70370.24,68755.75
2024-11-01 04:00:00,69205.25,69629.94,69026.02
2024-11-01 08:00:00,69941.42,70165.39,69165.82
2024-11-01 12:00:00,69372.24,71616.01,69032.89
2024-11-01 16:00:00,69218.17,70492.71,68766.9
2024-11-01 20:00:00,69473.41,69584.29,68825.02
2024-11-02 00:00:00,69582.85,69884.38,69453.45
2024-11-02 04:00:00,69778.13,69787.33,69430.79
2024-11-02 08:00:00,69584.38,69804.67,69387.83
2024-11-02 12:00:00,69375.21,69678.73,69006.88
2024-11-02 16:00:00,69496.98,69588.18,69206.42
2024-11-02 20:00:00,69354.01,69552.78,69143.79
2024-11-03 00:00:00,68366.26,69364.8,67845.35
2024-11-03 04:00:00,68363.48,68742.13,68286.82
2024-11-03 08:00:00,68337.24,68568.88,68178.34
2024-11-03 12:00:00,68070.85,68525.49,67457.91
2024-11-03 16:00:00,68647.81,68665.01,67680.48
2024-11-03 20:00:00,68747.04,69324.92,68479.69
2024-11-04 00:00:00,68998.97,69453.56,68208.59
2024-11-04 04:00:00,68555.46,69347.9,68555.31
2024-11-04 08:00:00,68742.14,68987.38,68416.02
2024-11-04 12:00:00,68614.32,69213.64,68163.99
2024-11-04 16:00:00,67806.85,68766.68,67199.56
2024-11-04 20:00:00,67811.95,68052.77,66793.64
2024-11-05 00:00:00,68203.02,68211.49,67432.99
2024-11-05 04:00:00,68860.43,68939.89,68176.42
2024-11-05 08:00:00,68783.98,69062.65,68588.71
2024-11-05 12:00:00,69615.44,70308.4,68647.08
2024-11-05 16:00:00,69001.44,70540.03,68735.34
2024-11-05 20:00:00,69378.09,69896.68,68833.13
2024-11-06 00:00:00,74337.95,75089.09,69295.92
2024-11-06 04:00:00,73401.53,75392.26,73152.74
2024-11-06 08:00:00,74318.83,74494.64,72726.93
2024-11-06 12:00:00,74389.79,74819.51,73540.86
2024-11-06 16:00:00,75932.85,75952.4,74187.63
2024-11-06 20:00:00,75643.57,76482.2,75591.78
2024-11-07 00:00:00,75092.74,76060.86,75060.59
2024-11-07 04:00:00,74807.41,75104.73,74472.09
2024-11-07 08:00:00,74776.43,75181.61,74720.2
2024-11-07 12:00:00,76144.59,76147.64,74580.45
2024-11-07 16:00:00,76625.8,76779.48,75639.51
2024-11-07 20:00:00,75922.41,76963.92,75549.3
2024-11-08 00:00:00,75970.65,76415.02,75656.7
2024-11-08 04:00:00,76276.19,76329.36,75754.4
2024-11-08 08:00:00,76025.17,76395.45,75844.34
2024-11-08 12:00:00,76515.41,76665.22,75692.05
2024-11-08 16:00:00,77022.43,77289.29,75895.37
2024-11-08 20:00:00,76562.31,77207.57,76360.66
2024-11-09 00:00:00,76400.94,76690.59,76190.12
2024-11-09 04:00:00,76582.43,76828.21,76343.33
2024-11-09 08:00:00,76533.64,76768.73,76426.78
2024-11-09 12:00:00,76352.87,76586.84,76309.42
2024-11-09 16:00:00,76244.09,76728.62,75763.57
2024-11-09 20:00:00,76716.41,76949.29,76215.45
2024-11-10 00:00:00,77265.38,77516.75,76545.66
2024-11-10 04:00:00,78857.19,79774.77,77197.78
2024-11-10 08:00:00,79892.12,80061.57,78857.18
2024-11-10 12:00:00,79750.36,80122.96,79247.62
2024-11-10 16:00:00,79794.36,81086.27,79418.01
2024-11-10 20:00:00,80429.43,81520.53,78525.54
2024-11-11 00:00:00,81695.58,81910.22,80283.65
2024-11-11 04:00:00,81196.55,81796.15,80525.66
2024-11-11 08:00:00,82216.06,82442.01,81101.53
2024-11-11 12:00:00,84182.33,84416.22,81560.86
2024-11-11 16:00:00,86275.47,86688.17,83936.14
2024-11-11 20:00:00,88758.31,89644.7,86242.46
2024-11-12 00:00:00,88181.14,89582.81,86696.48
2024-11-12 04:00:00,89110.02,90002.04,87833.22
2024-11-12 08:00:00,87247.88,89483.23,85359.9
2024-11-12 12:00:00,86709.37,87912.97,85125.04
2024-11-12 16:00:00,88856.72,89938.94,85818.81
2024-11-12 20:00:00,88040.54,90006.57,87514.85
2024-11-13 00:00:00,87263.33,88654.14,87148.52
2024-11-13 04:00:00,87491.32,87802.57,86252.86
2024-11-13 08:00:00,87793.47,88191.15,87201.65
2024-11-13 12:00:00,92758.7,92904.52,87631.36
2024-11-13 16:00:00,90314.85,93479.86,90054.94
2024-11-13 20:00:00,90498.51,91275.82,88061.18
2024-11-14 00:00:00,90019.18,90638.16,89611.03
2024-11-14 04:00:00,90843.46,90912.11,89156.92
2024-11-14 08:00:00,91553.64,91712.56,90393.89
2024-11-14 12:00:00,87946.32,91817.29,87829.6
2024-11-14 16:00:00,89495.14,89731.29,87543.0
2024-11-14 20:00:00,87334.19,89495.41,86679.1
2024-11-15 00:00:00,88256.15,88502.09,87259.57
2024-11-15 04:00:00,87673.31,88416.12,87118.43
2024-11-15 08:00:00,89747.3,89776.63,87403.28
2024-11-15 12:00:00,88437.18,90700.26,87747.96
2024-11-15 16:00:00,90398.61,90863.89,88395.74
2024-11-15 20:00:00,91058.92,91897.76,90364.71
2024-11-16 00:00:00,91305.01,91753.58,90892.06
2024-11-16 04:00:00,91162.82,91810.87,91120.5
2024-11-16 08:00:00,91196.36,91611.79,91016.3
2024-11-16 12:00:00,90552.4,91343.34,90092.82
2024-11-16 16:00:00,91150.45,91431.67,90234.4
2024-11-16 20:00:00,90630.94,91221.5,90362.59
2024-11-17 00:00:00,90291.87,90927.13,89402.96
2024-11-17 04:00:00,90539.74,90899.72,90192.26
2024-11-17 08:00:00,90692.08,91436.45,90474.4
2024-11-17 12:00:00,90263.03,91170.96,89932.51
2024-11-17 16:00:00,90050.41,90628.53,89693.29
2024-11-17 20:00:00,89877.16,90222.18,88728.28
2024-11-18 00:00:00,90663.46,90942.15,89652.48
2024-11-18 04:00:00,91730.92,92232.91,90458.89
2024-11-18 08:00:00,90279.01,92211.32,90071.18
2024-11-18 12:00:00,92395.35,92649.98,87547.97
2024-11-18 16:00:00,90684.31,92612.04,89735.28
2024-11-18 20:00:00,90514.83,92088.93,90300.54
2024-11-19 00:00:00,91476.19,91586.45,90414.27
2024-11-19 04:00:00,91676.97,92093.92,91296.12
2024-11-19 08:00:00,91716.32,91983.15,91231.32
2024-11-19 12:00:00,92481.9,92844.18,91044.29
2024-11-19 16:00:00,93333.59,94056.9,92243.72
2024-11-19 20:00:00,92418.48,93671.48,91430.47
2024-11-20 00:00:00,92164.67,92556.99,91612.46
2024-11-20 04:00:00,92935.27,92945.06,91986.02
2024-11-20 08:00:00,93559.64,93749.89,92816.42
2024-11-20 12:00:00,94917.15,95056.1,93427.62
2024-11-20 16:00:00,94126.31,95010.27,93253.59
2024-11-20 20:00:00,94379.92,94718.83,93862.08
2024-11-21 00:00:00,95911.3,96021.05,94152.97
2024-11-21 04:00:00,96976.33,97939.74,95905.64
2024-11-21 08:00:00,97992.92,98351.75,96776.99
2024-11-21 12:00:00,96704.67,98248.06,95634.88
2024-11-21 16:00:00,97921.16,99056.4,96329.25
2024-11-21 20:00:00,98436.25,98833.38,97665.41
2024-11-22 00:00:00,98950.52,99377.76,97942.64
2024-11-22 04:00:00,99307.66,99532.91,98619.39
2024-11-22 08:00:00,98955.64,99396.9,98301.59
2024-11-22 12:00:00,98810.19,99033.11,97207.77
2024-11-22 16:00:00,99257.54,99772.99,98371.62
2024-11-22 20:00:00,99010.89,99631.16,98705.67
2024-11-23 00:00:00,98768.71,99023.88,98403.81
2024-11-23 04:00:00,98672.15,98930.78,98382.69
2024-11-23 08:00:00,98543.12,98750.24,98409.21
2024-11-23 12:00:00,98581.73,98976.56,98531.54
2024-11-23 16:00:00,97612.53,98665.31,97491.75
2024-11-23 20:00:00,97765.04,98124.77,97219.23
2024-11-24 00:00:00,98292.86,98670.34,97715.59
2024-11-24 04:00:00,98496.49,98499.24,97992.39
2024-11-24 08:00:00,97393.62,98538.48,97355.42
2024-11-24 12:00:00,95964.92,97709.4,95955.47
2024-11-24 16:00:00,96364.08,96790.15,95781.2
2024-11-24 20:00:00,98018.2,98458.61,96238.71
2024-11-25 00:00:00,97991.89,98152.62,97001.91
2024-11-25 04:00:00,98150.11,98478.52,97663.06
2024-11-25 08:00:00,98278.93,98974.51,97957.04
2024-11-25 12:00:00,96024.8,98393.75,94589.29
2024-11-25 16:00:00,94629.1,96514.46,94453.07
2024-11-25 20:00:00,93019.38,95248.5,92592.66
2024-11-26 00:00:00,94503.49,94946.78,92746.96
2024-11-26 04:00:00,93792.08,95007.52,93540.47
2024-11-26 08:00:00,92329.96,93794.16,91408.71
2024-11-26 12:00:00,92834.62,93587.9,91690.72
2024-11-26 16:00:00,91686.41,94726.38,91575.37
2024-11-26 20:00:00,91903.89,92238.36,90730.54
2024-11-27 00:00:00,92559.39,93006.89,91757.22
2024-11-27 04:00:00,93582.06,93629.08,92338.43
2024-11-27 08:00:00,93384.84,93889.13,93112.11
2024-11-27 12:00:00,95647.68,95942.59,92867.84
2024-11-27 16:00:00,96771.65,96774.5,95268.44
2024-11-27 20:00:00,95957.51,97373.56,95844.59
2024-11-28 00:00:00,95563.92,96672.28,94916.17
2024-11-28 04:00:00,95365.25,95992.35,95151.25
2024-11-28 08:00:00,95487.3,95820.01,94677.17
2024-11-28 12:00:00,95026.46,96249.56,94923.36
2024-11-28 16:00:00,95131.47,95449.56,94849.33
2024-11-28 20:00:00,95670.41,96045.18,94712.94
2024-11-29 00:00:00,96610.08,96887.41,95391.39
2024-11-29 04:00:00,95643.73,96651.9,95622.57
2024-11-29 08:00:00,97293.9,97409.81,95641.09
2024-11-29 12:00:00,98151.39,98735.69,96803.8
2024-11-29 16:00:00,97438.48,98590.06,96944.92
2024-11-29 20:00:00,97510.92,97719.58,97087.7
2024-11-30 00:00:00,96681.31,97514.26,96352.1
2024-11-30 04:00:00,96829.09,97279.04,96586.81
2024-11-30 08:00:00,96305.63,97010.97,96137.13
2024-11-30 12:00:00,96694.56,96785.25,96289.66
2024-11-30 16:00:00,97069.17,97105.69,96572.8
2024-11-30 20:00:00,96473.51,97099.88,96379.27
2024-12-01 00:00:00,96371.75,96718.93,95752.22
2024-12-01 04:00:00,96531.96,96568.63,96243.59
2024-12-01 08:00:00,97183.52,97226.93,96487.14
2024-12-01 12:00:00,97110.48,97471.99,96744.72
2024-12-01 16:00:00,97238.26,97592.38,97026.17
2024-12-01 20:00:00,97276.47,97896.77,96865.17
2024-12-02 00:00:00,96553.14,98219.29,96436.9
2024-12-02 04:00:00,96059.81,96978.85,95823.55
2024-12-02 08:00:00,95139.21,96164.79,94845.63
2024-12-02 12:00:00,97132.03,97290.8,94800.45
2024-12-02 16:00:00,95827.81,97440.36,94419.96
2024-12-02 20:00:00,95859.75,96353.41,95126.36
2024-12-03 00:00:00,96089.67,96302.45,95408.57
2024-12-03 04:00:00,95573.65,96259.29,95294.0
2024-12-03 08:00:00,94998.31,95681.03,94640.58
2024-12-03 12:00:00,95733.58,96304.02,93590.91
2024-12-03 16:00:00,95455.74,96200.01,94918.28
2024-12-03 20:00:00,95928.37,96187.76,95296.18
2024-12-04 00:00:00,95842.24,96696.75,95293.6
2024-12-04 04:00:00,96663.6,96781.57,95786.69
2024-12-04 08:00:00,96256.95,97019.35,96242.09
2024-12-04 12:00:00,95859.25,96626.52,95403.78
2024-12-04 16:00:00,97379.76,97388.63,94663.42
2024-12-04 20:00:00,98751.87,99226.36,97285.02
2024-12-05 00:00:00,103063.42,104028.51,98072.53
2024-12-05 04:00:00,102418.05,103648.34,101419.1
2024-12-05 08:00:00,102649.78,103304.82,102327.5
2024-12-05 12:00:00,101390.87,103644.93,101043.69
2024-12-05 16:00:00,99063.07,102108.22,98660.75
2024-12-05 20:00:00,97053.82,99570.65,91741.97
2024-12-06 00:00:00,97783.65,98827.71,96427.0
2024-12-06 04:00:00,98213.11,98342.66,97421.55
2024-12-06 08:00:00,98157.03,98766.22,97739.6
2024-12-06 12:00:00,99434.22,99614.62,97590.62
2024-12-06 16:00:00,101614.11,101966.14,98889.31
2024-12-06 20:00:00,99897.97,102088.57,99241.62
2024-12-07 00:00:00,99447.02,100578.8,99431.03
2024-12-07 04:00:00,99544.76,99827.05,99025.63
2024-12-07 08:00:00,99737.22,99959.99,99416.88
2024-12-07 12:00:00,99843.67,99894.02,99153.48
2024-12-07 16:00:00,100169.44,100360.99,99555.55
2024-12-07 20:00:00,99926.38,100530.09,99688.69
2024-12-08 00:00:00,100018.66,100417.98,99732.32
2024-12-08 04:00:00,99747.14,100107.52,99424.82
2024-12-08 08:00:00,99762.52,99892.95,98730.22
2024-12-08 12:00:00,99970.27,100571.19,99430.0
2024-12-08 16:00:00,100136.09,100226.3,99529.51
2024-12-08 20:00:00,101189.81,101430.6,99780.71
2024-12-09 00:00:00,99153.44,101290.02,98529.0
2024-12-09 04:00:00,99611.69,99769.59,98376.22
2024-12-09 08:00:00,98066.46,99705.71,98022.18
2024-12-09 12:00:00,97757.1,100453.41,97489.93
2024-12-09 16:00:00,97006.16,98353.03,96925.17
2024-12-09 20:00:00,97338.34,97577.23,94567.01
2024-12-10 00:00:00,96967.34,98177.58,95625.09
2024-12-10 04:00:00,97220.0,97532.73,95950.66
2024-12-10 08:00:00,97770.53,97964.35,96986.84
2024-12-10 12:00:00,95695.57,98316.66,95668.2
2024-12-10 16:00:00,95884.74,96539.37,94284.0
2024-12-10 20:00:00,96657.88,97262.51,95644.41
2024-12-11 00:00:00,97435.78,97675.01,95730.76
2024-12-11 04:00:00,97387.7,97822.23,97218.83
2024-12-11 08:00:00,98350.66,98510.2,97363.02
2024-12-11 12:00:00,100453.51,100859.03,98114.2
2024-12-11 16:00:00,101253.93,101284.91,99700.24
2024-12-11 20:00:00,101203.07,101979.09,100965.37
2024-12-12 00:00:00,101095.07,101920.58,100413.91
2024-12-12 04:00:00,100532.08,101254.63,100444.27
2024-12-12 08:00:00,100384.5,101153.81,100204.19
2024-12-12 12:00:00,101859.26,101910.84,100381.46
2024-12-12 16:00:00,99487.64,102598.04,99311.56
2024-12-12 20:00:00,100041.98,100507.4,99476.92
2024-12-13 00:00:00,99743.71,100375.01,99232.64
2024-12-13 04:00:00,100161.84,100245.36,99517.84
2024-12-13 08:00:00,100364.47,100791.26,99912.32
2024-12-13 12:00:00,99887.7,101405.46,99717.92
2024-12-13 16:00:00,101487.59,101947.1,99807.93
2024-12-13 20:00:00,101429.78,101907.45,101114.88
2024-12-14 00:00:00,102101.54,102653.76,101151.05
2024-12-14 04:00:00,101828.2,102153.51,101604.59
2024-12-14 08:00:00,101579.49,101872.44,101323.52
2024-12-14 12:00:00,101617.44,101735.67,100828.47
2024-12-14 16:00:00,101317.5,101725.12,100827.49
2024-12-14 20:00:00,101402.95,101463.26,100606.28
2024-12-15 00:00:00,101708.68,102157.83,101228.16
2024-12-15 04:00:00,101714.51,102803.5,101520.92
2024-12-15 08:00:00,102641.2,102651.49,101569.37
2024-12-15 12:00:00,102667.61,103296.98,102430.35
2024-12-15 16:00:00,103220.55,103425.75,102558.11
2024-12-15 20:00:00,104424.54,105140.47,102618.48
2024-12-16 00:00:00,104545.23,106542.4,104253.14
2024-12-16 04:00:00,104956.07,105371.03,104435.63
2024-12-16 08:00:00,103728.63,104987.45,103612.56
2024-12-16 12:00:00,106356.73,106499.28,103299.75
2024-12-16 16:00:00,106617.77,107829.08,105821.0
2024-12-16 20:00:00,106089.2,106685.99,105503.37
2024-12-17 00:00:00,106880.93,106998.69,105702.31
2024-12-17 04:00:00,106821.34,107114.3,106370.21
2024-12-17 08:00:00,106804.21,107513.46,106714.36
2024-12-17 12:00:00,106487.1,108369.13,105727.41
2024-12-17 16:00:00,106472.72,107666.72,106152.08
2024-12-17 20:00:00,106140.14,106888.81,105308.99
2024-12-18 00:00:00,104766.97,106502.15,104579.33
2024-12-18 04:00:00,104239.72,104766.98,103130.19
2024-12-18 08:00:00,104995.29,105006.77,103721.04
2024-12-18 12:00:00,104407.32,105327.13,103619.42
2024-12-18 16:00:00,102754.02,104981.17,102746.66
2024-12-18 20:00:00,100147.26,102916.64,99946.11
2024-12-19 00:00:00,101114.27,101236.65,98706.43
2024-12-19 04:00:00,101609.58,101680.29,100586.1
2024-12-19 08:00:00,102398.23,102574.68,101332.02
2024-12-19 12:00:00,100609.22,102767.84,99414.29
2024-12-19 16:00:00,97097.43,101118.39,96146.43
2024-12-19 20:00:00,97381.1,98317.96,95555.55
2024-12-20 00:00:00,97009.85,97722.41,95864.78
2024-12-20 04:00:00,97703.46,98131.87,96317.08
2024-12-20 08:00:00,92590.73,97753.95,92508.09
2024-12-20 12:00:00,96923.17,97486.85,92144.03
2024-12-20 16:00:00,97084.4,97741.88,96275.57
2024-12-20 20:00:00,97769.49,97783.35,95378.12
2024-12-21 00:00:00,97450.91,97787.51,97159.07
2024-12-21 04:00:00,98983.53,99529.45,97335.06
2024-12-21 08:00:00,98238.6,99140.18,97771.06
2024-12-21 12:00:00,97492.44,98265.46,96379.46
2024-12-21 16:00:00,97216.32,97691.12,96781.78
2024-12-21 20:00:00,97223.39,97998.25,96508.19
2024-12-22 00:00:00,96932.19,97387.01,96501.53
2024-12-22 04:00:00,96137.32,97017.71,95844.76
2024-12-22 08:00:00,97041.69,97287.01,96125.8
2024-12-22 12:00:00,95306.19,97230.91,95067.18
2024-12-22 16:00:00,94744.9,96383.52,94614.04
2024-12-22 20:00:00,95098.66,95718.98,94186.04
2024-12-23 00:00:00,95913.67,95931.9,93633.39
2024-12-23 04:00:00,95317.86,96419.66,94633.09
2024-12-23 08:00:00,95825.07,96428.13,94957.11
2024-12-23 12:00:00,93137.0,96307.78,92997.29
2024-12-23 16:00:00,92919.68,94130.34,92560.23
2024-12-23 20:00:00,94771.64,95390.07,92378.53
2024-12-24 00:00:00,94223.67,94773.0,93437.9
2024-12-24 04:00:00,94096.98,94534.79,93693.43
2024-12-24 08:00:00,94258.82,94502.31,93711.62
2024-12-24 12:00:00,98228.66,98228.66,93929.44
2024-12-24 16:00:00,97564.48,99439.54,97507.9
2024-12-24 20:00:00,98606.93,99003.59,97193.85
2024-12-25 00:00:00,97958.89,98804.36,97651.65
2024-12-25 04:00:00,98010.23,98482.7,97777.01
2024-12-25 08:00:00,97828.68,99253.92,97712.23
2024-12-25 12:00:00,98433.05,98747.15,97568.85
2024-12-25 16:00:00,98929.1,99200.07,98045.88
2024-12-25 20:00:00,99356.06,99484.75,98306.07
2024-12-26 00:00:00,98925.64,99888.75,98410.47
2024-12-26 04:00:00,97663.83,98925.73,97635.51
2024-12-26 08:00:00,95585.03,97704.17,95098.08
2024-12-26 12:00:00,95968.23,96173.9,95126.05
2024-12-26 16:00:00,96027.78,96563.65,95354.49
2024-12-26 20:00:00,95680.19,96039.36,95203.98
2024-12-27 00:00:00,96297.08,96319.89,95287.56
2024-12-27 04:00:00,94985.9,96495.53,94557.54
2024-12-27 08:00:00,96841.97,97351.17,94984.21
2024-12-27 12:00:00,94431.08,96927.86,93854.82
2024-12-27 16:00:00,94610.42,94854.95,93270.34
2024-12-27 20:00:00,94170.09,94700.58,93999.35
2024-12-28 00:00:00,94450.63,94577.18,94008.53
2024-12-28 04:00:00,94218.59,94646.48,94145.75
2024-12-28 08:00:00,94602.84,94732.08,94154.01
2024-12-28 12:00:00,94291.11,95167.34,94204.42
2024-12-28 16:00:00,94863.04,95078.35,94241.16
2024-12-28 20:00:00,95140.15,95542.25,94711.53
2024-12-29 00:00:00,95011.15,95175.67,94667.67
2024-12-29 04:00:00,95116.51,95117.95,94820.93
2024-12-29 08:00:00,94894.12,95156.76,94878.23
2024-12-29 12:00:00,94360.66,95080.71,93893.04
2024-12-29 16:00:00,93441.34,94419.46,93224.38
2024-12-29 20:00:00,93564.85,93766.26,92850.44
2024-12-30 00:00:00,93514.05,94079.69,93192.1
2024-12-30 04:00:00,93551.97,93839.53,93044.14
2024-12-30 08:00:00,93755.49,93891.82,93306.82
2024-12-30 12:00:00,91953.46,94117.81,91310.52
2024-12-30 16:00:00,94299.4,94586.33,91647.56
2024-12-30 20:00:00,92646.21,94910.24,91784.53
2024-12-31 00:00:00,92361.6,92742.65,91894.97
2024-12-31 04:00:00,92736.26,92909.4,92219.67
2024-12-31 08:00:00,94095.71,94575.95,92716.87
2024-12-31 12:00:00,95289.31,96139.7,94095.71
2024-12-31 16:00:00,94034.29,95454.03,93049.88
2024-12-31 20:00:00,93391.98,94077.34,93215.57
2025-01-01 00:00:00,93651.42,94297.0,93294.16
2025-01-01 04:00:00,93495.75,93714.43,93332.1
2025-01-01 08:00:00,93268.28,93560.47,92728.81
2025-01-01 12:00:00,94235.68,94294.95,93209.49
2025-01-01 16:00:00,94430.97,94617.9,93551.4
2025-01-01 20:00:00,94392.51,94953.5,94347.55
2025-01-02 00:00:00,94838.91,95330.95,94197.85
2025-01-02 04:00:00,95694.26,95827.71,94822.4
2025-01-02 08:00:00,96642.12,96772.36,95506.58
2025-01-02 12:00:00,96375.21,97286.55,95867.51
2025-01-02 16:00:00,97234.23,97698.23,95945.96
2025-01-02 20:00:00,96900.96,97766.59,96604.54
2025-01-03 00:00:00,96985.95,97258.96,96568.03
2025-01-03 04:00:00,96242.96,96987.64,96215.93
2025-01-03 08:00:00,96690.6,96759.81,96021.74
2025-01-03 12:00:00,97468.37,97605.46,96400.78
2025-01-03 16:00:00,98568.15,98963.23,97357.76
2025-01-03 20:00:00,98135.8,98731.86,98033.0
2025-01-04 00:00:00,98169.65,98267.18,97770.32
2025-01-04 04:00:00,98235.31,98293.37,97840.5
2025-01-04 08:00:00,97860.11,98266.51,97527.11
2025-01-04 12:00:00,97656.7,98131.44,97522.47
2025-01-04 16:00:00,98158.14,98350.59,97568.8
2025-01-04 20:00:00,98213.69,98757.16,98147.25
2025-01-05 00:00:00,98159.49,98380.87,98034.39
2025-01-05 04:00:00,98255.82,98496.87,98159.12
2025-01-05 08:00:00,97620.54,98255.91,97564.69
2025-01-05 12:00:00,98007.16,98245.88,97248.4
2025-01-05 16:00:00,98054.12,98313.83,97576.26
2025-01-05 20:00:00,98346.97,98818.4,98004.02
2025-01-06 00:00:00,99007.63,99256.21,97908.09
2025-01-06 04:00:00,99291.4,99875.41,99007.63
2025-01-06 08:00:00,99226.46,99600.74,98671.81
2025-01-06 12:00:00,102175.15,102491.8,98689.25
2025-01-06 16:00:00,101857.77,102530.34,101291.97
2025-01-06 20:00:00,102282.2,102409.65,101633.55
2025-01-07 00:00:00,101731.43,102747.54,101541.44
2025-01-07 04:00:00,101689.11,102026.98,101601.7
2025-01-07 08:00:00,100837.98,101993.91,100473.31
2025-01-07 12:00:00,97902.4,100960.06,97114.59
2025-01-07 16:00:00,96402.99,98313.2,96275.71
2025-01-07 20:00:00,96942.47,97197.61,96112.95
2025-01-08 00:00:00,96522.05,97251.53,96209.8
2025-01-08 04:00:00,95627.44,96636.06,95228.5
2025-01-08 08:00:00,95100.33,96105.68,94511.12
2025-01-08 12:00:00,95464.39,96036.75,94605.48
2025-01-08 16:00:00,94218.49,95471.8,92488.45
2025-01-08 20:00:00,95051.06,95286.41,93582.15
2025-01-09 00:00:00,93986.61,95345.44,93426.15
2025-01-09 04:00:00,93190.84,94580.59,93172.34
2025-01-09 08:00:00,93425.52,93816.81,92710.65
2025-01-09 12:00:00,94233.76,94559.72,91765.27
2025-01-09 16:00:00,91905.41,94687.81,91895.56
2025-01-09 20:00:00,92548.12,92709.31,91197.56
2025-01-10 00:00:00,93705.47,93716.54,92460.52
2025-01-10 04:00:00,94502.78,94983.97,93506.41
2025-01-10 08:00:00,95085.67,95284.65,94399.14
2025-01-10 12:00:00,93727.63,95134.68,92206.53
2025-01-10 16:00:00,95331.4,95845.36,93178.76
2025-01-10 20:00:00,94710.29,95448.0,94579.21
2025-01-11 00:00:00,94183.95,94725.19,94087.4
2025-01-11 04:00:00,94211.86,94410.4,93826.56
2025-01-11 08:00:00,94582.16,94755.95,93999.59
2025-01-11 12:00:00,94381.82,94613.35,94270.95
2025-01-11 16:00:00,94192.53,94682.22,93918.8
2025-01-11 20:00:00,94569.95,94985.54,94141.18
2025-01-12 00:00:00,94579.09,94650.44,94265.78
2025-01-12 04:00:00,94284.87,94611.57,94245.22
2025-01-12 08:00:00,94213.69,94345.16,93675.7
2025-01-12 12:00:00,95029.85,95388.08,94129.82
2025-01-12 16:00:00,94613.78,95261.76,94542.44
2025-01-12 20:00:00,94505.67,94768.39,93755.99
2025-01-13 00:00:00,94232.78,95894.16,93860.35
2025-01-13 04:00:00,93517.77,94869.73,93220.53
2025-01-13 08:00:00,90764.62,93597.49,90752.27
2025-01-13 12:00:00,92103.74,93075.71,89153.4
2025-01-13 16:00:00,92266.98,92491.09,91186.3
2025-01-13 20:00:00,94517.66,94689.27,91856.56
2025-01-14 00:00:00,94845.74,95255.04,94324.09
2025-01-14 04:00:00,94833.84,95456.67,94707.01
2025-01-14 08:00:00,96517.71,97357.87,94833.74
2025-01-14 12:00:00,96430.33,97239.84,95728.5
2025-01-14 16:00:00,96496.3,97051.76,95303.78
2025-01-14 20:00:00,96526.87,96885.82,96093.2
2025-01-15 00:00:00,97287.4,97522.68,96466.75
2025-01-15 04:00:00,97277.0,97687.64,96717.08
2025-01-15 08:00:00,96722.2,97505.53,96479.62
2025-01-15 12:00:00,98994.04,99793.98,96506.92
2025-01-15 16:00:00,99864.98,99984.7,98616.72
2025-01-15 20:00:00,100510.84,100719.11,99480.44
2025-01-16 00:00:00,99462.86,100867.35,99155.53
2025-01-16 04:00:00,99770.0,99879.76,99307.17
2025-01-16 08:00:00,99150.44,99791.66,98596.02
2025-01-16 12:00:00,99272.5,99496.6,97275.38
2025-01-16 16:00:00,100399.35,100431.95,99060.55
2025-01-16 20:00:00,99979.43,100641.77,99376.43
2025-01-17 00:00:00,101027.78,102111.8,99941.15
2025-01-17 04:00:00,101463.79,101887.06,100934.2
2025-01-17 08:00:00,102226.01,102550.84,101441.27
2025-01-17 12:00:00,104053.37,104317.48,102179.06
2025-01-17 16:00:00,105919.43,105926.06,103884.09
2025-01-17 20:00:00,104111.13,105923.31,104100.0
2025-01-18 00:00:00,103557.85,104689.3,103064.73
2025-01-18 04:00:00,102781.27,103734.27,102561.27
2025-01-18 08:00:00,103545.36,103822.35,102234.37
2025-01-18 12:00:00,104504.94,104927.11,103085.41
2025-01-18 16:00:00,104283.36,104639.15,103074.04
2025-01-18 20:00:00,104431.52,104637.39,103689.36
2025-01-19 00:00:00,104864.02,105328.22,103908.42
2025-01-19 04:00:00,105010.98,105490.13,104152.44
2025-01-19 08:00:00,104191.56,105289.13,103290.24
2025-01-19 12:00:00,104792.26,105549.03,104150.58
2025-01-19 16:00:00,106062.98,106075.45,104392.18
2025-01-19 20:00:00,101212.56,106317.18,99537.53
2025-01-20 00:00:00,101791.76,102167.09,99449.75
2025-01-20 04:00:00,106962.44,109340.21,101443.03
2025-01-20 08:00:00,108107.42,109043.4,106939.47
2025-01-20 12:00:00,104830.15,108552.98,104384.87
2025-01-20 16:00:00,103586.96,106885.4,100529.19
2025-01-20 20:00:00,102148.74,104217.42,101619.42
2025-01-21 00:00:00,102812.15,103119.97,100069.04
2025-01-21 04:00:00,101866.79,102843.12,100989.28
2025-01-21 08:00:00,103665.49,103866.19,101627.45
2025-01-21 12:00:00,103859.16,105231.2,102696.36
2025-01-21 16:00:00,107043.98,107252.77,103737.36
2025-01-21 20:00:00,106155.61,107206.02,105434.49
2025-01-22 00:00:00,105613.84,106398.57,105454.98
2025-01-22 04:00:00,105079.59,105952.79,105053.9
2025-01-22 08:00:00,105072.26,105445.72,104614.44
2025-01-22 12:00:00,104191.51,105584.66,103631.42
2025-01-22 16:00:00,104610.39,104725.8,103321.48
2025-01-22 20:00:00,103669.08,104812.85,103596.93
2025-01-23 00:00:00,102392.43,103776.85,102028.19
2025-01-23 04:00:00,102655.38,102910.45,101520.1
2025-01-23 08:00:00,101918.8,102655.49,101221.0
2025-01-23 12:00:00,105282.63,106057.12,101277.07
2025-01-23 16:00:00,103814.24,106865.3,103437.61
2025-01-23 20:00:00,103933.88,106493.83,102272.96
2025-01-24 00:00:00,103886.95,104282.06,102751.09
2025-01-24 04:00:00,105062.32,105341.08,103793.51
2025-01-24 08:00:00,105436.82,105767.76,104926.45
2025-01-24 12:00:00,105887.11,106335.36,104680.91
2025-01-24 16:00:00,105802.03,107170.86,105609.65
2025-01-24 20:00:00,104854.78,105802.03,104462.63
2025-01-25 00:00:00,105176.5,105251.53,104357.48
2025-01-25 04:00:00,104369.72,105181.74,104202.44
2025-01-25 08:00:00,104668.02,104686.14,104107.08
2025-01-25 12:00:00,104897.66,105100.37,104453.27
2025-01-25 16:00:00,105033.34,105282.15,104448.52
2025-01-25 20:00:00,104733.15,105241.71,104681.47
2025-01-26 00:00:00,105044.0,105208.78,104507.29
2025-01-26 04:00:00,104975.05,105475.33,104925.85
2025-01-26 08:00:00,104812.69,105193.06,104427.01
2025-01-26 12:00:00,104961.04,105052.56,104702.25
2025-01-26 16:00:00,105067.31,105234.58,104885.2
2025-01-26 20:00:00,102576.93,105174.63,102487.8
2025-01-27 00:00:00,101366.75,103230.24,100667.26
2025-01-27 04:00:00,99000.52,101368.49,97712.77
2025-01-27 08:00:00,98719.44,99494.71,98217.63
2025-01-27 12:00:00,101095.22,102338.48,98676.29
2025-01-27 16:00:00,99644.42,101223.83,98814.21
2025-01-27 20:00:00,102065.72,102405.54,99556.04
2025-01-28 00:00:00,102639.1,102924.31,101329.64
2025-01-28 04:00:00,102801.61,103363.33,102523.59
2025-01-28 08:00:00,102759.05,103180.52,102389.09
2025-01-28 12:00:00,102772.19,103787.72,101812.79
2025-01-28 16:00:00,102404.03,103099.17,101802.25
2025-01-28 20:00:00,101284.47,102509.51,100221.08
2025-01-29 00:00:00,102015.79,102277.33,101279.83
2025-01-29 04:00:00,102698.82,102813.57,101938.65
2025-01-29 08:00:00,102581.34,102985.69,102138.17
2025-01-29 12:00:00,101959.17,102768.46,101548.41
2025-01-29 16:00:00,103583.27,103974.16,101397.92
2025-01-29 20:00:00,103742.97,104796.98,102842.68
2025-01-30 00:00:00,105214.68,105309.74,103297.81
2025-01-30 04:00:00,105142.63,105613.7,104830.22
2025-01-30 08:00:00,105299.32,105538.63,104946.15
2025-01-30 12:00:00,105589.27,106472.04,104640.84
2025-01-30 16:00:00,105736.33,106029.37,104754.74
2025-01-30 20:00:00,104739.58,105848.6,104701.2
2025-01-31 00:00:00,104325.51,105044.46,103922.09
2025-01-31 04:00:00,104191.09,104798.49,103947.59
2025-01-31 08:00:00,104737.22,104841.5,103904.69
2025-01-31 12:00:00,105496.48,106101.91,104099.56
2025-01-31 16:00:00,102260.36,105622.74,102068.43
2025-01-31 20:00:00,102412.41,102465.53,101514.21
2025-02-01 00:00:00,102227.02,102768.26,102186.77
2025-02-01 04:00:00,102150.71,102576.62,102118.96
2025-02-01 08:00:00,102008.08,102258.4,101394.18
2025-02-01 12:00:00,102056.74,102304.79,101709.03
2025-02-01 16:00:00,101655.12,102270.9,101436.5
2025-02-01 20:00:00,100619.87,101655.91,100270.22
2025-02-02 00:00:00,99178.11,101436.9,99144.99
2025-02-02 04:00:00,99606.8,100481.58,99028.94
2025-02-02 08:00:00,98825.37,100073.23,98609.45
2025-02-02 12:00:00,99317.3,99412.17,98123.81
2025-02-02 16:00:00,98221.51,99332.45,96781.05
2025-02-02 20:00:00,97665.06,98582.26,96158.45
2025-02-03 00:00:00,94111.3,97749.64,91142.87
2025-02-03 04:00:00,95416.65,95496.15,92702.65
2025-02-03 08:00:00,95179.57,96037.77,94876.1
2025-02-03 12:00:00,99027.01,99658.73,94222.36
2025-02-03 16:00:00,102071.77,102071.77,98146.98
2025-02-03 20:00:00,101451.28,102575.82,101030.57
2025-02-04 00:00:00,100707.28,101800.32,100646.67
2025-02-04 04:00:00,98516.16,100843.39,98311.6
2025-02-04 08:00:00,99046.99,99510.78,97929.94
2025-02-04 12:00:00,99432.4,100495.12,98370.35
2025-02-04 16:00:00,98921.05,100855.9,98822.27
2025-02-04 20:00:00,97794.88,99500.97,95090.81
2025-02-05 00:00:00,98083.28,98974.06,97167.05
2025-02-05 04:00:00,97908.01,98372.11,97407.11
2025-02-05 08:00:00,98261.99,98274.7,97308.88
2025-02-05 12:00:00,98146.08,99208.65,97791.26
2025-02-05 16:00:00,97386.68,98314.79,96499.83
2025-02-05 20:00:00,96633.71,97733.54,96175.47
2025-02-06 00:00:00,97367.71,97514.04,96459.74
2025-02-06 04:00:00,98240.57,98464.09,97282.2
2025-02-06 08:00:00,98921.43,99180.75,97935.37
2025-02-06 12:00:00,97351.8,99093.8,96966.36
2025-02-06 16:00:00,96004.99,97581.41,95691.57
2025-02-06 20:00:00,96564.27,97102.08,95814.06
2025-02-07 00:00:00,97469.79,97838.91,96429.32
2025-02-07 04:00:00,96762.49,97893.36,96615.61
2025-02-07 08:00:00,97778.94,97785.16,96632.77
2025-02-07 12:00:00,98339.7,100202.29,97217.33
2025-02-07 16:00:00,96910.06,98618.82,96903.55
2025-02-07 20:00:00,96532.73,96949.05,95630.04
2025-02-08 00:00:00,96715.33,96906.35,96375.88
2025-02-08 04:00:00,96236.03,96716.43,95791.62
2025-02-08 08:00:00,96118.58,96300.78,95856.33
2025-02-08 12:00:00,95841.48,96486.74,95685.31
2025-02-08 16:00:00,96602.6,96767.0,95736.58
2025-02-08 20:00:00,96475.59,96719.16,96374.25
2025-02-09 00:00:00,97331.38,97331.6,96385.51
2025-02-09 04:00:00,97089.3,97340.86,96801.69
2025-02-09 08:00:00,96580.76,97309.03,96579.6
2025-02-09 12:00:00,96512.09,96730.54,95737.9
2025-02-09 16:00:00,96087.36,96593.36,95912.88
2025-02-09 20:00:00,96485.6,96765.11,94752.27
2025-02-10 00:00:00,96819.29,97148.24,95276.7
2025-02-10 04:00:00,97449.05,97663.01,96643.67
2025-02-10 08:00:00,97690.61,97983.32,97378.24
2025-02-10 12:00:00,97256.16,98363.35,96893.98
2025-02-10 16:00:00,97398.45,97660.55,96890.57
2025-02-10 20:00:00,97458.59,97516.38,97156.2
2025-02-11 00:00:00,97641.01,98158.69,97445.47
2025-02-11 04:00:00,98286.23,98499.44,97582.86
2025-02-11 08:00:00,98163.55,98345.18,97908.31
2025-02-11 12:00:00,97022.56,98175.15,96619.69
2025-02-11 16:00:00,95041.72,97053.8,94852.37
2025-02-11 20:00:00,95781.05,96498.89,94925.53
2025-02-12 00:00:00,95274.13,96248.56,95070.6
2025-02-12 04:00:00,96062.33,96164.48,95236.49
2025-02-12 08:00:00,96103.96,96467.51,95913.84
2025-02-12 12:00:00,95821.17,96618.45,94087.33
2025-02-12 16:00:00,97207.55,97717.29,95122.37
2025-02-12 20:00:00,97874.61,98127.45,96868.03
2025-02-13 00:00:00,97510.92,98104.11,97379.5
2025-02-13 04:00:00,96069.65,97566.53,95796.1
2025-02-13 08:00:00,95946.39,96351.93,95606.33
2025-02-13 12:00:00,95999.24,96480.77,95340.42
2025-02-13 16:00:00,95636.88,96388.85,95225.08
2025-02-13 20:00:00,96632.78,96781.78,95611.63
2025-02-14 00:00:00,97159.91,97208.07,96393.94
2025-02-14 04:00:00,96968.46,97247.78,96585.85
2025-02-14 08:00:00,96899.28,97207.21,96811.92
2025-02-14 12:00:00,96943.53,97586.1,96282.72
2025-02-14 16:00:00,97986.26,98869.28,96515.22
2025-02-14 20:00:00,97508.71,98296.62,96735.89
2025-02-15 00:00:00,97684.97,97979.54,97245.24
2025-02-15 04:00:00,97375.97,97801.15,97371.37
2025-02-15 08:00:00,97627.94,97749.57,97329.9
2025-02-15 12:00:00,97641.04,97944.8,97444.33
2025-02-15 16:00:00,97547.46,97718.79,97336.51
2025-02-15 20:00:00,97596.21,97752.58,97428.93
2025-02-16 00:00:00,97553.06,97728.27,97447.15
2025-02-16 04:00:00,97255.28,97677.91,97222.69
2025-02-16 08:00:00,97336.38,97395.54,97080.59
2025-02-16 12:00:00,96927.94,97346.07,96681.62
2025-02-16 16:00:00,97077.38,97179.71,96671.84
2025-02-16 20:00:00,96132.69,97283.09,96069.15
2025-02-17 00:00:00,96228.34,96636.74,96056.02
2025-02-17 04:00:00,96088.89,96476.87,95824.84
2025-02-17 08:00:00,96077.86,96411.52,95961.59
2025-02-17 12:00:00,95681.86,97046.2,95586.63
2025-02-17 16:00:00,95547.29,95954.26,95226.61
2025-02-17 20:00:00,95790.31,96433.5,95512.31
2025-02-18 00:00:00,96202.33,96316.92,95558.92
2025-02-18 04:00:00,95452.9,96299.58,95265.05
2025-02-18 08:00:00,95625.77,95866.09,95104.15
2025-02-18 12:00:00,95534.35,96736.69,95185.18
2025-02-18 16:00:00,94061.81,95620.8,93361.47
2025-02-18 20:00:00,95630.67,95637.71,93706.64
2025-02-19 00:00:00,95692.53,95927.52,95032.61
2025-02-19 04:00:00,95679.44,95833.28,95034.97
2025-02-19 08:00:00,96415.42,96455.69,95619.83
2025-02-19 12:00:00,95933.74,96710.14,95528.88
2025-02-19 16:00:00,96199.11,96489.42,95416.06
2025-02-19 20:00:00,96640.99,96885.35,96058.69
2025-02-20 00:00:00,97079.04,97373.22,96430.11
2025-02-20 04:00:00,96889.89,97355.44,96802.49
2025-02-20 08:00:00,97223.63,97399.19,96815.12
2025-02-20 12:00:00,96917.03,98076.07,96826.66
2025-02-20 16:00:00,98455.98,98556.05,96897.12
2025-02-20 20:00:00,98345.66,98763.14,98048.2
2025-02-21 00:00:00,98176.22,98540.89,98119.71
2025-02-21 04:00:00,98217.98,98630.5,98156.81
2025-02-21 08:00:00,98663.52,98933.18,98143.64
2025-02-21 12:00:00,98127.48,99519.21,97185.46
2025-02-21 16:00:00,95241.65,98769.99,95188.7
2025-02-21 20:00:00,96150.27,96196.83,94775.25
2025-02-22 00:00:00,96303.34,96461.2,95771.79
2025-02-22 04:00:00,96296.24,96574.64,96287.99
2025-02-22 08:00:00,96576.77,96619.29,96138.94
2025-02-22 12:00:00,96605.51,96973.86,96497.12
2025-02-22 16:00:00,96646.1,96821.36,96364.69
2025-02-22 20:00:00,96580.46,96733.41,96513.48
2025-02-23 00:00:00,96447.28,96674.04,96392.08
2025-02-23 04:00:00,96540.06,96599.03,96163.23
2025-02-23 08:00:00,96111.99,96540.06,95640.67
2025-02-23 12:00:00,95456.7,96161.93,95437.53
2025-02-23 16:00:00,95774.19,95886.87,95255.75
2025-02-23 20:00:00,96274.12,96332.22,95541.79
2025-02-24 00:00:00,95445.71,96514.26,95342.25
2025-02-24 04:00:00,95897.15,95973.42,95086.6
2025-02-24 08:00:00,95848.21,96179.76,95391.73
2025-02-24 12:00:00,94315.82,96097.99,93823.66
2025-02-24 16:00:00,93943.22,95200.01,93678.49
2025-02-24 20:00:00,91536.97,94554.14,91349.77
2025-02-25 00:00:00,92172.97,92540.35,90933.98
2025-02-25 04:00:00,89353.43,92326.56,88369.44
2025-02-25 08:00:00,89234.37,90016.35,86860.62
2025-02-25 12:00:00,87147.51,89528.12,85944.14
2025-02-25 16:00:00,87845.94,87967.94,86103.61
2025-02-25 20:00:00,88609.26,89394.9,87538.11
2025-02-26 00:00:00,88816.39,89320.19,88065.4
2025-02-26 04:00:00,88655.23,89152.3,88336.84
2025-02-26 08:00:00,88560.5,89251.02,88082.81
2025-02-26 12:00:00,87462.81,88624.86,85397.67
2025-02-26 16:00:00,83786.06,87707.96,83478.28
2025-02-26 20:00:00,84128.38,85295.79,82199.13
2025-02-27 00:00:00,85158.27,85334.47,83956.75
2025-02-27 04:00:00,86226.69,86654.23,84625.72
2025-02-27 08:00:00,86642.61,87008.08,85816.23
2025-02-27 12:00:00,85445.75,86729.82,84592.11
2025-02-27 16:00:00,84012.46,85622.84,83505.42
2025-02-27 20:00:00,84657.34,84858.26,82601.58
2025-02-28 00:00:00,80375.99,84822.58,79532.2
2025-02-28 04:00:00,79126.58,80893.94,78784.7
2025-02-28 08:00:00,80474.68,80794.48,78203.72
2025-02-28 12:00:00,84021.88,84451.32,80039.7
2025-02-28 16:00:00,84425.26,85114.25,83188.74
2025-02-28 20:00:00,84322.57,84786.15,83590.62
2025-03-01 00:00:00,85310.45,85637.55,83798.96
2025-03-01 04:00:00,84717.19,86537.62,84712.68
2025-03-01 08:00:00,84613.85,85490.36,84358.88
2025-03-01 12:00:00,84772.17,84914.1,84327.44
2025-03-01 16:00:00,85459.86,85539.72,84679.4
2025-03-01 20:00:00,86050.58,86252.92,85281.32
2025-03-02 00:00:00,85863.52,86480.03,85619.78
2025-03-02 04:00:00,86230.78,86538.26,85526.99
2025-03-02 08:00:00,86098.05,86245.23,85659.92
2025-03-02 12:00:00,87433.23,88662.04,85047.82
2025-03-02 16:00:00,93530.41,95106.04,87352.89
2025-03-02 20:00:00,94275.76,94846.49,93526.55
2025-03-03 00:00:00,92687.54,94415.65,92421.74
2025-03-03 04:00:00,92347.11,93320.49,91170.02
2025-03-03 08:00:00,92713.38,92871.27,91131.16
2025-03-03 12:00:00,89969.6,93708.94,89130.39
2025-03-03 16:00:00,85528.04,90941.48,85487.47
2025-03-03 20:00:00,86158.95,86974.81,85071.66
2025-03-04 00:00:00,83939.99,86730.05,82429.42
2025-03-04 04:00:00,83142.07,84518.67,83101.97
2025-03-04 08:00:00,83905.84,84319.57,83000.38
2025-03-04 12:00:00,82914.46,84892.52,81449.43
2025-03-04 16:00:00,88206.87,88490.35,81979.78
2025-03-04 20:00:00,87255.42,88941.97,86579.72
2025-03-05 00:00:00,86813.24,87869.22,86341.87
2025-03-05 04:00:00,87606.47,87700.12,86709.05
2025-03-05 08:00:00,89817.09,90647.93,87582.48
2025-03-05 12:00:00,88338.73,90933.37,87920.23
2025-03-05 16:00:00,89742.24,90465.84,87579.44
2025-03-05 20:00:00,90610.8,91001.98,89670.24
2025-03-06 00:00:00,91607.03,92010.78,89984.91
2025-03-06 04:00:00,91336.45,92808.83,91258.29
2025-03-06 08:00:00,91354.07,91653.42,90612.04
2025-03-06 12:00:00,90817.43,91453.54,89115.7
2025-03-06 16:00:00,88510.74,91059.95,87818.33
2025-03-06 20:00:00,89931.91,90746.44,88459.7
2025-03-07 00:00:00,86967.06,91275.25,84649.25
2025-03-07 04:00:00,88363.14,88608.19,86859.71
2025-03-07 08:00:00,88965.64,89700.11,87998.9
2025-03-07 12:00:00,88439.51,91103.62,88026.98
2025-03-07 16:00:00,87784.36,89015.85,86523.15
2025-03-07 20:00:00,86766.61,88471.08,85568.25
2025-03-08 00:00:00,85906.57,86860.89,85206.97
2025-03-08 04:00:00,86177.33,86634.11,85636.45
2025-03-08 08:00:00,85927.02,86440.22,85752.87
2025-03-08 12:00:00,86369.55,86601.0,85796.0
2025-03-08 16:00:00,86213.55,86477.06,85647.26
2025-03-08 20:00:00,86225.0,86505.32,85869.96
2025-03-09 00:00:00,86144.48,86509.85,85976.24
2025-03-09 04:00:00,86024.52,86170.37,85837.58
2025-03-09 08:00:00,85040.43,86101.18,84681.16
2025-03-09 12:00:00,83086.81,85065.92,82782.75
2025-03-09 16:00:00,82629.56,83741.0,82226.62
2025-03-09 20:00:00,80719.05,83532.77,80006.76
2025-03-10 00:00:00,82043.89,82743.29,80059.01
2025-03-10 04:00:00,82318.05,82791.24,81997.88
2025-03-10 08:00:00,83566.77,84037.25,81166.27
2025-03-10 12:00:00,80012.62,83771.11,79162.51
2025-03-10 16:00:00,79001.24,80221.48,77420.92
2025-03-10 20:00:00,78561.62,79844.92,78365.84
2025-03-11 00:00:00,79503.78,79900.61,76581.52
2025-03-11 04:00:00,80428.79,80595.07,79429.42
2025-03-11 08:00:00,81716.86,82080.85,80335.66
2025-03-11 12:00:00,81202.16,82214.24,79030.98
2025-03-11 16:00:00,83091.1,83608.26,80622.51
2025-03-11 20:00:00,82919.47,83293.36,82550.08
2025-03-12 00:00:00,82109.35,83755.11,82095.53
2025-03-12 04:00:00,82414.9,82503.75,81263.75
2025-03-12 08:00:00,82991.61,83050.78,82014.83
2025-03-12 12:00:00,81719.66,84410.29,80596.11
2025-03-12 16:00:00,82919.91,83141.74,81613.05
2025-03-12 20:00:00,83665.14,83871.78,82704.07
2025-03-13 00:00:00,83560.39,84307.29,83304.38
2025-03-13 04:00:00,83147.16,83688.65,82856.19
2025-03-13 08:00:00,82946.83,83499.6,82406.69
2025-03-13 12:00:00,81025.45,83794.84,80945.01
2025-03-13 16:00:00,80147.97,81230.23,79915.4
2025-03-13 20:00:00,81081.43,81444.84,80114.14
2025-03-14 00:00:00,81876.88,82237.06,80787.81
2025-03-14 04:00:00,82187.28,82433.96,81769.09
2025-03-14 08:00:00,83252.26,83340.24,82171.36
2025-03-14 12:00:00,84739.19,85315.9,82631.74
2025-03-14 16:00:00,84574.98,84965.09,83959.46
2025-03-14 20:00:00,83995.47,84579.11,83736.97
2025-03-15 00:00:00,84499.88,84688.82,83987.04
2025-03-15 04:00:00,83857.07,84574.09,83822.98
2025-03-15 08:00:00,84123.2,84186.47,83628.73
2025-03-15 12:00:00,84347.59,84489.22,84034.44
2025-03-15 16:00:00,84315.81,84502.6,84132.51
2025-03-15 20:00:00,84355.92,84480.44,84264.06
2025-03-16 00:00:00,84336.72,84392.22,83764.31
2025-03-16 04:00:00,84286.44,84422.28,83992.04
2025-03-16 08:00:00,82420.13,84342.03,82391.02
2025-03-16 12:00:00,83328.44,83474.5,82402.42
2025-03-16 16:00:00,83107.67,85083.1,82589.32
2025-03-16 20:00:00,82572.37,83445.41,81992.19
2025-03-17 00:00:00,83676.18,83716.54,82525.55
2025-03-17 04:00:00,83557.34,83857.49,82676.87
2025-03-17 08:00:00,83518.2,83760.94,83204.46
2025-03-17 12:00:00,83530.42,83960.63,82442.95
2025-03-17 16:00:00,84482.4,84760.98,83110.84
2025-03-17 20:00:00,84025.12,84504.65,83757.38
2025-03-18 00:00:00,83140.65,84039.3,82962.23
2025-03-18 04:00:00,83164.51,83271.46,82251.69
2025-03-18 08:00:00,82592.28,83458.07,82507.5
2025-03-18 12:00:00,81601.04,82813.8,81137.39
2025-03-18 16:00:00,82315.4,82489.94,81243.5
2025-03-18 20:00:00,82716.74,82807.09,81877.7
2025-03-19 00:00:00,83056.14,83230.31,82562.03
2025-03-19 04:00:00,83216.53,83379.7,82801.88
2025-03-19 08:00:00,83890.63,84093.41,83202.29
2025-03-19 12:00:00,84755.38,84910.6,83536.05
2025-03-19 16:00:00,85472.02,85974.21,83594.37
2025-03-19 20:00:00,86878.5,87036.45,85243.65
2025-03-20 00:00:00,85905.92,87483.4,85650.6
2025-03-20 04:00:00,85833.25,86016.34,85453.33
2025-03-20 08:00:00,85482.23,86318.56,84756.87
2025-03-20 12:00:00,84674.61,86504.86,84561.66
2025-03-20 16:00:00,84141.26,84871.79,83611.66
2025-03-20 20:00:00,84178.31,84569.02,83879.93
2025-03-21 00:00:00,84421.02,84798.7,84148.27
2025-03-21 04:00:00,83901.29,84781.49,83705.01
2025-03-21 08:00:00,84016.54,84289.28,83701.26
2025-03-21 12:00:00,83525.65,84319.12,83129.17
2025-03-21 16:00:00,83921.44,84384.39,83332.67
2025-03-21 20:00:00,84060.48,84551.92,83780.07
2025-03-22 00:00:00,84228.37,84295.22,83968.5
2025-03-22 04:00:00,84253.07,84395.84,84139.76
2025-03-22 08:00:00,84213.65,84503.68,84111.83
2025-03-22 12:00:00,84103.09,84270.04,83971.1
2025-03-22 16:00:00,84173.9,84319.08,84055.86
2025-03-22 20:00:00,83837.39,84210.45,83661.65
2025-03-23 00:00:00,84222.53,84266.86,83807.2
2025-03-23 04:00:00,84275.57,84328.27,84071.42
2025-03-23 08:00:00,84683.87,85022.53,84258.68
2025-03-23 12:00:00,85176.4,85241.48,84577.0
2025-03-23 16:00:00,85017.18,85403.82,84815.28
2025-03-23 20:00:00,86091.67,86126.45,84932.5
2025-03-24 00:00:00,86533.51,86643.18,85546.71
2025-03-24 04:00:00,86891.58,87295.59,86533.48
2025-03-24 08:00:00,87707.11,87895.13,86874.62
2025-03-24 12:00:00,88353.78,88782.52,87151.54
2025-03-24 16:00:00,88291.95,88574.4,87721.18
2025-03-24 20:00:00,87520.48,88531.17,87092.21
2025-03-25 00:00:00,86535.52,87705.81,86361.38
2025-03-25 04:00:00,86453.39,86885.51,86325.18
2025-03-25 08:00:00,87388.73,87509.45,86425.16
2025-03-25 12:00:00,87804.78,88287.47,86953.16
2025-03-25 16:00:00,88164.21,88363.49,87620.72
2025-03-25 20:00:00,87439.7,88575.0,87178.86
2025-03-26 00:00:00,87178.28,87922.61,87067.39
2025-03-26 04:00:00,88173.12,88297.12,87090.8
2025-03-26 08:00:00,87996.71,88290.92,87863.56
2025-03-26 12:00:00,86766.22,88043.22,86473.15
2025-03-26 16:00:00,86577.81,87062.11,85867.66
2025-03-26 20:00:00,86923.95,87420.39,86527.38
2025-03-27 00:00:00,87692.56,87779.02,86818.96
2025-03-27 04:00:00,87431.74,87717.17,87288.13
2025-03-27 08:00:00,86959.42,87608.99,86819.57
2025-03-27 12:00:00,86960.25,87575.11,85817.84
2025-03-27 16:00:00,87050.85,87420.41,86784.13
2025-03-27 20:00:00,87218.89,87713.63,86934.19
2025-03-28 00:00:00,86772.44,87492.39,86738.55
2025-03-28 04:00:00,85175.96,86813.23,85131.56
2025-03-28 08:00:00,85221.95,85404.74,84785.87
2025-03-28 12:00:00,84013.32,85544.05,83910.88
2025-03-28 16:00:00,83742.26,84158.41,83544.63
2025-03-28 20:00:00,84387.01,84485.28,83674.42
2025-03-29 00:00:00,84151.58,84583.02,83692.55
2025-03-29 04:00:00,83711.05,84232.85,83640.96
2025-03-29 08:00:00,82259.03,83911.07,81985.66
2025-03-29 12:00:00,82395.32,82854.1,82120.32
2025-03-29 16:00:00,82728.2,82728.9,81634.23
2025-03-29 20:00:00,82625.65,82764.32,82246.16
2025-03-30 00:00:00,83077.75,83485.53,82489.94
2025-03-30 04:00:00,83066.34,83300.12,82857.54
2025-03-30 08:00:00,83100.15,83516.72,82972.45
2025-03-30 12:00:00,82711.21,83248.44,82571.55
2025-03-30 16:00:00,82540.98,82874.12,82038.3
2025-03-30 20:00:00,82379.51,82741.5,81563.47
2025-03-31 00:00:00,81526.06,82445.15,81290.13
2025-03-31 04:00:00,81905.88,82295.59,81416.41
2025-03-31 08:00:00,82186.48,82266.35,81297.81
2025-03-31 12:00:00,83419.41,83917.4,81651.54
2025-03-31 16:00:00,82436.23,83692.01,82383.02
2025-03-31 20:00:00,82539.52,82846.65,82253.78
2025-04-01 00:00:00,82952.06,83231.93,82419.98
2025-04-01 04:00:00,83458.12,83590.21,82881.57
2025-04-01 08:00:00,83921.77,84502.82,83429.45
2025-04-01 12:00:00,85288.63,85509.24,82512.89
2025-04-01 16:00:00,84955.09,85492.53,84719.35
2025-04-01 20:00:00,85174.96,85554.98,84774.81
2025-04-02 00:00:00,84555.07,85257.28,84511.96
2025-04-02 04:00:00,84427.45,84727.13,83917.91
2025-04-02 08:00:00,84564.82,85432.83,84273.48
2025-04-02 12:00:00,86777.89,87370.2,84476.68
2025-04-02 16:00:00,86925.72,87323.06,86190.16
2025-04-02 20:00:00,82490.58,88505.24,82299.2
2025-04-03 00:00:00,83478.66,83928.41,82153.71
2025-04-03 04:00:00,83456.24,83730.92,82999.03
2025-04-03 08:00:00,83071.09,83769.81,83025.26
2025-04-03 12:00:00,82008.33,83123.75,81178.57
2025-04-03 16:00:00,81943.13,82423.73,81500.72
2025-04-03 20:00:00,83158.8,83283.37,81758.71
2025-04-04 00:00:00,82791.21,83378.45,82568.71
2025-04-04 04:00:00,83982.6,83995.21,82584.07
2025-04-04 08:00:00,82663.6,84716.02,81648.68
2025-04-04 12:00:00,82824.23,83672.01,81797.08
2025-04-04 16:00:00,83976.37,84578.91,82696.26
2025-04-04 20:00:00,83860.21,84415.43,83458.27
2025-04-05 00:00:00,83606.04,84230.44,83405.94
2025-04-05 04:00:00,83491.28,83836.41,83311.8
2025-04-05 08:00:00,83435.51,83867.46,83342.13
2025-04-05 12:00:00,82587.24,83531.77,82357.52
2025-04-05 16:00:00,82828.87,83111.88,82576.62
2025-04-05 20:00:00,83503.37,83631.71,82809.81
2025-04-06 00:00:00,83314.41,83756.1,83149.72
2025-04-06 04:00:00,82998.08,83502.86,82998.08
2025-04-06 08:00:00,82804.66,83123.27,82630.06
2025-04-06 12:00:00,82523.93,82929.31,82201.74
2025-04-06 16:00:00,79580.74,82527.08,78638.47
2025-04-06 20:00:00,78365.57,79839.26,77079.93
2025-04-07 00:00:00,77660.75,79295.22,77312.99
2025-04-07 04:00:00,75041.85,77922.49,74426.93
2025-04-07 08:00:00,76641.56,77514.33,75016.55
2025-04-07 12:00:00,78441.21,81172.27,75747.25
2025-04-07 16:00:00,78080.64,79320.21,77278.3
2025-04-07 20:00:00,79143.06,80186.51,78064.4
2025-04-08 00:00:00,79887.67,80835.83,78760.03
2025-04-08 04:00:00,79465.46,80386.32,79205.45
2025-04-08 08:00:00,79955.85,80036.41,78804.12
2025-04-08 12:00:00,78469.21,80342.34,78142.92
2025-04-08 16:00:00,76754.35,78488.71,76251.65
2025-04-08 20:00:00,76255.1,77208.4,76181.24
2025-04-09 00:00:00,75010.1,76791.81,74569.86
2025-04-09 04:00:00,77663.26,77906.94,74934.14
2025-04-09 08:00:00,76197.51,77840.39,75737.14
2025-04-09 12:00:00,77193.51,78250.45,75992.9
2025-04-09 16:00:00,82297.85,82977.63,77070.85
2025-04-09 20:00:00,82587.03,83574.06,81993.13
2025-04-10 00:00:00,81739.3,82710.13,81449.58
2025-04-10 04:00:00,81576.06,82313.33,81285.59
2025-04-10 08:00:00,81834.77,82100.12,81326.52
2025-04-10 12:00:00,78699.84,82374.98,78573.22
2025-04-10 16:00:00,79583.24,79972.93,78405.82
2025-04-10 20:00:00,79554.96,79987.84,79340.02
2025-04-11 00:00:00,80796.68,80852.44,78924.27
2025-04-11 04:00:00,81223.91,81389.54,80473.34
2025-04-11 08:00:00,82084.09,82941.41,80750.79
2025-04-11 12:00:00,82478.04,83286.91,81298.65
2025-04-11 16:00:00,83829.42,84183.69,81972.68
2025-04-11 20:00:00,83386.0,84266.51,83126.28
2025-04-12 00:00:00,82950.65,83526.44,82766.93
2025-04-12 04:00:00,83694.56,83786.64,82838.7
2025-04-12 08:00:00,83497.91,83988.23,83275.67
2025-04-12 12:00:00,84986.39,85379.27,83448.22
2025-04-12 16:00:00,84928.76,85243.15,84402.03
2025-04-12 20:00:00,85272.12,85899.74,84882.0
2025-04-13 00:00:00,85414.24,86079.47,84728.93
2025-04-13 04:00:00,84410.93,85417.93,84391.2
2025-04-13 08:00:00,84494.42,84920.61,84204.87
2025-04-13 12:00:00,83819.5,84652.65,83462.69
2025-04-13 16:00:00,83954.33,84972.18,83039.82
2025-04-13 20:00:00,83730.92,84397.65,83019.76
2025-04-14 00:00:00,84543.6,85487.64,83667.03
2025-04-14 04:00:00,84562.49,85070.99,84209.64
2025-04-14 08:00:00,84914.71,84945.03,84242.35
2025-04-14 12:00:00,84096.05,85796.21,83719.44
2025-04-14 16:00:00,84902.91,85209.81,83852.26
2025-04-14 20:00:00,84575.75,84967.98,84420.22
2025-04-15 00:00:00,85366.46,85397.37,84352.96
2025-04-15 04:00:00,85738.5,85850.71,85152.94
2025-04-15 08:00:00,85584.02,85992.45,85359.29
2025-04-15 12:00:00,84910.5,86473.18,84631.27
2025-04-15 16:00:00,83994.77,85141.7,83899.45
2025-04-15 20:00:00,83638.17,84227.7,83596.04
2025-04-16 00:00:00,83686.23,83931.48,83094.96
2025-04-16 04:00:00,83349.65,83805.64,83218.31
2025-04-16 08:00:00,84033.94,84125.29,83143.45
2025-04-16 12:00:00,84848.63,85262.74,83502.38
2025-04-16 16:00:00,84347.67,85485.35,83280.32
2025-04-16 20:00:00,84029.4,84681.57,84027.74
2025-04-17 00:00:00,83999.77,84484.4,83817.63
2025-04-17 04:00:00,84668.88,85026.01,83907.0
2025-04-17 08:00:00,84563.85,84766.13,84179.81
2025-04-17 12:00:00,84529.19,84856.83,83725.98
2025-04-17 16:00:00,84857.41,85472.23,84399.82
2025-04-17 20:00:00,84943.42,85148.53,84732.22
2025-04-18 00:00:00,84836.41,85132.75,84732.38
2025-04-18 04:00:00,84642.48,84842.86,84411.2
2025-04-18 08:00:00,84650.79,84750.92,84461.27
2025-04-18 12:00:00,84356.78,84748.27,84326.68
2025-04-18 16:00:00,84534.15,84624.87,84287.73
2025-04-18 20:00:00,84459.96,84665.32,84339.62
2025-04-19 00:00:00,84870.15,84949.1,84355.7
2025-04-19 04:00:00,85203.33,85236.99,84868.94
2025-04-19 08:00:00,85203.31,85420.87,85105.26
2025-04-19 12:00:00,85175.33,85614.27,85065.78
2025-04-19 16:00:00,85074.01,85304.87,84696.82
2025-04-19 20:00:00,85061.54,85352.44,85007.17
2025-04-20 00:00:00,85149.11,85302.3,85038.05
2025-04-20 04:00:00,84774.07,85233.67,84675.83
2025-04-20 08:00:00,84117.99,84777.53,83954.54
2025-04-20 12:00:00,84343.11,84648.08,84098.32
2025-04-20 16:00:00,84631.01,84646.42,84273.12
2025-04-20 20:00:00,85167.14,85283.39,84599.69
2025-04-21 00:00:00,87196.17,87617.7,85132.52
2025-04-21 04:00:00,87424.13,87718.54,87065.86
2025-04-21 08:00:00,86974.87,87772.39,86643.31
2025-04-21 12:00:00,88093.82,88526.3,86796.76
2025-04-21 16:00:00,87413.58,88299.93,86385.92
2025-04-21 20:00:00,87515.57,87616.21,86924.98
2025-04-22 00:00:00,88164.66,88854.09,87084.84
2025-04-22 04:00:00,88479.62,88493.3,87974.7
2025-04-22 08:00:00,88625.04,88696.75,88250.42
2025-04-22 12:00:00,91031.81,91522.49,88502.23
2025-04-22 16:00:00,91508.05,91775.31,90718.42
2025-04-22 20:00:00,93483.3,93937.07,91123.42
2025-04-23 00:00:00,93190.14,93915.87,92630.8
2025-04-23 04:00:00,94154.78,94263.58,93059.03
2025-04-23 08:00:00,93481.05,94505.89,93346.79
2025-04-23 12:00:00,93215.79,94656.65,91943.03
2025-04-23 16:00:00,93559.65,94243.95,92923.6
2025-04-23 20:00:00,93729.23,93954.63,93280.5
2025-04-24 00:00:00,92697.72,93819.91,92672.47
2025-04-24 04:00:00,92221.64,92918.86,92121.49
2025-04-24 08:00:00,92641.04,92671.65,91693.21
2025-04-24 12:00:00,93249.59,93502.72,92456.12
2025-04-24 16:00:00,93622.75,93734.07,92729.1
2025-04-24 20:00:00,94022.48,94047.54,93088.87
2025-04-25 00:00:00,93345.74,94483.85,92883.11
2025-04-25 04:00:00,93814.53,93898.52,93050.04
2025-04-25 08:00:00,94662.05,94690.49,93587.82
2025-04-25 12:00:00,95164.43,95924.19,94005.24
2025-04-25 16:00:00,95410.23,95629.92,94429.63
2025-04-25 20:00:00,94711.24,95453.87,94562.22
2025-04-26 00:00:00,94786.02,95258.03,94624.0
2025-04-26 04:00:00,94626.82,94866.9,94427.79
2025-04-26 08:00:00,94182.29,94761.89,94040.08
2025-04-26 12:00:00,94414.77,94438.99,93916.48
2025-04-26 16:00:00,94346.32,94419.02,94084.46
2025-04-26 20:00:00,94663.66,94925.61,94139.79
2025-04-27 00:00:00,94195.08,95346.43,94104.59
2025-04-27 04:00:00,94101.07,94320.64,93688.51
2025-04-27 08:00:00,93951.6,94348.68,93918.9
2025-04-27 12:00:00,93936.0,94204.71,93671.22
2025-04-27 16:00:00,94459.12,94465.65,93759.34
2025-04-27 20:00:00,93777.44,94570.5,93680.16
2025-04-28 00:00:00,93891.54,94025.93,92864.35
2025-04-28 04:00:00,94732.51,94829.51,93891.54
2025-04-28 08:00:00,95345.82,95573.81,94387.62
2025-04-28 12:00:00,93869.92,95636.66,93627.64
2025-04-28 16:00:00,94821.85,94947.06,93481.23
2025-04-28 20:00:00,95035.06,95194.99,94328.01
2025-04-29 00:00:00,94686.89,95471.9,94475.13
2025-04-29 04:00:00,94959.91,94997.06,94248.41
2025-04-29 08:00:00,95165.25,95326.28,94796.1
2025-04-29 12:00:00,94865.2,95309.32,94579.81
2025-04-29 16:00:00,95342.22,95487.2,94693.95
2025-04-29 20:00:00,94274.16,95435.67,93780.51
2025-04-30 00:00:00,95058.3,95147.37,94166.68
2025-04-30 04:00:00,94654.21,95191.66,94537.43
2025-04-30 08:00:00,95206.54,95250.77,94551.0
2025-04-30 12:00:00,94020.56,95238.69,92968.85
2025-04-30 16:00:00,94171.92,94518.39,93550.28
2025-04-30 20:00:00,94186.14,94791.84,94022.36
2025-05-01 00:00:00,94802.88,95023.12,94150.92
2025-05-01 04:00:00,95050.06,95196.0,94741.65
2025-05-01 08:00:00,96210.77,96400.84,94930.01
2025-05-01 12:00:00,96920.01,97505.38,95861.53
2025-05-01 16:00:00,96590.65,97441.97,96480.55
2025-05-01 20:00:00,96519.31,96979.44,96223.29
2025-05-02 00:00:00,97143.07,97271.99,96508.2
2025-05-02 04:00:00,96391.39,97325.25,96390.11
2025-05-02 08:00:00,96967.33,97137.7,96386.78
2025-05-02 12:00:00,97366.83,97939.99,96703.24
2025-05-02 16:00:00,96971.46,97831.65,96809.72
2025-05-02 20:00:00,96925.07,97192.85,96611.68
2025-05-03 00:00:00,96378.5,96963.89,96347.96
2025-05-03 04:00:00,96365.67,96626.54,96169.02
2025-05-03 08:00:00,95978.71,96448.88,95907.11
2025-05-03 12:00:00,96448.31,96537.93,95930.14
2025-05-03 16:00:00,96389.89,96456.71,95943.64
2025-05-03 20:00:00,95903.14,96463.07,95826.0
2025-05-04 00:00:00,95783.99,96326.95,95672.94
2025-05-04 04:00:00,95916.48,96170.98,95756.29
2025-05-04 08:00:00,95484.26,95959.24,95388.21
2025-05-04 12:00:00,95522.69,95721.99,95318.46
2025-05-04 16:00:00,95628.22,95682.04,95326.71
2025-05-04 20:00:00,94394.09,95794.15,94313.27
2025-05-05 00:00:00,94137.23,94878.9,93707.7
2025-05-05 04:00:00,94817.3,94870.86,94119.12
2025-05-05 08:00:00,94150.65,94839.68,94044.51
2025-05-05 12:00:00,93814.73,94598.74,93694.42
2025-05-05 16:00:00,94378.91,94947.37,93809.17
2025-05-05 20:00:00,94767.95,95224.21,93916.45
2025-05-06 00:00:00,94468.9,94938.82,94040.07
2025-05-06 04:00:00,94407.32,94632.19,94330.71
2025-05-06 08:00:00,93801.4,94408.93,93719.7
2025-05-06 12:00:00,94560.91,94731.61,93382.91
2025-05-06 16:00:00,94977.24,95170.78,94224.35
2025-05-06 20:00:00,96835.87,96911.52,94478.32
2025-05-07 00:00:00,96502.18,97720.02,96214.78
2025-05-07 04:00:00,96994.73,97015.23,96324.71
2025-05-07 08:00:00,97058.64,97110.73,96847.81
2025-05-07 12:00:00,96946.13,97507.72,96719.4
2025-05-07 16:00:00,96206.66,96969.06,95816.56
2025-05-07 20:00:00,97052.27,97406.16,96102.37
2025-05-08 00:00:00,99160.93,99211.27,96905.18
2025-05-08 04:00:00,99273.96,99419.24,98719.98
2025-05-08 08:00:00,99432.31,99904.67,99238.03
2025-05-08 12:00:00,100790.04,101533.3,99116.4
2025-05-08 16:00:00,101320.85,101732.61,100612.53
2025-05-08 20:00:00,103259.0,104147.97,101317.06
2025-05-09 00:00:00,102430.88,103259.63,102352.73
2025-05-09 04:00:00,103663.04,104353.74,102365.2
2025-05-09 08:00:00,102947.75,103946.61,102424.18
2025-05-09 12:00:00,102896.53,103790.19,102417.19
2025-05-09 16:00:00,103223.98,103390.28,102332.43
2025-05-09 20:00:00,102982.3,103441.65,102751.46
2025-05-10 00:00:00,103227.51,103269.75,102830.2
2025-05-10 04:00:00,103771.15,104090.08,103056.08
2025-05-10 08:00:00,103431.08,104081.73,103376.84
2025-05-10 12:00:00,103152.6,103829.45,103115.12
2025-05-10 16:00:00,103198.08,103606.27,103018.5
2025-05-10 20:00:00,104814.08,104980.23,103086.91
2025-05-11 00:00:00,104033.25,104958.29,103472.27
2025-05-11 04:00:00,103393.86,104402.38,103353.87
2025-05-11 08:00:00,104659.62,104762.73,103389.81
2025-05-11 12:00:00,104167.99,104888.95,103812.62
2025-05-11 16:00:00,104444.94,104835.55,103773.4
2025-05-11 20:00:00,104124.02,104589.68,103586.12
2025-05-12 00:00:00,104095.95,105075.82,103719.7
2025-05-12 04:00:00,104471.29,105783.35,103766.69
2025-05-12 08:00:00,103749.05,104731.05,103615.94
2025-05-12 12:00:00,102522.81,104630.29,102387.69
2025-05-12 16:00:00,101843.27,103085.65,100723.18
2025-05-12 20:00:00,102802.44,103126.61,101769.1
2025-05-13 00:00:00,101724.35,102802.53,101466.16
2025-05-13 04:00:00,102670.57,102935.01,101630.76
2025-05-13 08:00:00,103740.91,103838.35,102554.96
2025-05-13 12:00:00,103707.31,103978.02,102844.55
2025-05-13 16:00:00,104838.09,105015.14,103563.13
2025-05-13 20:00:00,104136.59,104965.64,103895.4
2025-05-14 00:00:00,103582.84,104142.05,103458.96
2025-05-14 04:00:00,103712.3,103987.16,103410.28
2025-05-14 08:00:00,103951.31,104141.6,102881.08
2025-05-14 12:00:00,103536.75,104357.47,102870.94
2025-05-14 16:00:00,103310.07,103735.05,102615.68
2025-05-14 20:00:00,103543.76,103690.28,103305.86
2025-05-15 00:00:00,102784.47,103893.85,102746.89
2025-05-15 04:00:00,101807.48,102976.38,101751.13
2025-05-15 08:00:00,102398.58,102456.4,101541.87
2025-05-15 12:00:00,103289.73,103315.2,101407.14
2025-05-15 16:00:00,103181.58,104197.65,102578.49
2025-05-15 20:00:00,103787.64,103998.01,102739.08
2025-05-16 00:00:00,104047.14,104481.93,103493.19
2025-05-16 04:00:00,103740.82,104212.22,103730.62
2025-05-16 08:00:00,103701.94,103941.19,103138.18
2025-05-16 12:00:00,104219.82,104318.61,103379.71
2025-05-16 16:00:00,104064.76,104594.19,103619.15
2025-05-16 20:00:00,103499.6,104072.28,103450.36
2025-05-17 00:00:00,103533.62,103602.02,102642.39
2025-05-17 04:00:00,103473.6,103729.29,103316.18
2025-05-17 08:00:00,103021.58,103585.88,102792.2
2025-05-17 12:00:00,102980.84,103205.12,102681.69
2025-05-17 16:00:00,103198.42,103386.71,102803.48
2025-05-17 20:00:00,103159.32,103508.62,102948.93
2025-05-18 00:00:00,103317.24,103446.25,103144.58
2025-05-18 04:00:00,103949.71,103992.84,103316.37
2025-05-18 08:00:00,103836.78,104100.71,103828.84
2025-05-18 12:00:00,105535.94,105689.76,103745.2
2025-05-18 16:00:00,103942.42,105969.77,103902.37
2025-05-18 20:00:00,106488.62,106670.63,103333.46
2025-05-19 00:00:00,103624.57,107117.46,103567.82
2025-05-19 04:00:00,103259.75,103780.78,102104.37
2025-05-19 08:00:00,102995.92,103408.67,102813.5
2025-05-19 12:00:00,104823.69,104996.08,102175.96
2025-05-19 16:00:00,105557.04,105588.89,104536.22
2025-05-19 20:00:00,105618.19,105852.27,105063.29
2025-05-20 00:00:00,105777.85,106863.96,105562.15
2025-05-20 04:00:00,105063.95,106430.87,104961.18
2025-05-20 08:00:00,105237.87,105430.93,104883.15
2025-05-20 12:00:00,105377.73,105423.38,104220.59
2025-05-20 16:00:00,107077.03,107296.48,105134.27
2025-05-20 20:00:00,106875.88,107339.72,105979.54
2025-05-21 00:00:00,106894.67,107247.83,106244.93
2025-05-21 04:00:00,106566.19,108040.51,106514.43
2025-05-21 08:00:00,106592.11,106834.67,106133.62
2025-05-21 12:00:00,109037.01,109512.59,106388.14
2025-05-21 16:00:00,108685.79,109882.98,106186.83
2025-05-21 20:00:00,109699.86,110778.49,107801.68
2025-05-22 00:00:00,111783.61,111899.81,109250.4
2025-05-22 04:00:00,111070.18,111796.78,110483.51
2025-05-22 08:00:00,110995.6,111335.79,110290.24
2025-05-22 12:00:00,111320.95,111631.78,110566.72
2025-05-22 16:00:00,111229.68,111998.96,110970.4
2025-05-22 20:00:00,111722.11,111743.46,110790.96
2025-05-23 00:00:00,111106.3,111810.26,111024.85
2025-05-23 04:00:00,110718.55,111186.75,110398.94
2025-05-23 08:00:00,109085.98,111366.36,108894.08
2025-05-23 12:00:00,108966.56,110034.32,107351.15
2025-05-23 16:00:00,108748.98,109835.33,108039.26
2025-05-23 20:00:00,107332.91,108751.88,106807.62
2025-05-24 00:00:00,108374.42,108378.17,106896.28
2025-05-24 04:00:00,107616.4,108589.19,107593.82
2025-05-24 08:00:00,109221.15,109512.56,107616.39
2025-05-24 12:00:00,108958.88,109288.95,108575.22
2025-05-24 16:00:00,108969.23,109220.91,108724.24
2025-05-24 20:00:00,107779.46,109124.33,107515.37
2025-05-25 00:00:00,108117.06,108270.01,107225.39
2025-05-25 04:00:00,107678.75,108295.07,107452.23
2025-05-25 08:00:00,107267.82,107693.74,106720.91
2025-05-25 12:00:00,106995.91,107759.15,106643.02
2025-05-25 16:00:00,107750.45,107966.44,106677.56
2025-05-25 20:00:00,109041.44,109349.07,107219.57
2025-05-26 00:00:00,109668.07,109888.42,108718.82
2025-05-26 04:00:00,110145.67,110264.26,109411.85
2025-05-26 08:00:00,109822.84,110224.99,109613.4
2025-05-26 12:00:00,110049.15,110451.83,109543.44
2025-05-26 16:00:00,109146.34,110459.23,108881.99
2025-05-26 20:00:00,109461.24,109911.47,108971.18
2025-05-27 00:00:00,108917.55,109703.69,107543.83
2025-05-27 04:00:00,109539.8,109655.78,108584.27
2025-05-27 08:00:00,109625.69,109945.5,109467.0
2025-05-27 12:00:00,110202.78,110802.2,108712.11
2025-05-27 16:00:00,109938.94,110564.78,109616.49
2025-05-27 20:00:00,108975.95,109953.22,108641.94
2025-05-28 00:00:00,108914.97,109328.61,108453.62
2025-05-28 04:00:00,108863.19,109130.67,108674.8
2025-05-28 08:00:00,108913.4,109179.59,108312.26
2025-05-28 12:00:00,107137.91,109093.63,107069.65
2025-05-28 16:00:00,106955.94,107888.31,106944.93
2025-05-28 20:00:00,107821.11,108086.7,106799.94
2025-05-29 00:00:00,108086.24,108517.26,107455.93
2025-05-29 04:00:00,107918.13,108147.55,107005.07
2025-05-29 08:00:00,108813.34,108929.95,107731.92
2025-05-29 12:00:00,107030.61,108842.35,106481.47
2025-05-29 16:00:00,105749.07,107182.86,105656.6
2025-05-29 20:00:00,105586.78,106472.64,105327.79
2025-05-30 00:00:00,106048.82,106217.85,104626.22
2025-05-30 04:00:00,105078.22,106348.19,104773.83
2025-05-30 08:00:00,105905.85,106008.5,104635.21
2025-05-30 12:00:00,105561.23,106027.89,105069.83
2025-05-30 16:00:00,104653.17,105577.92,103689.92
2025-05-30 20:00:00,104039.27,104920.9,103650.43
2025-05-31 00:00:00,103721.14,104328.31,103127.75
2025-05-31 04:00:00,103803.43,103950.23,103534.77
2025-05-31 08:00:00,103551.23,103858.57,103337.89
2025-05-31 12:00:00,104612.19,104906.44,103532.75
2025-05-31 16:00:00,104764.34,104849.38,104328.81
2025-05-31 20:00:00,104654.65,104959.61,104538.41
2025-06-01 00:00:00,104436.85,104706.63,103983.02
2025-06-01 04:00:00,104339.67,104786.38,104260.18
2025-06-01 08:00:00,104143.92,104521.04,103823.88
2025-06-01 12:00:00,104774.25,104859.56,103842.15
2025-06-01 16:00:00,105177.78,105362.88,104405.19
2025-06-01 20:00:00,105702.19,105924.77,104968.24
2025-06-02 00:00:00,104881.73,105795.11,104622.11
2025-06-02 04:00:00,105441.33,105490.56,104670.82
2025-06-02 08:00:00,104082.94,105988.22,103981.3
2025-06-02 12:00:00,104489.7,104726.59,103708.71
2025-06-02 16:00:00,104479.13,104783.24,104086.6
2025-06-02 20:00:00,105908.79,105985.9,104478.24
2025-06-03 00:00:00,105554.93,106573.03,105419.51
2025-06-03 04:00:00,105237.14,105582.89,105186.71
2025-06-03 08:00:00,105352.59,105415.34,104926.88
2025-06-03 12:00:00,106703.11,106888.12,105105.97
2025-06-03 16:00:00,106307.8,106760.21,105659.05
2025-06-03 20:00:00,105447.66,106325.54,105335.02
2025-06-04 00:00:00,105595.76,105900.81,105191.5
2025-06-04 04:00:00,105381.19,105687.81,105322.38
2025-06-04 08:00:00,105147.96,106044.55,105144.32
2025-06-04 12:00:00,105344.56,105602.25,104206.69
2025-06-04 16:00:00,104971.39,105533.13,104914.39
2025-06-04 20:00:00,104746.0,105101.38,104475.74
2025-06-05 00:00:00,105084.79,105289.26,104720.43
2025-06-05 04:00:00,104561.82,105273.0,104413.63
2025-06-05 08:00:00,104879.77,104965.06,104470.01
2025-06-05 12:00:00,104580.62,105975.11,103923.48
2025-06-05 16:00:00,101907.35,104631.36,101640.66
2025-06-05 20:00:00,101580.61,102183.51,100418.61
2025-06-06 00:00:00,102566.53,102593.87,101174.97
2025-06-06 04:00:00,103222.56,103544.47,102465.16
2025-06-06 08:00:00,104016.66,104077.0,103222.56
2025-06-06 12:00:00,105181.47,105426.24,103617.46
2025-06-06 16:00:00,104305.21,105391.59,104136.75
2025-06-06 20:00:00,104392.54,104695.93,104258.42
2025-06-07 00:00:00,104959.99,105007.93,103976.29
2025-06-07 04:00:00,104952.95,105406.64,104733.85
2025-06-07 08:00:00,105212.42,105343.53,104776.28
2025-06-07 12:00:00,105622.6,105870.04,105212.27
2025-06-07 16:00:00,105786.61,105944.06,105329.23
2025-06-07 20:00:00,105625.23,105974.42,105605.16
2025-06-08 00:00:00,105544.96,105833.29,105461.38
2025-06-08 04:00:00,105486.03,105698.56,105472.35
2025-06-08 08:00:00,105725.95,105762.51,105042.03
2025-06-08 12:00:00,106040.53,106171.26,105578.53
2025-06-08 16:00:00,106350.86,106409.26,106014.55
2025-06-08 20:00:00,105779.28,106537.25,105623.11
2025-06-09 00:00:00,105713.86,106025.84,105372.62
2025-06-09 04:00:00,105615.82,105774.89,105383.36
2025-06-09 08:00:00,107807.37,107857.07,105534.55
2025-06-09 12:00:00,107710.73,108083.6,106931.45
2025-06-09 16:00:00,108665.77,108840.67,107709.97
2025-06-09 20:00:00,110302.12,110543.89,108541.27
2025-06-10 00:00:00,109607.77,110353.52,109433.07
2025-06-10 04:00:00,109276.06,109772.97,109157.23
2025-06-10 08:00:00,109585.09,109891.59,109112.36
2025-06-10 12:00:00,109044.38,109923.22,108373.44
2025-06-10 16:00:00,109543.94,110403.6,108551.32
2025-06-10 20:00:00,110296.2,110314.64,109279.08
2025-06-11 00:00:00,109747.68,110299.82,109566.3
2025-06-11 04:00:00,109464.15,109764.52,109390.92
2025-06-11 08:00:00,109255.59,109677.32,109210.13
2025-06-11 12:00:00,109756.69,110425.64,109031.53
2025-06-11 16:00:00,108783.04,109844.14,108446.79
2025-06-11 20:00:00,108676.78,109251.32,108096.82
2025-06-12 00:00:00,107884.45,108843.81,107747.59
2025-06-12 04:00:00,107648.32,108011.8,107344.78
2025-06-12 08:00:00,106930.01,107860.41,106901.37
2025-06-12 12:00:00,107038.12,107841.86,106599.8
2025-06-12 16:00:00,106847.04,108471.68,106727.27
2025-06-12 20:00:00,105726.04,106995.15,105721.73
2025-06-13 00:00:00,104369.09,105740.35,102773.14
2025-06-13 04:00:00,104942.0,104992.69,103856.52
2025-06-13 08:00:00,105087.69,105496.1,104484.46
2025-06-13 12:00:00,105499.85,105809.31,104163.29
2025-06-13 16:00:00,105149.44,106033.65,104720.19
2025-06-13 20:00:00,106121.08,106224.76,105080.65
2025-06-14 00:00:00,105308.48,106260.08,105275.3
2025-06-14 04:00:00,105138.62,105470.07,104863.51
2025-06-14 08:00:00,105141.18,105190.45,104901.23
2025-06-14 12:00:00,104898.67,105185.58,104704.18
2025-06-14 16:00:00,104723.69,105096.87,104430.77
2025-06-14 20:00:00,105481.13,105555.8,104386.29
2025-06-15 00:00:00,105558.67,105755.19,105344.26
2025-06-15 04:00:00,105503.53,106189.63,105291.43
2025-06-15 08:00:00,105024.76,105544.94,104940.16
2025-06-15 12:00:00,105627.69,105887.84,105012.31
2025-06-15 16:00:00,105352.6,105829.51,105151.37
2025-06-15 20:00:00,105625.23,105650.82,104546.11
2025-06-16 00:00:00,105968.78,106005.89,105016.81
2025-06-16 04:00:00,107092.27,107293.82,105923.45
2025-06-16 08:00:00,106915.86,107273.8,106616.28
2025-06-16 12:00:00,107485.87,107840.14,106543.04
2025-06-16 16:00:00,108707.64,108951.62,107380.3
2025-06-16 20:00:00,106855.39,109014.33,106765.47
2025-06-17 00:00:00,107637.22,107795.31,106186.2
2025-06-17 04:00:00,106799.76,107740.11,106516.96
2025-06-17 08:00:00,105670.84,106857.9,105536.7
2025-06-17 12:00:00,104254.81,105879.41,104153.3
2025-06-17 16:00:00,104719.35,105371.64,103378.64
2025-06-17 20:00:00,104598.68,104914.19,104248.12
2025-06-18 00:00:00,105218.75,105274.79,104408.07
2025-06-18 04:00:00,105000.2,105579.84,104762.77
2025-06-18 08:00:00,104866.12,105336.55,104220.59
2025-06-18 12:00:00,104847.13,105353.44,103867.53
2025-06-18 16:00:00,103835.27,104878.61,103547.15
2025-06-18 20:00:00,104927.87,105187.93,103670.43
2025-06-19 00:00:00,105142.86,105264.38,104510.82
2025-06-19 04:00:00,104679.74,105259.5,104663.63
2025-06-19 08:00:00,104815.53,105118.16,104668.3
2025-06-19 12:00:00,104140.69,104945.28,104118.99
2025-06-19 16:00:00,104283.59,104847.39,103951.44
2025-06-19 20:00:00,104699.72,104917.32,104180.3
2025-06-20 00:00:00,104647.55,104845.85,104448.53
2025-06-20 04:00:00,105847.31,105852.57,104275.9
2025-06-20 08:00:00,106019.96,106559.45,105806.56
2025-06-20 12:00:00,104251.75,106170.27,103904.04
2025-06-20 16:00:00,103342.72,104291.44,102367.77
2025-06-20 20:00:00,103313.31,103843.58,102996.37
2025-06-21 00:00:00,103530.08,103715.02,103151.65
2025-06-21 04:00:00,103485.71,103637.21,103364.19
2025-06-21 08:00:00,103910.78,104021.01,103485.52
2025-06-21 12:00:00,103603.97,103975.16,103331.65
2025-06-21 16:00:00,102287.55,103690.38,102243.68
2025-06-21 20:00:00,102165.68,102916.18,100925.53
2025-06-22 00:00:00,102412.77,103430.09,101890.38
2025-06-22 04:00:00,102471.56,102982.96,102301.41
2025-06-22 08:00:00,102773.46,102842.71,102130.25
2025-06-22 12:00:00,98969.64,102861.18,98968.26
2025-06-22 16:00:00,98926.5,100409.59,98732.38
2025-06-22 20:00:00,101015.42,101083.59,98264.46
2025-06-23 00:00:00,101213.15,101664.19,100545.91
2025-06-23 04:00:00,101984.16,102178.08,101047.84
2025-06-23 08:00:00,101346.36,102121.97,101165.43
2025-06-23 12:00:00,101487.59,102671.01,100859.39
2025-06-23 16:00:00,103241.31,103381.34,99685.07
2025-06-23 20:00:00,105423.73,106134.09,102953.12
2025-06-24 00:00:00,105001.82,105578.61,104813.42
2025-06-24 04:00:00,105020.82,105895.13,104787.19
2025-06-24 08:00:00,105252.55,105654.75,104710.65
2025-06-24 12:00:00,105300.93,105795.17,104860.38
2025-06-24 16:00:00,105713.67,106358.78,105242.61
2025-06-24 20:00:00,106133.25,106169.0,105511.76
2025-06-25 00:00:00,106302.26,106859.92,105880.48
2025-06-25 04:00:00,106671.94,106766.51,106064.55
2025-06-25 08:00:00,107249.85,107279.41,106398.25
2025-06-25 12:00:00,107105.14,108196.78,106830.79
2025-06-25 16:00:00,107825.01,107980.78,106995.16
2025-06-25 20:00:00,107399.88,108066.94,107156.8
2025-06-26 00:00:00,107926.46,108330.6,107177.42
2025-06-26 04:00:00,107890.98,108151.35,107587.16
2025-06-26 08:00:00,107380.35,108228.33,107173.4
2025-06-26 12:00:00,107357.89,107811.57,106605.5
2025-06-26 16:00:00,107589.18,107721.11,107069.58
2025-06-26 20:00:00,107012.17,108061.28,106897.44
2025-06-27 00:00:00,107536.84,107577.72,106477.58
2025-06-27 04:00:00,106946.94,107793.99,106923.58
2025-06-27 08:00:00,107020.58,107209.54,106743.02
2025-06-27 12:00:00,107384.84,107481.55,106421.82
2025-06-27 16:00:00,106857.33,107736.27,106495.34
2025-06-27 20:00:00,107105.16,107333.59,106845.9
2025-06-28 00:00:00,107354.51,107402.64,106884.15
2025-06-28 04:00:00,107538.22,107552.62,107249.2
2025-06-28 08:00:00,107428.16,107554.29,107314.62
2025-06-28 12:00:00,107510.85,107591.48,107153.28
2025-06-28 16:00:00,107279.93,107587.58,107279.93
2025-06-28 20:00:00,107346.44,107420.72,107211.72
2025-06-29 00:00:00,107266.71,107543.84,107233.58
2025-06-29 04:00:00,107440.74,107440.74,107263.59
2025-06-29 08:00:00,108506.61,108507.21,107437.97
2025-06-29 12:00:00,107786.28,108538.36,107690.14
2025-06-29 16:00:00,107438.95,107820.52,107360.71
2025-06-29 20:00:00,108391.87,108469.9,107311.11
2025-06-30 00:00:00,108555.29,108815.66,108291.55
2025-06-30 04:00:00,107654.54,108578.38,107519.07
2025-06-30 08:00:00,107688.72,107988.8,107425.21
2025-06-30 12:00:00,107617.4,107888.0,106756.38
2025-06-30 16:00:00,107765.02,107856.91,107160.74
2025-06-30 20:00:00,107169.82,107786.93,106964.28
2025-07-01 00:00:00,107221.82,107574.08,107069.0
2025-07-01 04:00:00,107214.54,107244.12,106670.36
2025-07-01 08:00:00,106647.7,107214.63,106360.94
2025-07-01 12:00:00,106008.52,107238.57,105676.44
2025-07-01 16:00:00,105426.01,106336.48,105419.08
2025-07-01 20:00:00,105724.18,106127.06,105295.02
2025-07-02 00:00:00,106227.95,106250.37,105143.1
2025-07-02 04:00:00,107141.29,107229.38,106168.23
2025-07-02 08:00:00,107511.72,107892.43,107137.5
2025-07-02 12:00:00,108802.84,108814.1,107229.27
2025-07-02 16:00:00,109752.11,109818.47,108724.47
2025-07-02 20:00:00,108886.62,109758.41,108778.15
2025-07-03 00:00:00,108685.28,109155.88,108579.56
2025-07-03 04:00:00,109332.16,109596.32,108614.53
2025-07-03 08:00:00,109635.01,110303.67,109332.15
2025-07-03 12:00:00,109178.85,110584.4,108784.16
2025-07-03 16:00:00,109845.51,109957.62,109059.0
2025-07-03 20:00:00,109638.97,110041.27,109580.23
2025-07-04 00:00:00,109288.1,109810.02,109158.58
2025-07-04 04:00:00,108756.88,109370.92,108756.88
2025-07-04 08:00:00,108935.19,109149.28,108551.51
2025-07-04 12:00:00,107613.58,109013.32,107546.8
2025-07-04 16:00:00,107501.66,107965.31,107283.92
2025-07-04 20:00:00,108027.71,108307.76,107464.91
2025-07-05 00:00:00,108196.16,108302.37,107798.16
2025-07-05 04:00:00,108103.67,108444.73,108050.53
2025-07-05 08:00:00,108162.24,108264.09,107927.73
2025-07-05 12:00:00,108104.24,108272.27,108014.69
2025-07-05 16:00:00,108183.43,108211.38,107916.09
2025-07-05 20:00:00,108244.51,108273.79,108032.25
2025-07-06 00:00:00,108087.98,108301.83,108059.75
2025-07-06 04:00:00,108086.55,108259.09,107993.59
2025-07-06 08:00:00,108113.08,108164.1,107846.02
2025-07-06 12:00:00,108937.95,109154.57,108088.2
2025-07-06 16:00:00,108575.44,108993.44,108329.38
2025-07-06 20:00:00,109233.93,109728.96,108565.54
2025-07-07 00:00:00,109423.09,109737.83,108695.32
2025-07-07 04:00:00,109083.8,109477.89,108682.7
2025-07-07 08:00:00,108663.21,109107.34,108600.94
2025-07-07 12:00:00,108319.74,108673.8,107977.77
2025-07-07 16:00:00,108066.26,108517.65,107513.97
2025-07-07 20:00:00,108277.16,108318.55,107817.4
2025-07-08 00:00:00,107910.16,108538.36,107445.04
2025-07-08 04:00:00,108503.35,108509.34,107761.77
2025-07-08 08:00:00,108778.27,109026.95,108239.47
2025-07-08 12:00:00,108281.37,109248.31,108231.92
2025-07-08 16:00:00,108786.7,109188.32,108103.64
2025-07-08 20:00:00,108955.05,109009.91,108647.6
2025-07-09 00:00:00,108385.83,109156.07,108360.39
2025-07-09 04:00:00,108731.28,108939.4,108341.92
2025-07-09 08:00:00,109085.92,109148.44,108577.89
2025-07-09 12:00:00,109092.56,109807.77,108506.28
2025-07-09 16:00:00,111786.79,112077.21,109047.66
2025-07-09 20:00:00,111291.7,111968.68,110612.64
2025-07-10 00:00:00,111116.53,111609.84,110936.58
2025-07-10 04:00:00,111281.28,111488.7,111002.23
2025-07-10 08:00:00,111077.53,111450.86,110919.01
2025-07-10 12:00:00,111482.74,111485.95,110555.52
2025-07-10 16:00:00,113403.21,113864.15,111408.93
2025-07-10 20:00:00,116023.34,116848.31,113354.91
2025-07-11 00:00:00,116923.62,116983.68,115236.69
2025-07-11 04:00:00,117599.61,118431.69,116520.8
2025-07-11 08:00:00,117846.89,118890.32,117599.59
2025-07-11 12:00:00,116902.63,118277.59,116749.1
2025-07-11 16:00:00,118181.07,118213.71,116636.38
2025-07-11 20:00:00,117573.92,118181.88,117223.16
2025-07-12 00:00:00,117822.59,117902.99,117187.9
2025-07-12 04:00:00,117785.13,118120.61,117573.45
2025-07-12 08:00:00,117868.74,118239.99,117682.41
2025-07-12 12:00:00,117150.78,117923.46,116954.09
2025-07-12 16:00:00,117601.03,117683.76,117100.68
2025-07-12 20:00:00,117468.16,117604.34,117063.22
2025-07-13 00:00:00,117802.56,117854.64,117264.6
2025-07-13 04:00:00,118025.26,118089.61,117735.06
2025-07-13 08:00:00,118122.0,118135.62,117742.69
2025-07-13 12:00:00,118724.01,119415.14,118037.66
2025-07-13 16:00:00,119004.16,119503.56,118437.52
2025-07-13 20:00:00,119127.66,119407.87,118300.66
2025-07-14 00:00:00,120781.78,121427.12,118951.55
2025-07-14 04:00:00,122751.24,123220.28,120585.01
2025-07-14 08:00:00,121470.72,122787.9,121362.71
2025-07-14 12:00:00,119865.15,122137.43,119606.79
2025-07-14 16:00:00,119949.4,120531.52,119202.49
2025-07-14 20:00:00,119869.01,120478.22,119539.47
2025-07-15 00:00:00,117165.12,119958.94,116845.95
2025-07-15 04:00:00,116770.4,117761.7,116264.85
2025-07-15 08:00:00,117107.76,117199.5,116295.42
2025-07-15 12:00:00,116343.09,118455.26,115709.64
2025-07-15 16:00:00,116414.22,117697.02,116011.08
2025-07-15 20:00:00,117777.9,117988.85,116214.61
2025-07-16 00:00:00,117497.24,118222.72,117043.92
2025-07-16 04:00:00,118223.49,118328.37,117297.69
2025-07-16 08:00:00,118801.38,119318.11,118149.88
2025-07-16 12:00:00,119161.56,119865.16,118200.23
2025-07-16 16:00:00,119317.88,120007.92,118516.57
2025-07-16 20:00:00,118700.37,120122.22,118499.23
2025-07-17 00:00:00,118176.7,119235.82,117735.41
2025-07-17 04:00:00,118375.13,118832.05,117908.64
2025-07-17 08:00:00,118027.39,119245.69,118007.79
2025-07-17 12:00:00,118940.75,119147.08,117485.98
2025-07-17 16:00:00,119035.85,119949.1,118403.05
2025-07-17 20:00:00,119282.74,121020.95,118469.17
2025-07-18 00:00:00,120329.88,120882.84,119132.33
2025-07-18 04:00:00,119450.22,120911.16,119395.22
2025-07-18 08:00:00,119241.76,119560.96,118456.07
2025-07-18 12:00:00,117908.89,119578.68,117350.53
2025-07-18 16:00:00,117431.26,118121.98,117199.56
2025-07-18 20:00:00,118025.92,118124.71,116902.92
2025-07-19 00:00:00,118428.37,118474.69,117718.27
2025-07-19 04:00:00,118269.2,118458.92,118158.41
2025-07-19 08:00:00,118411.49,118572.53,118037.44
2025-07-19 12:00:00,118127.36,118414.71,117706.76
2025-07-19 16:00:00,118084.56,118214.32,117670.07
2025-07-19 20:00:00,117913.27,118211.08,117339.41
2025-07-20 00:00:00,118027.73,119100.94,116423.09
2025-07-20 04:00:00,118089.8,118272.75,117833.08
2025-07-20 08:00:00,117938.17,118345.79,117879.66
2025-07-20 12:00:00,118728.91,118844.1,117785.05
2025-07-20 16:00:00,118221.31,118903.91,118010.48
2025-07-20 20:00:00,117328.61,118316.52,116533.22
2025-07-21 00:00:00,118456.31,118669.12,116581.7
2025-07-21 04:00:00,119402.8,119712.2,118232.8
2025-07-21 08:00:00,118116.38,119539.35,118111.22
2025-07-21 12:00:00,118388.66,119310.22,117816.47
2025-07-21 16:00:00,116798.59,118461.2,116707.67
2025-07-21 20:00:00,117441.75,117696.66,116688.73
2025-07-22 00:00:00,117268.2,118024.08,116186.23
2025-07-22 04:00:00,118038.03,118628.43,116612.46
2025-07-22 08:00:00,119218.31,119252.57,117545.21
2025-07-22 12:00:00,118966.42,119652.79,117604.32
2025-07-22 16:00:00,119335.74,120277.31,118443.77
2025-07-22 20:00:00,120023.5,120298.65,119260.92
2025-07-23 00:00:00,118671.7,120167.5,118592.23
2025-07-23 04:00:00,118416.82,119051.42,118367.8
2025-07-23 08:00:00,118596.9,118685.19,117876.99
2025-07-23 12:00:00,118649.4,118787.56,117361.89
2025-07-23 16:00:00,118454.26,118649.58,117390.03
2025-07-23 20:00:00,118808.78,118820.26,117434.42
2025-07-24 00:00:00,118574.42,119328.69,118553.35
2025-07-24 04:00:00,118477.96,118652.31,117214.42
2025-07-24 08:00:00,118669.42,118889.2,118031.16
2025-07-24 12:00:00,119164.39,119555.88,117898.69
2025-07-24 16:00:00,119028.9,119486.26,118433.41
2025-07-24 20:00:00,118397.33,119081.51,118248.1
2025-07-25 00:00:00,115421.46,118523.27,115376.45
2025-07-25 04:00:00,115339.08,116172.05,114756.37
2025-07-25 08:00:00,116532.27,116803.05,114999.97
2025-07-25 12:00:00,115744.25,116654.84,114894.96
2025-07-25 16:00:00,116733.21,117055.67,115471.59
2025-07-25 20:00:00,117644.11,117688.96,116612.66
2025-07-26 00:00:00,117533.67,117793.27,117143.68
2025-07-26 04:00:00,117373.78,117621.91,117369.49
2025-07-26 08:00:00,117836.12,118257.21,117372.08
2025-07-26 12:00:00,118177.9,118295.53,117822.77
2025-07-26 16:00:00,118279.71,118355.11,117994.34
2025-07-26 20:00:00,117971.27,118330.4,117928.33
2025-07-27 00:00:00,118231.62,118428.33,117872.15
2025-07-27 04:00:00,118168.76,118494.37,118131.87
2025-07-27 08:00:00,118131.77,118351.01,117878.7
2025-07-27 12:00:00,118622.93,118642.53,117941.19
2025-07-27 16:00:00,119013.05,119567.99,118622.85
2025-07-27 20:00:00,119468.71,119808.28,118772.76
2025-07-28 00:00:00,119308.83,119835.44,118989.54
2025-07-28 04:00:00,118907.13,119708.07,118784.32
2025-07-28 08:00:00,118839.27,119116.26,118495.54
2025-07-28 12:00:00,118174.21,119137.58,117909.98
2025-07-28 16:00:00,118069.5,118379.65,117403.28
2025-07-28 20:00:00,118059.92,118344.12,117503.75
2025-07-29 00:00:00,118766.24,118809.83,117487.95
2025-07-29 04:00:00,118896.61,119285.96,118426.08
2025-07-29 08:00:00,118604.76,119062.61,118172.49
2025-07-29 12:00:00,117374.64,119077.27,117253.47
2025-07-29 16:00:00,117500.38,118042.59,116933.73
2025-07-29 20:00:00,117942.11,117983.29,117071.56
2025-07-30 00:00:00,118159.52,118252.67,117423.09
2025-07-30 04:00:00,118130.93,118418.23,117682.7
2025-07-30 08:00:00,117573.56,118484.23,117361.12
2025-07-30 12:00:00,118003.17,118800.1,117364.34
2025-07-30 16:00:00,116916.96,118046.55,115769.47
2025-07-30 20:00:00,117853.3,117934.12,116879.92
2025-07-31 00:00:00,118477.24,118624.2,117795.68
2025-07-31 04:00:00,118682.83,118927.15,118289.37
2025-07-31 08:00:00,118361.32,118770.42,118289.45
2025-07-31 12:00:00,118292.58,118699.49,117812.06
2025-07-31 16:00:00,116766.79,118885.26,116742.03
2025-07-31 20:00:00,115765.36,116955.11,115493.77
2025-08-01 00:00:00,115651.98,116060.68,114305.92
2025-08-01 04:00:00,115043.81,115914.69,114620.66
2025-08-01 08:00:00,115276.3,115321.1,114101.57
2025-08-01 12:00:00,115339.78,116001.7,113938.66
2025-08-01 16:00:00,113259.21,115690.96,113173.57
2025-08-01 20:00:00,113263.48,114051.48,112682.82
2025-08-02 00:00:00,113891.11,113891.11,113159.75
2025-08-02 04:00:00,113967.24,114033.98,113451.66
2025-08-02 08:00:00,113776.57,114026.8,113422.45
2025-08-02 12:00:00,112827.61,113783.11,112808.25
2025-08-02 16:00:00,112215.15,113410.24,112006.36
2025-08-02 20:00:00,112546.32,113053.01,112063.27
2025-08-03 00:00:00,113602.97,113729.62,111925.95
2025-08-03 04:00:00,113710.39,113723.09,113348.96
2025-08-03 08:00:00,113874.99,114262.11,113560.3
2025-08-03 12:00:00,113966.54,114108.91,113608.53
2025-08-03 16:00:00,114339.88,114803.51,113786.35
2025-08-03 20:00:00,114238.83,114636.9,114097.24
2025-08-04 00:00:00,114609.65,115022.8,114155.7
2025-08-04 04:00:00,114689.37,114804.88,114178.23
2025-08-04 08:00:00,114512.67,114783.52,114237.97
2025-08-04 12:00:00,114840.96,115491.49,114140.41
2025-08-04 16:00:00,114760.97,115744.56,114716.13
2025-08-04 20:00:00,115065.9,115364.43,114615.68
2025-08-05 00:00:00,114251.44,115111.39,114244.86
2025-08-05 04:00:00,113967.13,114501.32,113711.64
2025-08-05 08:00:00,114822.14,115084.29,113914.85
2025-08-05 12:00:00,112911.31,114889.58,112629.49
2025-08-05 16:00:00,113614.38,113748.83,112802.53
2025-08-05 20:00:00,114127.63,114226.55,113300.67
2025-08-06 00:00:00,113519.73,114138.42,113418.95
2025-08-06 04:00:00,114233.34,114415.79,113364.73
2025-08-06 08:00:00,114237.47,114403.77,113733.43
2025-08-06 12:00:00,115449.24,115590.02,113576.19
2025-08-06 16:00:00,115304.39,115748.22,114966.53
2025-08-06 20:00:00,115038.45,115305.05,114839.46
2025-08-07 00:00:00,114581.66,115224.01,114429.23
2025-08-07 04:00:00,114821.78,114906.02,114288.63
2025-08-07 08:00:00,116553.41,116853.84,114819.68
2025-08-07 12:00:00,116749.61,116846.7,116062.63
2025-08-07 16:00:00,117533.76,117597.07,115686.17
2025-08-07 20:00:00,117522.28,117690.87,117070.95
2025-08-08 00:00:00,116788.28,117698.38,116733.33
2025-08-08 04:00:00,116875.42,117017.84,116413.89
2025-08-08 08:00:00,116946.22,116975.35,116361.95
2025-08-08 12:00:00,116225.69,117326.08,115895.35
2025-08-08 16:00:00,116488.26,116917.34,116018.58
2025-08-08 20:00:00,116692.86,117007.38,116348.86
2025-08-09 00:00:00,116403.92,116774.26,116360.05
2025-08-09 04:00:00,116777.37,116996.3,116376.25
2025-08-09 08:00:00,117130.97,117940.29,116770.85
2025-08-09 12:00:00,116912.4,117252.91,116731.95
2025-08-09 16:00:00,116578.18,116970.41,116544.33
2025-08-09 20:00:00,116501.28,117048.98,116412.9
2025-08-10 00:00:00,118508.2,118510.21,116496.35
2025-08-10 04:00:00,117815.69,118751.64,117499.07
2025-08-10 08:00:00,118339.67,118514.85,117643.15
2025-08-10 12:00:00,118816.27,119116.93,118256.38
2025-08-10 16:00:00,118681.7,118947.04,118445.26
2025-08-10 20:00:00,119311.7,119320.76,118112.07
2025-08-11 00:00:00,121717.95,122168.04,119015.15
2025-08-11 04:00:00,121526.23,122309.71,121469.0
2025-08-11 08:00:00,120550.3,121790.43,120278.76
2025-08-11 12:00:00,120307.1,120634.66,119360.63
2025-08-11 16:00:00,119078.56,120799.38,118618.32
2025-08-11 20:00:00,118714.58,119188.93,118106.91
2025-08-12 00:00:00,118861.42,119296.45,118622.48
2025-08-12 04:00:00,119001.72,119167.79,118443.15
2025-08-12 08:00:00,118511.29,119064.15,118214.28
2025-08-12 12:00:00,119946.72,119973.57,118272.83
2025-08-12 16:00:00,119665.12,120208.71,119204.37
2025-08-12 20:00:00,120128.24,120325.99,119504.35
2025-08-13 00:00:00,119481.8,120162.82,119071.12
2025-08-13 04:00:00,119599.8,119832.02,118948.18
2025-08-13 08:00:00,120575.08,120725.98,119464.68
2025-08-13 12:00:00,120951.84,122240.84,120119.03
2025-08-13 16:00:00,122810.04,122896.71,120951.79
2025-08-13 20:00:00,123374.56,123735.38,122370.41
2025-08-14 00:00:00,123406.33,124532.7,123323.09
2025-08-14 04:00:00,121792.05,123472.17,121365.05
2025-08-14 08:00:00,121009.79,122079.22,120744.88
2025-08-14 12:00:00,118286.59,121205.01,117769.44
2025-08-14 16:00:00,118011.52,118603.36,117241.12
2025-08-14 20:00:00,118391.59,118614.02,117412.95
2025-08-15 00:00:00,119098.5,119207.34,118153.0
2025-08-15 04:00:00,119049.23,119335.93,118756.59
2025-08-15 08:00:00,119087.93,119255.58,118695.34
2025-08-15 12:00:00,117331.58,119202.81,116895.4
2025-08-15 16:00:00,116998.86,117943.91,116865.92
2025-08-15 20:00:00,117440.09,117859.88,116930.05
2025-08-16 00:00:00,117538.63,118000.57,117343.78
2025-08-16 04:00:00,117705.19,117991.61,117396.21
2025-08-16 08:00:00,117473.0,117802.07,117242.73
2025-08-16 12:00:00,117769.11,117909.44,117426.76
2025-08-16 16:00:00,117751.48,117902.23,117712.63
2025-08-16 20:00:00,117469.52,117795.04,117313.54
2025-08-17 00:00:00,117764.66,117836.79,117268.69
2025-08-17 04:00:00,118092.17,118323.3,117764.56
2025-08-17 08:00:00,118382.2,118559.89,118017.95
2025-08-17 12:00:00,118307.93,118639.81,118141.41
2025-08-17 16:00:00,117656.63,118376.98,117392.95
2025-08-17 20:00:00,117488.0,118078.22,117456.48
2025-08-18 00:00:00,115396.66,117627.66,115076.99
2025-08-18 04:00:00,115290.05,115795.41,114966.11
2025-08-18 08:00:00,115019.01,115472.66,114716.49
2025-08-18 12:00:00,116215.23,116246.26,114891.47
2025-08-18 16:00:00,116379.16,116883.88,115920.7
2025-08-18 20:00:00,116292.15,117050.07,116064.26
2025-08-19 00:00:00,114876.4,116789.95,114864.95
2025-08-19 04:00:00,115032.84,115524.68,114441.44
2025-08-19 08:00:00,115569.97,115709.18,114858.01
2025-08-19 12:00:00,113793.87,115925.54,113592.83
2025-08-19 16:00:00,113123.03,113905.53,112765.28
2025-08-19 20:00:00,112870.67,113586.36,112738.04
2025-08-20 00:00:00,113544.15,113659.76,112582.8
2025-08-20 04:00:00,113509.02,113862.02,113462.17
2025-08-20 08:00:00,113678.64,114037.42,113080.98
2025-08-20 12:00:00,113361.29,114339.14,112387.14
2025-08-20 16:00:00,114298.48,114466.36,113271.03
2025-08-20 20:00:00,114291.37,114642.26,114013.84
2025-08-21 00:00:00,113968.99,114816.84,113923.81
2025-08-21 04:00:00,113894.05,114036.83,113583.46
2025-08-21 08:00:00,113143.92,113987.27,113006.26
2025-08-21 12:00:00,112775.31,113985.45,112603.87
2025-08-21 16:00:00,112171.02,112959.41,111993.84
2025-08-21 20:00:00,112491.84,112839.17,112048.6
2025-08-22 00:00:00,112907.39,113507.64,112314.09
2025-08-22 04:00:00,113070.21,113363.89,112686.31
2025-08-22 08:00:00,112307.66,113288.89,112166.18
2025-08-22 12:00:00,116393.76,117316.46,111675.14
2025-08-22 16:00:00,116654.72,117428.1,116127.29
2025-08-22 20:00:00,116909.79,117179.85,116553.19
2025-08-23 00:00:00,115528.32,117003.31,115425.7
2025-08-23 04:00:00,115771.13,115984.03,115514.32
2025-08-23 08:00:00,115250.88,115831.63,115183.84
2025-08-23 12:00:00,114795.83,115441.41,114533.54
2025-08-23 16:00:00,115108.36,115153.29,114658.2
2025-08-23 20:00:00,115391.76,115396.71,114985.3
2025-08-24 00:00:00,115007.75,115626.28,114918.0
2025-08-24 04:00:00,114863.96,115254.41,114817.83
2025-08-24 08:00:00,114715.19,115014.87,114575.05
2025-08-24 12:00:00,114386.04,114847.16,114340.63
2025-08-24 16:00:00,112594.74,114879.77,110860.71
2025-08-24 20:00:00,113486.67,113686.34,111675.22
2025-08-25 00:00:00,112909.14,113648.57,112157.1
2025-08-25 04:00:00,111497.98,113039.42,111304.9
2025-08-25 08:00:00,111203.34,111810.92,110912.2
2025-08-25 12:00:00,112206.89,112574.31,110578.11
2025-08-25 16:00:00,110702.03,112943.22,110666.37
2025-08-25 20:00:00,110150.15,111088.95,109292.22
2025-08-26 00:00:00,109899.54,110150.25,108701.29
2025-08-26 04:00:00,110318.83,110567.07,109794.74
2025-08-26 08:00:00,109889.43,110480.96,109588.32
2025-08-26 12:00:00,109684.37,110817.83,109395.44
2025-08-26 16:00:00,111151.8,111194.88,109461.11
2025-08-26 20:00:00,111805.93,112407.53,110939.44
2025-08-27 00:00:00,111449.82,111844.43,110949.29
2025-08-27 04:00:00,110743.49,111745.02,110662.41
2025-08-27 08:00:00,111346.15,111414.96,110381.63
2025-08-27 12:00:00,112048.24,112669.11,111044.97
2025-08-27 16:00:00,112093.08,112637.85,111587.57
2025-08-27 20:00:00,111276.98,112463.67,110973.07
2025-08-28 00:00:00,112033.02,112059.19,110887.39
2025-08-28 04:00:00,113149.68,113380.27,111972.65
2025-08-28 08:00:00,112946.58,113366.2,112843.19
2025-08-28 12:00:00,112697.32,113487.65,112409.42
2025-08-28 16:00:00,111911.44,113219.38,111909.04
2025-08-28 20:00:00,112582.21,112595.8,111877.27
2025-08-29 00:00:00,111741.71,112646.73,111344.72
2025-08-29 04:00:00,110036.5,111880.68,109923.2
2025-08-29 08:00:00,110124.76,110292.87,109422.82
2025-08-29 12:00:00,108423.66,111473.5,108119.28
2025-08-29 16:00:00,108230.93,108865.98,107954.45
2025-08-29 20:00:00,108393.15,108563.37,107512.41
2025-08-30 00:00:00,108440.85,108440.93,107381.29
2025-08-30 04:00:00,108523.99,108673.52,108130.18
2025-08-30 08:00:00,108694.27,108773.79,108418.01
2025-08-30 12:00:00,108887.21,108937.23,108222.42
2025-08-30 16:00:00,108860.49,108928.74,108637.75
2025-08-30 20:00:00,108833.53,108864.27,108500.83
2025-08-31 00:00:00,109248.19,109510.25,108826.57
2025-08-31 04:00:00,108740.65,109257.29,108559.05
2025-08-31 08:00:00,108412.38,109129.52,108344.58
2025-08-31 12:00:00,108830.14,108864.9,108216.83
2025-08-31 16:00:00,108953.12,109248.07,108585.92
2025-08-31 20:00:00,108273.72,109252.84,108095.95
2025-09-01 00:00:00,107682.29,108491.29,107420.71
2025-09-01 04:00:00,109441.88,109441.88,107271.39
2025-09-01 08:00:00,108789.01,109913.29,108198.93
2025-09-01 12:00:00,108796.89,109536.56,108591.52
2025-09-01 16:00:00,109228.06,109330.53,108422.3
2025-09-01 20:00:00,109256.28,109454.48,107479.64
2025-09-02 00:00:00,110341.26,110619.19,108900.97
2025-09-02 04:00:00,110247.9,110630.91,110024.45
2025-09-02 08:00:00,109764.03,110719.09,109605.46
2025-09-02 12:00:00,110847.0,111796.23,108420.77
2025-09-02 16:00:00,110825.09,111144.98,110200.45
2025-09-02 20:00:00,111245.94,111556.62,110735.62
2025-09-03 00:00:00,111060.44,111784.15,110906.58
2025-09-03 04:00:00,111106.49,111164.68,110556.54
2025-09-03 08:00:00,111478.7,111725.78,110918.04
2025-09-03 12:00:00,112249.3,112545.3,111070.33
2025-09-03 16:00:00,112245.42,112601.73,111715.94
2025-09-03 20:00:00,111751.51,112311.29,111678.76
2025-09-04 00:00:00,111193.75,112225.93,111179.15
2025-09-04 04:00:00,110502.81,111369.49,110320.83
2025-09-04 08:00:00,110850.54,111178.98,110453.03
2025-09-04 12:00:00,109520.12,111158.75,109345.22
2025-09-04 16:00:00,109818.28,110223.61,109373.85
2025-09-04 20:00:00,110732.33,111751.51,109771.69
2025-09-05 00:00:00,111331.68,111495.99,110453.67
2025-09-05 04:00:00,112973.38,113009.39,111162.05
2025-09-05 08:00:00,112362.53,112999.81,112141.73
2025-09-05 12:00:00,110724.94,113400.39,110280.98
2025-09-05 16:00:00,111629.32,111646.5,110217.27
2025-09-05 20:00:00,110676.99,111708.7,110425.34
2025-09-06 00:00:00,111092.83,111320.3,110567.35
2025-09-06 04:00:00,110837.03,111093.47,110717.9
2025-09-06 08:00:00,110799.02,110980.78,110690.43
2025-09-06 12:00:00,110421.88,111010.23,110394.82
2025-09-06 16:00:00,110082.04,110436.89,110019.89
2025-09-06 20:00:00,110230.16,110311.6,110081.44
2025-09-07 00:00:00,110662.66,110761.81,110215.7
2025-09-07 04:00:00,110782.35,110936.5,110510.73
2025-09-07 08:00:00,111296.73,111377.92,110762.05
2025-09-07 12:00:00,111329.3,111406.09,111063.21
2025-09-07 16:00:00,111265.09,111367.32,110879.17
2025-09-07 20:00:00,111143.24,111607.85,111016.26
2025-09-08 00:00:00,111051.94,111357.78,110628.16
2025-09-08 04:00:00,111275.64,111608.36,110911.21
2025-09-08 08:00:00,112059.45,112187.05,111256.22
2025-09-08 12:00:00,112640.41,112937.76,111872.67
2025-09-08 16:00:00,112099.99,112684.14,112009.76
2025-09-08 20:00:00,112089.06,112520.5,111916.48
2025-09-09 00:00:00,111720.81,112115.75,111131.2
2025-09-09 04:00:00,113009.09,113293.12,111646.52
2025-09-09 08:00:00,112453.6,113180.98,112429.78
2025-09-09 12:00:00,110885.58,112971.01,110777.59
2025-09-09 16:00:00,111318.65,111401.66,110789.84
2025-09-09 20:00:00,111549.14,111749.15,111102.19
2025-09-10 00:00:00,111547.73,111586.41,110940.58
2025-09-10 04:00:00,112551.83,112593.61,111388.78
2025-09-10 08:00:00,112308.63,112852.44,112119.91
2025-09-10 12:00:00,113892.84,114341.92,112307.13
2025-09-10 16:00:00,113617.42,114116.55,113192.28
2025-09-10 20:00:00,113988.2,114063.34,113589.36
2025-09-11 00:00:00,114439.71,114480.67,113716.57
2025-09-11 04:00:00,114125.5,114497.34,114002.1
2025-09-11 08:00:00,114045.47,114237.13,113803.79
2025-09-11 12:00:00,114219.58,114752.73,113457.52
2025-09-11 16:00:00,114472.67,114653.2,114143.51
2025-09-11 20:00:00,115537.84,115543.74,114305.76
2025-09-12 00:00:00,115252.29,116365.99,115107.01
2025-09-12 04:00:00,115142.87,115711.32,115136.49
2025-09-12 08:00:00,114959.45,115305.36,114917.44
2025-09-12 12:00:00,115171.01,115530.36,114785.3
2025-09-12 16:00:00,116791.09,116816.49,115079.88
2025-09-12 20:00:00,116116.26,116791.1,115864.12
2025-09-13 00:00:00,116025.12,116361.05,115685.83
2025-09-13 04:00:00,115855.93,116025.3,115741.01
2025-09-13 08:00:00,116043.85,116250.63,115846.86
2025-09-13 12:00:00,115838.71,116135.14,115682.61
2025-09-13 16:00:00,115862.64,115887.16,115207.42
2025-09-13 20:00:00,115971.92,116051.54,115860.4
2025-09-14 00:00:00,115748.13,116173.39,115718.86
2025-09-14 04:00:00,115867.63,116005.26,115534.38
2025-09-14 08:00:00,115873.47,116227.37,115824.4
2025-09-14 12:00:00,115294.4,115942.21,115251.0
2025-09-14 16:00:00,115704.85,115719.0,115262.01
2025-09-14 20:00:00,115351.87,116150.69,115203.8
2025-09-15 00:00:00,115507.62,115645.92,114899.12
2025-09-15 04:00:00,115881.46,116808.07,115469.57
2025-09-15 08:00:00,115115.55,115881.56,114694.67
2025-09-15 12:00:00,114903.5,115129.43,114427.7
2025-09-15 16:00:00,115335.99,115600.55,114651.83
2025-09-15 20:00:00,115401.06,115647.68,115244.43
2025-09-16 00:00:00,115357.75,115556.15,114996.8
2025-09-16 04:00:00,115874.43,116044.73,114982.88
2025-09-16 08:00:00,115317.88,116019.16,115246.57
2025-09-16 12:00:00,115941.03,115942.98,114765.74
2025-09-16 16:00:00,116863.53,116929.23,115651.22
2025-09-16 20:00:00,116838.31,117006.56,116647.06
2025-09-17 00:00:00,116434.51,117134.98,116434.31
2025-09-17 04:00:00,117224.09,117331.11,116220.73
2025-09-17 08:00:00,116287.8,117255.98,116285.71
2025-09-17 12:00:00,115918.57,116542.86,115495.49
2025-09-17 16:00:00,115706.74,116329.63,114742.84
2025-09-17 20:00:00,116488.17,117031.36,115387.81
2025-09-18 00:00:00,117634.76,117957.64,116134.78
2025-09-18 04:00:00,117127.27,117803.22,116933.82
2025-09-18 08:00:00,117107.93,117447.42,117054.84
2025-09-18 12:00:00,117645.61,117906.51,117031.09
2025-09-18 16:00:00,117510.86,117981.11,117248.93
2025-09-18 20:00:00,117126.46,117720.86,116701.66
2025-09-19 00:00:00,117037.27,117510.96,116940.34
2025-09-19 04:00:00,116973.56,117153.12,116701.16
2025-09-19 08:00:00,116444.58,117153.78,116362.51
2025-09-19 12:00:00,115947.03,116581.61,115514.72
2025-09-19 16:00:00,115176.64,116208.29,115157.2
2025-09-19 20:00:00,115701.97,115727.11,115150.85
2025-09-20 00:00:00,115527.35,115802.91,115488.37
2025-09-20 04:00:00,116041.27,116061.32,115491.88
2025-09-20 08:00:00,115957.12,116041.38,115737.18
2025-09-20 12:00:00,116069.33,116202.27,115880.41
2025-09-20 16:00:00,115775.62,116165.8,115775.61
2025-09-20 20:00:00,115756.07,116022.49,115689.43
2025-09-21 00:00:00,115735.24,115810.39,115519.74
2025-09-21 04:00:00,115894.79,115894.79,115564.68
2025-09-21 08:00:00,115684.39,115900.98,115405.34
2025-09-21 12:00:00,115597.34,115826.05,115537.33
2025-09-21 16:00:00,115560.39,115731.89,115282.09
2025-09-21 20:00:00,115299.83,115612.06,115262.9
2025-09-22 00:00:00,114735.07,115439.04,114233.48
2025-09-22 04:00:00,112606.52,114735.15,112121.18
2025-09-22 08:00:00,112974.28,113062.77,112275.93
2025-09-22 12:00:00,112920.92,113549.37,112493.45
2025-09-22 16:00:00,112207.0,112975.18,112027.44
2025-09-22 20:00:00,112747.85,113063.18,112067.94
2025-09-23 00:00:00,112432.29,112926.78,111579.31
2025-09-23 04:00:00,113166.74,113189.42,111977.08
2025-09-23 08:00:00,113065.17,113356.34,112769.19
2025-09-23 12:00:00,112948.01,113372.59,112558.14
2025-09-23 16:00:00,111689.74,113021.85,111577.91
2025-09-23 20:00:00,112043.66,112274.96,111518.32
2025-09-24 00:00:00,111744.62,112546.42,111732.98
2025-09-24 04:00:00,112630.38,112830.23,111118.7
2025-09-24 08:00:00,113066.08,113197.69,112457.47
2025-09-24 12:00:00,113410.01,113951.9,112852.32
2025-09-24 16:00:00,113481.35,114013.4,113213.49
2025-09-24 20:00:00,113360.69,113703.52,113260.35
2025-09-25 00:00:00,112563.84,113559.7,112245.47
2025-09-25 04:00:00,111802.24,112632.76,111475.59
2025-09-25 08:00:00,111392.6,112274.05,111328.68
2025-09-25 12:00:00,111661.95,111790.01,110669.26
2025-09-25 16:00:00,109413.84,111748.7,108664.26
2025-09-25 20:00:00,109061.11,109739.16,108835.43
2025-09-26 00:00:00,109649.6,109866.89,108882.8
2025-09-26 04:00:00,109408.89,109695.46,109004.74
2025-09-26 08:00:00,109206.26,109792.65,108695.14
2025-09-26 12:00:00,109097.8,109854.86,108845.18
2025-09-26 16:00:00,109248.61,110387.27,109096.83
2025-09-26 20:00:00,109723.94,109758.58,109173.73
2025-09-27 00:00:00,109644.58,109818.2,109415.67
2025-09-27 04:00:00,109478.6,109822.37,109415.71
2025-09-27 08:00:00,109389.56,109555.02,109156.33
2025-09-27 12:00:00,109476.91,109561.0,109285.03
2025-09-27 16:00:00,109510.06,109524.98,109334.27
2025-09-27 20:00:00,109727.42,109795.18,109448.95
2025-09-28 00:00:00,109539.55,109883.08,109432.39
2025-09-28 04:00:00,109598.38,109632.25,109356.49
2025-09-28 08:00:00,109466.94,109673.18,109343.01
2025-09-28 12:00:00,110111.71,110111.83,109280.14
2025-09-28 16:00:00,110403.87,110458.6,110084.01
2025-09-28 20:00:00,112226.65,112406.99,110366.57
2025-09-29 00:00:00,111922.11,112375.85,111640.65
2025-09-29 04:00:00,111930.56,111960.75,111625.37
2025-09-29 08:00:00,112167.01,112464.29,111929.34
2025-09-29 12:00:00,113896.3,114333.01,111979.09
2025-09-29 16:00:00,114351.79,114474.46,113537.54
2025-09-29 20:00:00,114407.08,114496.59,114091.98
2025-09-30 00:00:00,114448.17,114866.53,114134.28
2025-09-30 04:00:00,113780.1,114450.7,113664.07
2025-09-30 08:00:00,113120.98,113810.97,112727.79
2025-09-30 12:00:00,113157.05,113742.4,112923.32
2025-09-30 16:00:00,114393.01,114596.82,112820.02
2025-09-30 20:00:00,114078.18,114795.13,113797.84
2025-10-01 00:00:00,114217.96,114584.08,114004.91
2025-10-01 04:00:00,114597.14,114768.83,114189.29
2025-10-01 08:00:00,116837.65,116846.77,114540.84
2025-10-01 12:00:00,117513.12,117727.88,116414.95
2025-10-01 16:00:00,117504.04,118280.37,116790.05
2025-10-01 20:00:00,118666.73,118722.74,117240.95
2025-10-02 00:00:00,118803.68,119508.79,118440.7
2025-10-02 04:00:00,118574.68,118994.54,118356.65
2025-10-02 08:00:00,118839.27,118993.62,118436.18
2025-10-02 12:00:00,120004.38,120004.38,118610.28
2025-10-02 16:00:00,120932.39,121107.24,119455.43
2025-10-02 20:00:00,120630.71,121009.45,120163.74
2025-10-03 00:00:00,120334.96,120651.29,119945.61
2025-10-03 04:00:00,119744.78,120419.19,119727.01
2025-10-03 08:00:00,120439.04,120616.12,119348.63
2025-10-03 12:00:00,122381.77,122475.95,119994.52
2025-10-03 16:00:00,122774.81,123996.37,121558.25
2025-10-03 20:00:00,122318.86,122824.4,122113.62
2025-10-04 00:00:00,122337.96,122420.54,121777.42
2025-10-04 04:00:00,122401.35,122898.15,122320.36
2025-10-04 08:00:00,122059.3,122620.16,122047.97
2025-10-04 12:00:00,121869.54,122579.56,121781.73
2025-10-04 16:00:00,122037.01,122042.26,121598.23
2025-10-04 20:00:00,122455.39,122474.01,121942.78
2025-10-05 00:00:00,123837.97,124395.63,122213.36
2025-10-05 04:00:00,124744.35,125748.81,123807.03
2025-10-05 08:00:00,123499.4,124869.64,122549.42
2025-10-05 12:00:00,122852.29,123499.51,122723.23
2025-10-05 16:00:00,122633.05,123507.78,122363.96
2025-10-05 20:00:00,123535.21,123606.61,122526.0
2025-10-06 00:00:00,123906.28,124425.31,123143.47
2025-10-06 04:00:00,123438.27,124206.66,123348.73
2025-10-06 08:00:00,124280.48,124576.29,123438.06
2025-10-06 12:00:00,125072.26,125478.81,124242.62
2025-10-06 16:00:00,125478.86,126287.29,124878.64
2025-10-06 20:00:00,124723.0,125597.41,124607.69
2025-10-07 00:00:00,124396.35,125146.38,124191.43
2025-10-07 04:00:00,123758.12,124729.85,123657.2
2025-10-07 08:00:00,124559.39,124613.15,123416.26
2025-10-07 12:00:00,121925.55,125225.23,121283.95
2025-10-07 16:00:00,121704.24,122160.97,120661.76
2025-10-07 20:00:00,121414.53,122364.06,121359.57
2025-10-08 00:00:00,121441.84,122299.07,121290.5
2025-10-08 04:00:00,121635.65,121967.65,121116.33
2025-10-08 08:00:00,122919.56,123245.57,121574.36
2025-10-08 12:00:00,122231.66,123389.7,121709.82
2025-10-08 16:00:00,123481.14,124254.95,122156.78
2025-10-08 20:00:00,123358.65,123753.82,122859.18
2025-10-09 00:00:00,122077.25,123396.44,121522.5
2025-10-09 04:00:00,121957.13,122300.7,121774.81
2025-10-09 08:00:00,122805.76,122887.9,121181.26
2025-10-09 12:00:00,121217.85,123818.95,120738.61
2025-10-09 16:00:00,121038.54,121544.02,119741.93
2025-10-09 20:00:00,121713.94,121835.2,120933.87
2025-10-10 00:00:00,121106.48,121948.57,120986.59
2025-10-10 04:00:00,120994.0,121797.32,120930.32
2025-10-10 08:00:00,121615.04,121834.26,120971.92
2025-10-10 12:00:00,119074.6,122586.57,118526.84
2025-10-10 16:00:00,116680.31,119485.24,115976.95
2025-10-10 20:00:00,112998.91,117232.01,105833.75
2025-10-11 00:00:00,112448.95,113462.03,111208.29
2025-10-11 04:00:00,110510.9,113120.57,110231.89
2025-10-11 08:00:00,112386.99,112464.55,110298.6
2025-10-11 12:00:00,111928.64,112636.09,111924.06
2025-10-11 16:00:00,111304.6,112302.76,110991.95
2025-10-11 20:00:00,110779.65,111473.76,109711.01
2025-10-12 00:00:00,110805.07,111444.73,109708.26
2025-10-12 04:00:00,111639.41,112228.35,110734.82
2025-10-12 08:00:00,111900.59,112171.78,111210.14
2025-10-12 12:00:00,113261.91,113803.69,111231.81
2025-10-12 16:00:00,114434.66,114780.08,113261.82
2025-10-12 20:00:00,115084.73,115849.48,114351.77
2025-10-13 00:00:00,114936.54,116064.34,114738.23
2025-10-13 04:00:00,115482.07,115637.44,114509.35
2025-10-13 08:00:00,114293.59,115521.57,113754.71
2025-10-13 12:00:00,114430.54,115626.23,113914.36
2025-10-13 16:00:00,115905.45,115994.8,114333.16
2025-10-13 20:00:00,115279.04,115993.07,115113.1
2025-10-14 00:00:00,113593.56,115514.54,113377.79
2025-10-14 04:00:00,111811.24,113772.25,111476.73
2025-10-14 08:00:00,111417.93,112238.54,110158.14
2025-10-14 12:00:00,112962.29,112975.72,109983.29
2025-10-14 16:00:00,112698.45,113614.11,111800.66
2025-10-14 20:00:00,113097.76,113639.17,112313.38
2025-10-15 00:00:00,112101.14,113679.91,111904.25
2025-10-15 04:00:00,112659.6,112754.31,111834.86
2025-10-15 08:00:00,112016.23,113574.88,111807.5
2025-10-15 12:00:00,110872.9,112326.89,110455.81
2025-10-15 16:00:00,111344.01,111620.26,110229.66
2025-10-15 20:00:00,110819.47,111627.67,110567.93
2025-10-16 00:00:00,111398.94,111917.25,110423.9
2025-10-16 04:00:00,110609.96,111816.63,110580.95
2025-10-16 08:00:00,111456.9,111755.5,109419.93
2025-10-16 12:00:00,108614.57,112027.41,108427.49
2025-10-16 16:00:00,108260.05,109320.56,107631.66
2025-10-16 20:00:00,108212.4,108533.42,107501.51
2025-10-17 00:00:00,109221.19,109270.68,107959.51
2025-10-17 04:00:00,105631.45,109278.91,105547.97
2025-10-17 08:00:00,105697.4,106588.98,103552.05
2025-10-17 12:00:00,106827.1,106866.07,104564.78
2025-10-17 16:00:00,106498.08,107584.51,106109.63
2025-10-17 20:00:00,106485.41,107500.61,106387.36
2025-10-18 00:00:00,107133.86,107356.83,106382.73
2025-10-18 04:00:00,106750.91,107544.75,106506.23
2025-10-18 08:00:00,107267.94,107284.49,106691.63
2025-10-18 12:00:00,107008.43,107363.38,106804.08
2025-10-18 16:00:00,107130.02,107146.38,106536.55
2025-10-18 20:00:00,107228.76,107394.29,106908.9
2025-10-19 00:00:00,107316.31,107400.82,106802.35
2025-10-19 04:00:00,106828.98,107332.8,106612.17
2025-10-19 08:00:00,107838.09,108277.87,106146.21
2025-10-19 12:00:00,108536.61,108662.48,107423.47
2025-10-19 16:00:00,108977.04,109508.08,108309.98
2025-10-19 20:00:00,108701.79,109416.14,108530.96
2025-10-20 00:00:00,110192.73,110461.99,107486.38
2025-10-20 04:00:00,111236.63,111456.62,109999.8
2025-10-20 08:00:00,111061.4,111689.86,110678.84
2025-10-20 12:00:00,111189.68,111743.25,110636.59
2025-10-20 16:00:00,110858.88,111358.32,109900.02
2025-10-20 20:00:00,110583.29,111326.33,110463.73
2025-10-21 00:00:00,109122.59,110584.17,109121.78
2025-10-21 04:00:00,108125.21,109122.9,107500.34
2025-10-21 08:00:00,108619.82,108855.58,107529.31
2025-10-21 12:00:00,113472.17,113612.81,108000.42
2025-10-21 16:00:00,111853.6,114069.11,111417.45
2025-10-21 20:00:00,108387.11,111870.99,108126.85
2025-10-22 00:00:00,108275.9,108737.06,107915.08
2025-10-22 04:00:00,108369.91,108705.05,107678.5
2025-10-22 08:00:00,107608.49,108416.5,106898.14
2025-10-22 12:00:00,108431.34,109181.59,107511.92
2025-10-22 16:00:00,107861.99,108810.2,107479.91
2025-10-22 20:00:00,107604.16,108067.77,106750.91
2025-10-23 00:00:00,108403.32,108749.38,107527.17
2025-10-23 04:00:00,109306.71,110338.71,108398.37
2025-10-23 08:00:00,109292.31,109935.06,109155.24
2025-10-23 12:00:00,109951.82,110154.37,108727.55
2025-10-23 16:00:00,110257.41,111341.37,109691.25
2025-10-23 20:00:00,110114.95,110260.6,109411.18
2025-10-24 00:00:00,110491.31,110855.22,110040.74
2025-10-24 04:00:00,111100.57,111567.06,110396.88
2025-10-24 08:00:00,111102.56,111526.66,110642.9
2025-10-24 12:00:00,110076.29,111967.35,109742.29
2025-10-24 16:00:00,110634.69,110963.1,109830.41
2025-10-24 20:00:00,111046.29,111170.68,110501.13
2025-10-25 00:00:00,111064.17,111257.5,110709.35
2025-10-25 04:00:00,111524.59,111819.85,111063.97
2025-10-25 08:00:00,111605.29,111859.92,111426.86
2025-10-25 12:00:00,111413.7,111960.99,111363.65
2025-10-25 16:00:00,111649.78,111754.06,111205.71
2025-10-25 20:00:00,111671.84,111712.92,111376.45
2025-10-26 00:00:00,111294.68,111935.55,111283.58
2025-10-26 04:00:00,111751.12,111751.12,111281.45
2025-10-26 08:00:00,113296.9,113466.96,111745.11
2025-10-26 12:00:00,113704.85,114013.66,113290.9
2025-10-26 16:00:00,113608.74,113782.4,113299.01
2025-10-26 20:00:00,114559.89,115420.91,112929.68
2025-10-27 00:00:00,114994.33,115465.07,114384.48
2025-10-27 04:00:00,115576.65,116395.5,114965.15
2025-10-27 08:00:00,115374.55,115616.67,114845.15
2025-10-27 12:00:00,114977.07,115437.19,114514.71
2025-10-27 16:00:00,114960.51,115808.88,114809.1
2025-10-27 20:00:00,114115.08,114960.58,113855.65
2025-10-28 00:00:00,113925.0,114536.98,113614.3
2025-10-28 04:00:00,114203.76,114358.58,113511.13
2025-10-28 08:00:00,114359.29,114671.24,114129.26
2025-10-28 12:00:00,114675.97,116105.23,114155.84
2025-10-28 16:00:00,113706.91,115601.16,113572.57
2025-10-28 20:00:00,112930.68,113707.79,112249.3
2025-10-29 00:00:00,112546.6,112967.27,112114.88
2025-10-29 04:00:00,113587.34,113600.88,112531.28
2025-10-29 08:00:00,113165.9,113659.32,112779.85
2025-10-29 12:00:00,111540.05,113669.5,111430.99
2025-10-29 16:00:00,110672.46,112021.44,109339.16
2025-10-29 20:00:00,110064.53,111838.31,109783.24
2025-10-30 00:00:00,110776.61,111015.35,109765.26
2025-10-30 04:00:00,111382.66,111617.77,107987.88
2025-10-30 08:00:00,109748.46,111444.07,109727.99
2025-10-30 12:00:00,107720.56,109802.6,107348.42
2025-10-30 16:00:00,106524.54,108220.94,106319.98
2025-10-30 20:00:00,108326.41,108355.91,106326.47
2025-10-31 00:00:00,109232.17,110021.0,108295.99
2025-10-31 04:00:00,109426.61,110209.35,109126.87
2025-10-31 08:00:00,110404.71,110504.06,109196.9
2025-10-31 12:00:00,110161.98,111081.78,109355.75
2025-10-31 16:00:00,109777.99,110251.63,108592.22
2025-10-31 20:00:00,109580.94,109778.52,109295.35
2025-11-01 00:00:00,110194.73,110261.39,109378.81
2025-11-01 04:00:00,110043.12,110512.69,109913.37
2025-11-01 08:00:00,110080.39,110226.87,109818.97
2025-11-01 12:00:00,110285.9,110301.36,109681.38
2025-11-01 16:00:00,110300.89,110513.95,110174.15
2025-11-01 20:00:00,110104.4,110509.36,109873.05
2025-11-02 00:00:00,110052.63,110249.04,109906.91
2025-11-02 04:00:00,110911.89,111016.0,110036.33
2025-11-02 08:00:00,111154.54,111181.96,110359.55
2025-11-02 12:00:00,110126.4,111199.6,110111.23
2025-11-02 16:00:00,110184.27,110345.23,109663.59
2025-11-02 20:00:00,110564.52,110734.26,109485.51
2025-11-03 00:00:00,107966.18,110748.58,107946.94
2025-11-03 04:00:00,107479.39,108027.57,107038.05
2025-11-03 08:00:00,107799.55,107909.47,106786.89
2025-11-03 12:00:00,105749.46,108327.22,105546.71
2025-11-03 16:00:00,107078.94,107712.79,105315.16
2025-11-03 20:00:00,106580.38,107157.4,105831.95
2025-11-04 00:00:00,107157.37,107279.01,105862.12
2025-11-04 04:00:00,104477.04,107289.91,104186.97
2025-11-04 08:00:00,104570.8,104673.86,103577.71
2025-11-04 12:00:00,103174.12,104806.37,102895.45
2025-11-04 16:00:00,100488.29,103466.85,99956.12
2025-11-04 20:00:00,101493.23,101854.75,98932.13
2025-11-05 00:00:00,102147.74,102275.83,98978.04
2025-11-05 04:00:00,102017.94,102352.13,101519.47
2025-11-05 08:00:00,102074.4,102214.95,101203.32
2025-11-05 12:00:00,103730.23,103804.29,101932.95
2025-11-05 16:00:00,104026.38,104538.07,103084.71
2025-11-05 20:00:00,103893.5,104543.57,103302.83
2025-11-06 00:00:00,103649.5,103936.07,102744.16
2025-11-06 04:00:00,103200.16,104201.89,102927.46
2025-11-06 08:00:00,103216.93,103442.67,102660.29
2025-11-06 12:00:00,101978.85,103592.92,101591.63
2025-11-06 16:00:00,101355.51,102344.85,100266.6
2025-11-06 20:00:00,101302.75,101600.45,100506.65
2025-11-07 00:00:00,101877.6,102302.71,100713.42
2025-11-07 04:00:00,101976.04,102475.84,101538.91
2025-11-07 08:00:00,100376.36,102013.02,99777.63
2025-11-07 12:00:00,100750.46,101198.07,99207.58
2025-11-07 16:00:00,103353.82,103354.96,100462.53
2025-11-07 20:00:00,103301.61,104039.73,102924.75
2025-11-08 00:00:00,102566.94,103353.75,102511.71
2025-11-08 04:00:00,102318.96,102781.36,101891.47
2025-11-08 08:00:00,101832.25,102638.72,101710.36
2025-11-08 12:00:00,101700.94,102160.29,101453.48
2025-11-08 16:00:00,101971.8,102210.01,101520.6
2025-11-08 20:00:00,102304.79,102478.53,101950.82
2025-11-09 00:00:00,101657.61,102332.54,101415.54
2025-11-09 04:00:00,101936.35,102118.51,101641.96
2025-11-09 08:00:00,102243.51,102307.35,101525.04
2025-11-09 12:00:00,103758.63,104159.36,102056.8
2025-11-09 16:00:00,104807.32,104808.95,103330.72
2025-11-09 20:00:00,104721.32,105466.47,104090.82
2025-11-10 00:00:00,106027.67,106648.26,104270.97
2025-11-10 04:00:00,106451.46,106530.37,105844.98
2025-11-10 08:00:00,106178.46,106592.76,105849.94
2025-11-10 12:00:00,105060.82,106577.45,104674.78
2025-11-10 16:00:00,105808.8,106054.06,104780.41
2025-11-10 20:00:00,105988.36,106274.96,105261.23
2025-11-11 00:00:00,106455.7,107489.75,105496.91
2025-11-11 04:00:00,104770.29,106524.47,104729.99
2025-11-11 08:00:00,105304.91,105499.3,104753.39
2025-11-11 12:00:00,103461.58,105504.82,103185.2
2025-11-11 16:00:00,103123.55,103722.91,102839.75
2025-11-11 20:00:00,103033.54,103217.51,102465.73
2025-11-12 00:00:00,103297.59,103419.42,102678.96
2025-11-12 04:00:00,103122.83,103652.49,103016.14
2025-11-12 08:00:00,105029.72,105209.28,103122.83
2025-11-12 12:00:00,102182.07,105327.79,101978.33
2025-11-12 16:00:00,101291.33,102279.94,100818.69
2025-11-12 20:00:00,101660.22,101998.0,101145.63
2025-11-13 00:00:00,102154.29,102596.07,100935.51
2025-11-13 04:00:00,103467.13,104048.87,101671.22
2025-11-13 08:00:00,102929.37,103792.01,102556.3
2025-11-13 12:00:00,101374.72,103449.78,101180.89
2025-11-13 16:00:00,98648.18,101522.68,98108.24
2025-11-13 20:00:00,99644.14,100443.71,97956.87
2025-11-14 00:00:00,99108.27,99836.81,98689.35
2025-11-14 04:00:00,97109.77,99154.8,95934.25
2025-11-14 08:00:00,96143.04,97496.25,95695.21
2025-11-14 12:00:00,96740.61,97248.92,94521.72
2025-11-14 16:00:00,95727.17,97346.0,94750.72
2025-11-14 20:00:00,94531.81,95873.9,94006.67
2025-11-15 00:00:00,96369.63,96761.57,94516.28
2025-11-15 04:00:00,96289.86,96543.92,95909.87
2025-11-15 08:00:00,95648.14,96309.65,95589.25
2025-11-15 12:00:00,96229.01,96445.58,95539.54
2025-11-15 16:00:00,95967.55,96333.52,95699.93
2025-11-15 20:00:00,95555.28,95971.03,95082.03
2025-11-16 00:00:00,95775.32,95923.61,94813.18
2025-11-16 04:00:00,96041.07,96124.13,95606.06
2025-11-16 08:00:00,95593.83,96574.81,95477.73
2025-11-16 12:00:00,94522.55,95849.4,94343.1
2025-11-16 16:00:00,94001.86,95518.91,93759.35
2025-11-16 20:00:00,94244.44,94703.72,93006.43
2025-11-17 00:00:00,95468.15,95515.79,93768.96
2025-11-17 04:00:00,95618.34,95833.36,94861.49
2025-11-17 08:00:00,95525.35,95973.02,95287.06
2025-11-17 12:00:00,93902.53,95967.85,93558.33
2025-11-17 16:00:00,91614.43,94359.0,91541.02
2025-11-17 20:00:00,92141.25,92329.4,91244.75
2025-11-18 00:00:00,90787.41,92276.79,89672.41
2025-11-18 04:00:00,90433.97,90806.37,89289.38
2025-11-18 08:00:00,91457.55,91543.59,90433.97
2025-11-18 12:00:00,92870.39,92970.06,90872.78
2025-11-18 16:00:00,93148.27,93785.83,92540.94
2025-11-18 20:00:00,92946.24,93380.16,92443.0
2025-11-19 00:00:00,91840.04,92963.84,91619.5
2025-11-19 04:00:00,91830.14,91972.15,89992.06
2025-11-19 08:00:00,91367.9,91911.73,91047.79
2025-11-19 12:00:00,89895.82,92344.07,89822.75
2025-11-19 16:00:00,88798.23,90176.21,88551.06
2025-11-19 20:00:00,91483.02,91519.95,88529.93
2025-11-20 00:00:00,92382.66,92732.09,91125.91
2025-11-20 04:00:00,92245.69,93082.73,91629.14
2025-11-20 08:00:00,91867.03,92327.97,91382.66
2025-11-20 12:00:00,89779.12,92450.92,89747.81
2025-11-20 16:00:00,86821.93,89815.48,86019.03
2025-11-20 20:00:00,86553.58,88158.6,86239.1
2025-11-21 00:00:00,85745.68,87404.99,85290.88
2025-11-21 04:00:00,83939.76,86265.37,82292.57
2025-11-21 08:00:00,82226.99,84595.36,81576.2
2025-11-21 12:00:00,82864.05,85421.61,80562.05
2025-11-21 16:00:00,84157.3,85490.76,82263.6
2025-11-21 20:00:00,85087.62,85365.3,83414.26
2025-11-22 00:00:00,84395.73,85562.12,84172.38
2025-11-22 04:00:00,84535.47,84740.16,83788.97
2025-11-22 08:00:00,84051.6,84536.61,83462.76
2025-11-22 12:00:00,84239.59,84701.21,83585.98
2025-11-22 16:00:00,84567.26,84849.69,84176.19
2025-11-22 20:00:00,84696.98,85213.29,84206.15
2025-11-23 00:00:00,86274.71,86303.58,84639.73
2025-11-23 04:00:00,85740.7,86819.91,85385.2
2025-11-23 08:00:00,86298.34,86431.09,85734.94
2025-11-23 12:00:00,87071.93,87213.4,86250.03
2025-11-23 16:00:00,87315.39,87662.53,86491.09
2025-11-23 20:00:00,86823.45,88106.69,86729.97
2025-11-24 00:00:00,87435.62,88030.57,85933.58
2025-11-24 04:00:00,87025.78,87806.9,86434.16
2025-11-24 08:00:00,86236.81,87025.98,85668.41
2025-11-24 12:00:00,86585.27,86710.91,85242.01
2025-11-24 16:00:00,88322.37,88837.64,86585.27
2025-11-24 20:00:00,88288.33,89227.26,88244.15
2025-11-25 00:00:00,87802.9,88288.7,87453.57
2025-11-25 04:00:00,87392.27,88494.81,87345.03
2025-11-25 08:00:00,87350.04,87602.55,86678.51
2025-11-25 12:00:00,86960.35,87751.99,86089.7
2025-11-25 16:00:00,86854.43,88114.74,86154.99
2025-11-25 20:00:00,87340.82,87864.71,86574.08
2025-11-26 00:00:00,87101.61,88201.12,87054.91
2025-11-26 04:00:00,87916.86,87947.73,86879.76
2025-11-26 08:00:00,87082.65,87924.55,86653.82
2025-11-26 12:00:00,86959.35,87677.46,86298.47
2025-11-26 16:00:00,89965.83,90406.41,86953.9
2025-11-26 20:00:00,90487.28,90634.17,89506.53
2025-11-27 00:00:00,91090.88,91886.33,90083.46
2025-11-27 04:00:00,91406.86,91541.86,90885.2
2025-11-27 08:00:00,91381.57,91934.77,91232.49
2025-11-27 12:00:00,90956.16,91451.79,90453.84
2025-11-27 16:00:00,91532.11,91833.92,90858.65
2025-11-27 20:00:00,91327.26,91592.53,91103.94
2025-11-28 00:00:00,91203.96,91408.36,90651.31
2025-11-28 04:00:00,90910.12,91716.3,90863.15
2025-11-28 08:00:00,91436.04,92024.64,90906.02
2025-11-28 12:00:00,92378.3,93116.85,91389.57
2025-11-28 16:00:00,91172.63,92391.63,90242.43
2025-11-28 20:00:00,90917.53,91277.88,90740.04
2025-11-29 00:00:00,90701.21,91143.62,90575.98
2025-11-29 04:00:00,90592.75,90945.42,90343.89
2025-11-29 08:00:00,90702.21,90759.35,90418.16
2025-11-29 12:00:00,91106.96,91143.54,90567.61
2025-11-29 16:00:00,90675.92,91201.7,90211.19
2025-11-29 20:00:00,90842.76,91084.53,90441.04
2025-11-30 00:00:00,90944.32,91087.63,90496.43
2025-11-30 04:00:00,90995.45,91064.13,90707.14
2025-11-30 08:00:00,91072.64,91653.47,90957.49
2025-11-30 12:00:00,91456.9,91983.85,91031.89
2025-11-30 16:00:00,91478.07,91872.81,91176.35
2025-11-30 20:00:00,90381.34,91636.61,90363.83
2025-12-01 00:00:00,86364.57,90443.38,86186.97
2025-12-01 04:00:00,86551.06,86575.0,85622.23
2025-12-01 08:00:00,86144.08,86936.06,86136.98
2025-12-01 12:00:00,84681.19,86665.71,83828.42
2025-12-01 16:00:00,85029.81,85553.34,84059.09
2025-12-01 20:00:00,86302.37,86885.96,85022.28
2025-12-02 00:00:00,86986.47,87354.72,86199.69
2025-12-02 04:00:00,87029.96,87280.02,86842.04
2025-12-02 08:00:00,87381.79,87616.37,86366.37
2025-12-02 12:00:00,90868.76,91202.66,87075.14
2025-12-02 16:00:00,91928.5,92332.31,90238.14
2025-12-02 20:00:00,91315.07,92027.26,90769.43
2025-12-03 00:00:00,92656.67,93098.59,91041.2
2025-12-03 04:00:00,93033.48,93982.31,92648.92
2025-12-03 08:00:00,93031.46,93421.29,92706.4
2025-12-03 12:00:00,92397.44,93708.52,91740.76
2025-12-03 16:00:00,93046.71,93541.05,91813.53
2025-12-03 20:00:00,93464.62,94192.91,92859.3
2025-12-04 00:00:00,93556.73,94089.06,92704.3
2025-12-04 04:00:00,93418.04,93602.29,92800.14
2025-12-04 08:00:00,92955.99,93633.28,92760.24
2025-12-04 12:00:00,93012.47,93274.72,91826.61
2025-12-04 16:00:00,92006.84,93201.21,90913.17
2025-12-04 20:00:00,92106.94,92744.43,91717.99
2025-12-05 00:00:00,92178.75,92717.53,92003.87
2025-12-05 04:00:00,92288.53,92529.02,91837.13
2025-12-05 08:00:00,91381.83,92292.98,91008.84
2025-12-05 12:00:00,90477.34,91483.79,89923.96
2025-12-05 16:00:00,89668.89,90523.67,88116.59
2025-12-05 20:00:00,89352.03,89768.74,88942.77
2025-12-06 00:00:00,89699.07,89807.82,89065.75
2025-12-06 04:00:00,89612.47,89776.24,89490.74
2025-12-06 08:00:00,89646.21,89741.93,89235.35
2025-12-06 12:00:00,89780.42,90291.46,89509.65
2025-12-06 16:00:00,89432.62,90004.19,89257.26
2025-12-06 20:00:00,89262.3,89642.83,88942.96
2025-12-07 00:00:00,89740.31,89768.84,89197.81
2025-12-07 04:00:00,89387.86,89810.33,89226.05
2025-12-07 08:00:00,89178.33,89546.78,89070.71
2025-12-07 12:00:00,89572.95,89688.63,87756.05
2025-12-07 16:00:00,91438.75,91783.95,89145.68
2025-12-07 20:00:00,90413.99,91527.72,89018.45
2025-12-08 00:00:00,91092.26,91711.53,89886.28
2025-12-08 04:00:00,91576.36,91885.21,91041.99
2025-12-08 08:00:00,91984.83,92303.63,91501.32
2025-12-08 12:00:00,89973.07,92129.68,89623.92
2025-12-08 16:00:00,90134.12,90531.81,89697.66
2025-12-08 20:00:00,90661.73,91398.48,90134.12
2025-12-09 00:00:00,90426.06,90865.95,89830.73
2025-12-09 04:00:00,90504.92,90533.89,89530.61
2025-12-09 08:00:00,90402.33,90623.92,89937.74
2025-12-09 12:00:00,92713.54,92886.37,90022.26
2025-12-09 16:00:00,93827.36,94617.1,92707.91
2025-12-09 20:00:00,92701.41,93863.39,92274.99
2025-12-10 00:00:00,92426.77,92793.99,91988.33
2025-12-10 04:00:00,92806.7,92806.7,92408.83
2025-12-10 08:00:00,92133.17,93264.9,91786.64
2025-12-10 12:00:00,92075.56,92231.89,91582.52
2025-12-10 16:00:00,92993.48,93219.72,91840.56
2025-12-10 20:00:00,92038.34,94506.56,91900.26
2025-12-11 00:00:00,89902.29,92103.17,89429.88
2025-12-11 04:00:00,90287.98,90507.43,89721.07
2025-12-11 08:00:00,90259.65,90532.73,90004.33
2025-12-11 12:00:00,89890.19,90650.81,89281.34
2025-12-11 16:00:00,90858.01,91561.22,89350.18
2025-12-11 20:00:00,92546.9,93581.1,90823.8
2025-12-12 00:00:00,92311.65,92774.35,91493.12
2025-12-12 04:00:00,92453.37,92738.79,92100.05
2025-12-12 08:00:00,92432.67,92653.49,92108.78
2025-12-12 12:00:00,89935.45,92681.0,89788.4
2025-12-12 16:00:00,90205.95,90693.1,89499.86
2025-12-12 20:00:00,90277.47,90408.76,89897.19
2025-12-13 00:00:00,90351.16,90471.57,90120.25
2025-12-13 04:00:00,90344.33,90429.5,90279.92
2025-12-13 08:00:00,90362.2,90655.09,90316.32
2025-12-13 12:00:00,90111.16,90500.81,89947.36
2025-12-13 16:00:00,90207.89,90288.46,90004.27
2025-12-13 20:00:00,90262.18,90301.11,89789.11
2025-12-14 00:00:00,90280.9,90495.22,90148.08
2025-12-14 04:00:00,90265.7,90349.48,90063.3
2025-12-14 08:00:00,89386.1,90299.37,88739.31
2025-12-14 12:00:00,89034.9,89678.91,88894.31
2025-12-14 16:00:00,88658.02,89412.51,88513.88
2025-12-14 20:00:00,88169.62,88837.12,87605.5
2025-12-15 00:00:00,89295.74,90044.99,88079.62
2025-12-15 04:00:00,89753.4,89922.95,89286.55
2025-12-15 08:00:00,89658.23,89988.3,89592.74
2025-12-15 12:00:00,87038.64,89866.59,86620.74
2025-12-15 16:00:00,86140.14,87213.76,85149.06
2025-12-15 20:00:00,86421.58,86454.87,85515.81
2025-12-16 00:00:00,85861.29,86506.91,85375.97
2025-12-16 04:00:00,86002.1,86597.56,85264.64
2025-12-16 08:00:00,87249.95,87321.85,85923.72
2025-12-16 12:00:00,87957.88,88144.98,86105.19
2025-12-16 16:00:00,87570.71,88040.95,87055.48
2025-12-16 20:00:00,87851.74,87922.87,87330.03
2025-12-17 00:00:00,87191.58,87932.65,87135.78
2025-12-17 04:00:00,87031.04,87382.97,86193.42
2025-12-17 08:00:00,86966.54,87117.07,86215.37
2025-12-17 12:00:00,87211.87,90343.35,86797.27
2025-12-17 16:00:00,85992.96,87739.01,85280.69
2025-12-17 20:00:00,86223.21,86407.46,85634.0
2025-12-18 00:00:00,86590.85,86849.04,85840.78
2025-12-18 04:00:00,86809.34,86874.81,86367.04
2025-12-18 08:00:00,87244.63,87428.48,86686.4
2025-12-18 12:00:00,88467.15,89450.72,87088.42
2025-12-18 16:00:00,84453.65,88490.53,84452.76
2025-12-18 20:00:00,85478.7,85795.89,84424.2
2025-12-19 00:00:00,86835.85,87526.59,85085.96
2025-12-19 04:00:00,87905.19,88349.91,86648.11
2025-12-19 08:00:00,88163.85,88337.21,87695.67
2025-12-19 12:00:00,87920.17,89360.77,87482.86
2025-12-19 16:00:00,87795.52,88844.15,86803.92
2025-12-19 20:00:00,88107.2,88379.85,87553.75
2025-12-20 00:00:00,88188.84,88313.53,87934.99
2025-12-20 04:00:00,88252.24,88542.21,88096.82
2025-12-20 08:00:00,88253.59,88403.78,88081.2
2025-12-20 12:00:00,88148.85,88313.53,87793.71
2025-12-20 16:00:00,88208.92,88383.92,88081.0
2025-12-20 20:00:00,88340.83,88426.88,88132.32
2025-12-21 00:00:00,88064.81,88414.19,87857.68
2025-12-21 04:00:00,88161.15,88185.3,88036.9
2025-12-21 08:00:00,88590.62,89047.71,88131.84
2025-12-21 12:00:00,88049.98,88908.37,87586.96
2025-12-21 16:00:00,88473.95,88583.48,87936.34
2025-12-21 20:00:00,88647.8,88797.08,88085.12
2025-12-22 00:00:00,88762.07,89598.18,87891.38
2025-12-22 04:00:00,89152.93,89180.75,88700.13
2025-12-22 08:00:00,89913.97,90075.74,89076.48
2025-12-22 12:00:00,89700.07,90551.12,89173.27
2025-12-22 16:00:00,88018.44,90090.57,87931.83
2025-12-22 20:00:00,88566.92,88782.01,87881.68
2025-12-23 00:00:00,88132.94,88897.58,87762.92
2025-12-23 04:00:00,87518.22,88326.84,87008.77
2025-12-23 08:00:00,87816.63,87840.43,87258.32
2025-12-23 12:00:00,87404.11,87916.64,86559.41
2025-12-23 16:00:00,87703.54,88241.56,87125.72
2025-12-23 20:00:00,87440.81,88324.56,87140.08
2025-12-24 00:00:00,87291.31,87785.07,86818.03
2025-12-24 04:00:00,86862.31,87410.48,86736.43
2025-12-24 08:00:00,87160.74,87303.89,86671.83
2025-12-24 12:00:00,86989.81,87443.29,86365.36
2025-12-24 16:00:00,87511.12,87604.65,86868.47
2025-12-24 20:00:00,87620.12,88003.03,87476.75
2025-12-25 00:00:00,87796.36,87912.95,87467.68
2025-12-25 04:00:00,87789.01,87818.45,87606.98
2025-12-25 08:00:00,87471.1,87843.55,87210.15
2025-12-25 12:00:00,88314.28,88545.97,87355.23
2025-12-25 16:00:00,88100.68,88424.36,87946.24
2025-12-25 20:00:00,87183.32,88118.57,86913.66
2025-12-26 00:00:00,88761.97,89358.84,86840.35
2025-12-26 04:00:00,88393.43,89503.42,88286.45
2025-12-26 08:00:00,88484.33,88858.47,88350.74
2025-12-26 12:00:00,87071.97,89007.77,86589.77
2025-12-26 16:00:00,87440.96,87514.9,86745.26
2025-12-26 20:00:00,87315.1,87733.2,87262.3
2025-12-27 00:00:00,87462.6,87487.97,87154.06
2025-12-27 04:00:00,87490.12,87656.9,87369.35
2025-12-27 08:00:00,87436.31,87628.64,87329.68
2025-12-27 12:00:00,87519.08,87553.42,87280.49
2025-12-27 16:00:00,87527.43,87543.27,87391.75
2025-12-27 20:00:00,87823.31,87925.14,87456.0
2025-12-28 00:00:00,87686.41,87901.32,87655.61
2025-12-28 04:00:00,87675.11,87775.32,87556.73
2025-12-28 08:00:00,87827.46,87953.43,87665.9
2025-12-28 12:00:00,87786.12,88018.43,87737.4
2025-12-28 16:00:00,87466.55,87877.0,87449.83
2025-12-28 20:00:00,87886.81,87987.07,87381.32
2025-12-29 00:00:00,90031.3,90081.56,87748.41
2025-12-29 04:00:00,89517.03,90327.16,89413.37
2025-12-29 08:00:00,87475.98,89728.85,87471.49
2025-12-29 12:00:00,87598.61,88111.21,86704.68
2025-12-29 16:00:00,87264.86,87916.92,87227.89
2025-12-29 20:00:00,87133.26,87497.0,86963.44
2025-12-30 00:00:00,87272.36,87322.27,86732.68
2025-12-30 04:00:00,87395.57,87513.37,87050.03
2025-12-30 08:00:00,87807.39,88118.35,87391.63
2025-12-30 12:00:00,88938.25,89076.43,87734.15
2025-12-30 16:00:00,88154.29,89341.34,87891.85
2025-12-30 20:00:00,88410.54,88498.35,87799.39
2025-12-31 00:00:00,88355.67,88731.15,88084.8
2025-12-31 04:00:00,88517.97,88540.93,88228.99
2025-12-31 08:00:00,88919.28,88962.25,88298.71
2025-12-31 12:00:00,87843.47,89105.68,87679.11
2025-12-31 16:00:00,87418.51,87945.25,87296.65
2025-12-31 20:00:00,87519.13,87750.75,87109.45
2026-01-01 00:00:00,87714.52,87953.66,87498.75
2026-01-01 04:00:00,87487.58,87721.62,87400.21
2026-01-01 08:00:00,87892.05,87896.33,87482.6
2026-01-01 12:00:00,87925.72,88004.73,87706.47
2026-01-01 16:00:00,88275.28,88394.31,87772.61
2026-01-01 20:00:00,88742.68,88806.59,88139.79
2026-01-02 00:00:00,88846.11,89023.49,88289.33
2026-01-02 04:00:00,88764.93,88979.99,88477.08
2026-01-02 08:00:00,89422.93,89836.71,88712.05
2026-01-02 12:00:00,89358.24,90088.92,88400.9
2026-01-02 16:00:00,89857.78,90940.54,89151.83
2026-01-02 20:00:00,89959.25,90376.37,89584.74
2026-01-03 00:00:00,90292.63,90375.05,89930.34
2026-01-03 04:00:00,89550.6,90449.08,89288.1
2026-01-03 08:00:00,89710.79,89952.34,89396.11
2026-01-03 12:00:00,89926.01,90190.96,89617.37
2026-01-03 16:00:00,90080.54,90172.77,89876.23
2026-01-03 20:00:00,90598.87,90692.56,89982.81
2026-01-04 00:00:00,91199.46,91550.31,90598.62
2026-01-04 04:00:00,91489.83,91750.6,91153.2
2026-01-04 08:00:00,91268.04,91576.83,91133.92
2026-01-04 12:00:00,91291.56,91381.05,90996.36
2026-01-04 16:00:00,91106.76,91415.79,90831.98
2026-01-04 20:00:00,91499.58,91551.73,91094.56
2026-01-05 00:00:00,92842.07,93340.62,91483.13
2026-01-05 04:00:00,92481.24,92919.86,92106.4
2026-01-05 08:00:00,93082.01,93111.87,92281.01
2026-01-05 12:00:00,93942.19,93994.3,92349.41
2026-01-05 16:00:00,94291.16,94506.48,93242.04
2026-01-05 20:00:00,93871.45,94804.38,93808.27
2026-01-06 00:00:00,93760.02,94163.74,93520.13
2026-01-06 04:00:00,93215.92,93989.96,93115.13
2026-01-06 08:00:00,93821.89,93878.33,93140.34
2026-01-06 12:00:00,93611.76,94428.7,93309.18
2026-01-06 16:00:00,92055.31,93741.04,91210.45
2026-01-06 20:00:00,93720.48,93820.39,92042.23
2026-01-07 00:00:00,92756.24,93720.65,92188.04
2026-01-07 04:00:00,92817.24,92868.34,92448.5
2026-01-07 08:00:00,92030.08,92907.78,91532.74
2026-01-07 12:00:00,91276.07,92218.62,90952.99
2026-01-07 16:00:00,91081.21,91727.52,90582.32
2026-01-07 20:00:00,91287.12,91399.77,90363.64
2026-01-08 00:00:00,90713.92,91578.27,90521.51
2026-01-08 04:00:00,90425.06,91083.36,89534.66
2026-01-08 08:00:00,90109.32,90666.96,89672.73
2026-01-08 12:00:00,90702.97,90755.79,89212.31
2026-01-08 16:00:00,90864.72,91401.53,90226.53
2026-01-08 20:00:00,91032.92,91415.2,90493.89
2026-01-09 00:00:00,91131.01,91564.16,90765.82
2026-01-09 04:00:00,90650.58,91147.3,90641.97
2026-01-09 08:00:00,90356.77,90744.97,89596.59
2026-01-09 12:00:00,91094.28,91948.91,89752.97
2026-01-09 16:00:00,90230.84,91713.75,90079.88
2026-01-09 20:00:00,90524.71,90606.89,90015.23
2026-01-10 00:00:00,90515.58,90661.87,90399.65
2026-01-10 04:00:00,90554.77,90566.94,90295.26
2026-01-10 08:00:00,90622.12,90713.65,90500.73
2026-01-10 12:00:00,90549.85,90678.99,90429.07
2026-01-10 16:00:00,90515.84,90632.51,90402.08
2026-01-10 20:00:00,90391.76,90546.86,90279.2
2026-01-11 00:00:00,90623.52,90626.77,90335.68
2026-01-11 04:00:00,90593.53,90742.64,90474.91
2026-01-11 08:00:00,90630.72,90694.81,90496.06
2026-01-11 12:00:00,90760.27,91073.94,90590.92
2026-01-11 16:00:00,90573.49,91164.56,90552.87
2026-01-11 20:00:00,90885.04,90923.85,90122.7
2026-01-12 00:00:00,91693.89,92416.57,90576.37
2026-01-12 04:00:00,91294.48,92167.93,91272.41
2026-01-12 08:00:00,90512.17,91511.69,90249.96
2026-01-12 12:00:00,91588.55,91598.31,90020.58
2026-01-12 16:00:00,91795.94,92262.34,90963.56
2026-01-12 20:00:00,91199.65,91986.2,90868.33
2026-01-13 00:00:00,91316.29,91455.92,90944.45
2026-01-13 04:00:00,91849.99,92180.58,91254.78
2026-01-13 08:00:00,91908.24,92593.23,91835.67
2026-01-13 12:00:00,93420.8,93422.37,91696.82
2026-01-13 16:00:00,94218.74,94233.75,93044.85
2026-01-13 20:00:00,95374.03,96126.37,94019.32
2026-01-14 00:00:00,95673.61,95679.33,95094.46
2026-01-14 04:00:00,95186.4,95754.29,94530.69
2026-01-14 08:00:00,94755.19,95293.91,94700.68
2026-01-14 12:00:00,96767.69,97085.81,94649.4
2026-01-14 16:00:00,97266.0,97825.1,96249.48
2026-01-14 20:00:00,96945.09,97943.22,96803.37
2026-01-15 00:00:00,95950.82,96991.03,95746.03
2026-01-15 04:00:00,96615.86,96737.77,95920.73
2026-01-15 08:00:00,96569.61,97178.67,96284.38
2026-01-15 12:00:00,96721.29,97130.61,95410.21
2026-01-15 16:00:00,95476.63,97042.84,95166.38
2026-01-15 20:00:00,95583.86,95843.04,95102.98
2026-01-16 00:00:00,95322.55,95835.5,95302.09
2026-01-16 04:00:00,95635.3,95800.19,95123.12
2026-01-16 08:00:00,95392.72,95827.46,95226.26
2026-01-16 12:00:00,94544.17,95787.7,94246.25
2026-01-16 16:00:00,94957.96,95187.73,94466.26
2026-01-16 20:00:00,95521.19,95582.07,94637.82
2026-01-17 00:00:00,95335.98,95550.97,95163.45
2026-01-17 04:00:00,95070.99,95357.18,95020.08
2026-01-17 08:00:00,95286.3,95290.29,95004.98
2026-01-17 12:00:00,95546.93,95607.52,95166.01
2026-01-17 16:00:00,95266.63,95549.62,95188.2
2026-01-17 20:00:00,95117.69,95384.9,95005.31
2026-01-18 00:00:00,95163.82,95205.99,94835.48
2026-01-18 04:00:00,95005.54,95226.96,94995.64
2026-01-18 08:00:00,95134.37,95261.98,94991.33
2026-01-18 12:00:00,95087.43,95327.2,94874.7
2026-01-18 16:00:00,95350.49,95489.25,95046.42
2026-01-18 20:00:00,93642.09,95496.67,93583.3
2026-01-19 00:00:00,92663.13,93642.84,92119.72
2026-01-19 04:00:00,92794.56,92813.3,92355.52
2026-01-19 08:00:00,93148.74,93329.97,92655.5
2026-01-19 12:00:00,93021.39,93181.66,92660.99
2026-01-19 16:00:00,93060.43,93371.44,92889.17
2026-01-19 20:00:00,92569.44,93298.23,92102.43
2026-01-20 00:00:00,92378.42,92813.52,92198.91
2026-01-20 04:00:00,91095.95,92413.4,90698.47
2026-01-20 08:00:00,91148.04,91379.65,90600.67
2026-01-20 12:00:00,90603.33,91301.49,89780.35
2026-01-20 16:00:00,89608.55,90906.22,89185.3
2026-01-20 20:00:00,88329.83,89730.36,87793.26
2026-01-21 00:00:00,89338.11,89500.21,88154.77
2026-01-21 04:00:00,89123.99,90028.48,88978.44
2026-01-21 08:00:00,88707.16,89399.1,88618.05
2026-01-21 12:00:00,90220.38,90502.34,88126.77
2026-01-21 16:00:00,90287.78,90380.45,87190.29
2026-01-21 20:00:00,89380.69,90332.54,89289.71
2026-01-22 00:00:00,89818.23,90290.41,89380.69
2026-01-22 04:00:00,89742.32,90134.64,89716.5
2026-01-22 08:00:00,89861.59,90074.91,89685.15
2026-01-22 12:00:00,88925.41,90260.39,88441.13
2026-01-22 16:00:00,89699.57,89853.67,88598.63
2026-01-22 20:00:00,89484.18,89878.61,89079.75
2026-01-23 00:00:00,89847.51,89900.74,89374.12
2026-01-23 04:00:00,89446.74,89998.35,89309.77
2026-01-23 08:00:00,89110.55,89522.75,88766.15
2026-01-23 12:00:00,89654.24,89767.84,88466.06
2026-01-23 16:00:00,89889.23,91140.22,89390.31
2026-01-23 20:00:00,89506.66,90068.23,89121.05
2026-01-24 00:00:00,89662.01,89821.98,89320.87
2026-01-24 04:00:00,89502.27,89747.35,89458.37
2026-01-24 08:00:00,89473.67,89570.89,89462.76
2026-01-24 12:00:00,89156.94,89476.87,89061.41
2026-01-24 16:00:00,89209.67,89341.1,89047.54
2026-01-24 20:00:00,89107.75,89378.27,89099.3
2026-01-25 00:00:00,88846.4,89203.31,88729.48
2026-01-25 04:00:00,88550.69,88977.39,88529.41
2026-01-25 08:00:00,88457.18,88650.75,87858.79
2026-01-25 12:00:00,88352.75,88865.75,88281.47
2026-01-25 16:00:00,86412.34,88354.54,86125.21
2026-01-25 20:00:00,86581.03,86926.66,86008.64
2026-01-26 00:00:00,87168.8,87865.1,86429.64
2026-01-26 04:00:00,87923.62,87997.24,87136.05
2026-01-26 08:00:00,87770.61,88295.44,87516.82
2026-01-26 12:00:00,87572.6,88787.86,87257.71
2026-01-26 16:00:00,87936.21,88480.78,86965.9
2026-01-26 20:00:00,88274.7,88587.06,87461.19
2026-01-27 00:00:00,88698.28,88810.37,88130.55
2026-01-27 04:00:00,88236.06,88915.09,88192.53
2026-01-27 08:00:00,87878.93,88307.39,87641.38
2026-01-27 12:00:00,87934.82,88351.76,87450.73
2026-01-27 16:00:00,88309.52,88732.8,87212.27
2026-01-27 20:00:00,89136.28,89447.82,88277.6
2026-01-28 00:00:00,89009.65,89386.5,88877.94
2026-01-28 04:00:00,89032.99,89291.2,88729.36
2026-01-28 08:00:00,89972.09,90048.68,88754.45
2026-01-28 12:00:00,89370.6,90374.78,88784.2
2026-01-28 16:00:00,89288.7,90481.33,88905.19
2026-01-28 20:00:00,89182.72,89779.79,88748.89
2026-01-29 00:00:00,87919.29,89229.19,87579.82
2026-01-29 04:00:00,88234.39,88318.55,87772.57
2026-01-29 08:00:00,87703.14,88368.07,87619.83
2026-01-29 12:00:00,84805.72,88041.78,84242.69
2026-01-29 16:00:00,83855.55,85510.12,83243.73
2026-01-29 20:00:00,84528.58,84608.33,83665.21
2026-01-30 00:00:00,82563.06,84612.31,81047.62
2026-01-30 04:00:00,82684.5,83215.42,81948.83
2026-01-30 08:00:00,83026.37,83184.64,82039.65
2026-01-30 12:00:00,82772.43,83682.62,82275.65
2026-01-30 16:00:00,84134.24,84522.58,81758.51
2026-01-30 20:00:00,84135.11,84377.1,83416.7
2026-01-31 00:00:00,83899.89,84152.35,83689.9
2026-01-31 04:00:00,83414.74,84020.17,83270.18
2026-01-31 08:00:00,82893.25,83496.04,82451.42
2026-01-31 12:00:00,81193.28,83020.7,80729.56
2026-01-31 16:00:00,77665.51,82068.93,76029.54
2026-01-31 20:00:00,78664.02,79153.09,76999.62
2026-02-01 00:00:00,78800.3,79363.96,78231.43
2026-02-01 04:00:00,78285.19,79051.35,77897.26
2026-02-01 08:00:00,78694.99,79162.0,78079.47
2026-02-01 12:00:00,77538.72,78708.33,76732.3
2026-02-01 16:00:00,77114.18,78392.62,76937.52
2026-02-01 20:00:00,76910.99,77721.28,75653.86
2026-02-02 00:00:00,76236.97,78095.46,74579.63
2026-02-02 04:00:00,76575.82,76884.34,74851.34
2026-02-02 08:00:00,77697.71,77903.0,76552.94
2026-02-02 12:00:00,78837.5,79328.7,77534.68
2026-02-02 16:00:00,78294.55,79273.26,78235.85
2026-02-02 20:00:00,78690.46,78923.03,77851.89
2026-02-03 00:00:00,78699.49,79141.27,77598.22
2026-02-03 04:00:00,78721.5,78937.62,77892.43
2026-02-03 08:00:00,78015.1,79021.44,77878.92
2026-02-03 12:00:00,78075.21,78382.75,76991.91
2026-02-03 16:00:00,74864.75,78080.21,72882.55
2026-02-03 20:00:00,75679.06,76890.12,74509.36
2026-02-04 00:00:00,76627.78,76891.77,75380.26
2026-02-04 04:00:00,76427.07,76745.04,76033.57
2026-02-04 08:00:00,75926.61,76515.59,75573.86
2026-02-04 12:00:00,74026.07,76173.75,73692.63
2026-02-04 16:00:00,73780.98,74133.79,72055.73
2026-02-04 20:00:00,73021.96,73994.96,71724.93
2026-02-05 00:00:00,71114.1,73193.96,71038.0
2026-02-05 04:00:00,70602.18,71492.94,70015.92
2026-02-05 08:00:00,70216.11,71852.76,69832.94
2026-02-05 12:00:00,67383.27,70761.4,66590.95
2026-02-05 16:00:00,65129.34,68553.02,65067.19
2026-02-05 20:00:00,62811.67,65563.91,62227.01
2026-02-06 00:00:00,64097.49,65928.97,60069.72
2026-02-06 04:00:00,64766.79,66731.23,63889.47
2026-02-06 08:00:00,66556.68,66672.08,64425.76
2026-02-06 12:00:00,68620.64,69160.85,66038.43
2026-02-06 16:00:00,70679.9,71475.4,68428.97
2026-02-06 20:00:00,70535.76,71703.46,69808.14
2026-02-07 00:00:00,70889.64,70894.88,69689.14
2026-02-07 04:00:00,68074.54,71647.04,67315.5
2026-02-07 08:00:00,67932.4,68768.22,67576.55
2026-02-07 12:00:00,69093.78,69911.97,67869.82
2026-02-07 16:00:00,69332.68,69819.27,68536.54
2026-02-07 20:00:00,69259.24,69686.76,68754.51
2026-02-08 00:00:00,69068.42,69652.51,68857.91
2026-02-08 04:00:00,69659.94,69663.97,68933.86
2026-02-08 08:00:00,70946.1,71162.61,69487.2
2026-02-08 12:00:00,71143.15,71513.93,70662.27
2026-02-08 16:00:00,71384.73,71486.19,70216.89
2026-02-08 20:00:00,70297.07,72226.42,69967.83
2026-02-09 00:00:00,71268.38,71391.44,70037.27
2026-02-09 04:00:00,70374.37,71307.37,70276.06
2026-02-09 08:00:00,68873.68,70560.3,68371.4
2026-02-09 12:00:00,69543.78,69835.52,68260.19
2026-02-09 16:00:00,70930.21,71043.45,69065.67
2026-02-09 20:00:00,70108.93,71101.96,69796.6
2026-02-10 00:00:00,69468.07,70486.44,69174.24
2026-02-10 04:00:00,68867.44,69859.38,68652.57
2026-02-10 08:00:00,68478.06,69353.0,68415.03
2026-02-10 12:00:00,69258.73,69539.81,67878.02
2026-02-10 16:00:00,69037.1,69974.03,68590.21
2026-02-10 20:00:00,68807.07,69100.4,68320.37
2026-02-11 00:00:00,68147.36,69253.29,67976.68
2026-02-11 04:00:00,66999.76,68285.26,66524.48
2026-02-11 08:00:00,67036.69,67087.53,66354.66
2026-02-11 12:00:00,66493.46,68732.39,65725.74
2026-02-11 16:00:00,67550.36,67823.65,65840.53
2026-02-11 20:00:00,67039.77,68302.67,66752.32
2026-02-12 00:00:00,67541.78,68000.2,67009.67
2026-02-12 04:00:00,67173.02,67637.92,66624.61
2026-02-12 08:00:00,68057.36,68256.07,66850.4
2026-02-12 12:00:00,67100.97,68380.57,66987.77
2026-02-12 16:00:00,65747.2,67203.57,65084.07
2026-02-12 20:00:00,66220.82,66433.04,65171.78
2026-02-13 00:00:00,66510.35,66759.24,65825.83
2026-02-13 04:00:00,66159.3,66627.29,65967.23
2026-02-13 08:00:00,67126.62,67176.45,66143.02
2026-02-13 12:00:00,68660.31,69277.28,66829.34
2026-02-13 16:00:00,68907.47,69434.68,68510.5
2026-02-13 20:00:00,68816.44,69043.75,68651.81
2026-02-14 00:00:00,68945.77,69105.49,68739.75
2026-02-14 04:00:00,69188.32,69309.47,68706.51
2026-02-14 08:00:00,70477.48,70524.71,69184.34
2026-02-14 12:00:00,69770.85,70501.22,69202.64
2026-02-14 16:00:00,69843.83,69899.45,69274.48
2026-02-14 20:00:00,69790.74,70224.31,69648.49
2026-02-15 00:00:00,69936.78,69967.89,69232.34
2026-02-15 04:00:00,70795.26,70901.83,69903.21
2026-02-15 08:00:00,70270.91,70948.5,70164.71
2026-02-15 12:00:00,69071.96,70383.64,68756.69
2026-02-15 16:00:00,68260.59,69074.7,68048.86
2026-02-15 20:00:00,68800.76,69050.0,68097.04
2026-02-16 00:00:00,68395.56,69028.69,68127.05
2026-02-16 04:00:00,68555.19,68866.57,68204.84
2026-02-16 08:00:00,68793.3,69033.75,68316.52
2026-02-16 12:00:00,67510.2,70094.71,67269.9
2026-02-16 16:00:00,67891.31,68220.25,67487.32
2026-02-16 20:00:00,68869.47,68960.28,67804.71
2026-02-17 00:00:00,68449.01,69214.45,68366.2
2026-02-17 04:00:00,68369.69,68673.69,67872.91
2026-02-17 08:00:00,67821.2,68452.91,67656.19
2026-02-17 12:00:00,67364.8,68329.39,66592.03
2026-02-17 16:00:00,67766.14,68211.22,66857.76
2026-02-17 20:00:00,67477.52,67896.83,67361.19
2026-02-18 00:00:00,67600.52,67682.7,66862.03
2026-02-18 04:00:00,68091.4,68191.15,67473.22
2026-02-18 08:00:00,67347.99,68444.93,67058.12
2026-02-18 12:00:00,67673.63,68329.76,66689.02
2026-02-18 16:00:00,66150.16,67686.84,65838.1
2026-02-18 20:00:00,66434.2,66518.06,66065.6
2026-02-19 00:00:00,66957.02,66974.23,66318.81
2026-02-19 04:00:00,67186.14,67299.79,66668.0
2026-02-19 08:00:00,66473.9,67186.25,66455.29
2026-02-19 12:00:00,66385.42,66734.46,65618.44
2026-02-19 16:00:00,67036.27,67184.99,65877.01
2026-02-19 20:00:00,66983.75,67162.49,66634.66
2026-02-20 00:00:00,67342.95,67464.32,66928.02
2026-02-20 04:00:00,67811.85,68000.84,67092.49
2026-02-20 08:00:00,67307.83,68297.95,67270.31
2026-02-20 12:00:00,67578.45,68040.0,66442.67
2026-02-20 16:00:00,67632.97,67996.58,66946.94
2026-02-20 20:00:00,67997.02,68218.16,67517.08
2026-02-21 00:00:00,67654.67,68081.81,67528.59
2026-02-21 04:00:00,67845.02,67909.26,67582.05
2026-02-21 08:00:00,68081.91,68286.12,67805.16
2026-02-21 12:00:00,68605.02,68686.92,67911.68
2026-02-21 16:00:00,68537.96,68649.19,68091.36
2026-02-21 20:00:00,67965.05,68592.19,67890.91
2026-02-22 00:00:00,68025.56,68205.45,67794.38
2026-02-22 04:00:00,67999.01,68154.25,67869.23
2026-02-22 08:00:00,68204.1,68233.91,67908.0
2026-02-22 12:00:00,67674.93,68219.37,67294.03
2026-02-22 16:00:00,67404.31,67705.17,67170.64
2026-02-22 20:00:00,67626.88,67730.45,67331.88
2026-02-23 00:00:00,64937.11,67663.82,64330.48
2026-02-23 04:00:00,65956.23,66005.74,64680.01
2026-02-23 08:00:00,66213.23,66596.02,65576.5
2026-02-23 12:00:00,65654.45,66517.48,65525.0
2026-02-23 16:00:00,64289.59,65726.04,64099.87
2026-02-23 20:00:00,64642.48,65008.1,63879.72
2026-02-24 00:00:00,63577.97,64996.35,63334.28
2026-02-24 04:00:00,63182.25,63613.07,62706.4
2026-02-24 08:00:00,63223.84,63429.8,62934.77
2026-02-24 12:00:00,63987.96,64039.57,62551.85
2026-02-24 16:00:00,64448.74,64756.08,63709.28
2026-02-24 20:00:00,64069.84,64601.5,63853.36
2026-02-25 00:00:00,65399.11,66315.2,63922.45
2026-02-25 04:00:00,65034.99,65657.37,64762.49
2026-02-25 08:00:00,65427.85,65696.34,64964.45
2026-02-25 12:00:00,67423.48,67591.61,65327.88
2026-02-25 16:00:00,69062.0,69574.99,67422.94
2026-02-25 20:00:00,67998.99,70005.48,67619.39
2026-02-26 00:00:00,68225.74,68718.13,67748.32
2026-02-26 04:00:00,67849.58,68867.59,67844.4
2026-02-26 08:00:00,68053.67,68728.46,67808.77
2026-02-26 12:00:00,67394.36,68307.88,66772.8
2026-02-26 16:00:00,67597.32,67845.33,66508.93
2026-02-26 20:00:00,67498.16,67837.58,67148.49
2026-02-27 00:00:00,67611.03,67724.37,66895.15
2026-02-27 04:00:00,67691.93,68227.68,67467.74
2026-02-27 08:00:00,66131.48,68159.31,65972.46
2026-02-27 12:00:00,66108.72,66359.44,65670.4
2026-02-27 16:00:00,65391.94,66133.2,65111.57
2026-02-27 20:00:00,65870.53,65956.21,64948.18
2026-02-28 00:00:00,65797.14,66019.48,65728.58
2026-02-28 04:00:00,63829.19,65824.31,63030.34
2026-02-28 08:00:00,63849.14,64308.55,63376.91
2026-02-28 12:00:00,64853.85,65369.39,63843.16
2026-02-28 16:00:00,66371.41,66657.04,64689.49
2026-02-28 20:00:00,66985.3,67756.22,66212.31
2026-03-01 00:00:00,67518.39,68190.48,66080.47
2026-03-01 04:00:00,67150.14,67616.65,66803.44
2026-03-01 08:00:00,66476.85,67302.77,66236.06
2026-03-01 12:00:00,66854.88,67329.33,66158.75
2026-03-01 16:00:00,65969.7,67122.16,65737.7
2026-03-01 20:00:00,65774.35,66358.84,65043.22
2026-03-02 00:00:00,66825.34,67064.95,65761.66
2026-03-02 04:00:00,66013.2,67000.93,65558.93
2026-03-02 08:00:00,66363.82,66729.15,65673.65
2026-03-02 12:00:00,69142.11,69629.99,65261.45
2026-03-02 16:00:00,68976.54,70116.05,68588.31
2026-03-02 20:00:00,68831.94,69551.21,68602.43
2026-03-03 00:00:00,68369.64,69257.29,68231.45
2026-03-03 04:00:00,68170.26,68562.13,67800.12
2026-03-03 08:00:00,67018.11,68305.43,66349.06
2026-03-03 12:00:00,67729.28,67952.26,66148.66
2026-03-03 16:00:00,68441.62,68999.82,67499.33
2026-03-03 20:00:00,68338.0,68856.38,67829.9
2026-03-04 00:00:00,67733.67,68913.94,67407.2
2026-03-04 04:00:00,69504.19,69650.87,67464.86
2026-03-04 08:00:00,71118.49,71902.81,69142.24
2026-03-04 12:00:00,73422.5,73510.6,70597.89
2026-03-04 16:00:00,73665.77,74083.89,72573.45
2026-03-04 20:00:00,72685.14,73761.73,72334.37
2026-03-05 00:00:00,72511.97,73307.95,72354.13
2026-03-05 04:00:00,72069.24,73097.46,71794.97
2026-03-05 08:00:00,72929.51,73580.61,71772.24
2026-03-05 12:00:00,71665.99,73082.61,71175.47
2026-03-05 16:00:00,70921.06,71668.83,70649.03
2026-03-05 20:00:00,70883.43,71570.35,70786.27
2026-03-06 00:00:00,71085.61,71415.18,70394.6
2026-03-06 04:00:00,71064.79,71182.14,70142.16
2026-03-06 08:00:00,70222.77,71072.13,70198.67
2026-03-06 12:00:00,68501.76,70318.49,68172.43
2026-03-06 16:00:00,68118.4,68794.58,67734.1
2026-03-06 20:00:00,68110.63,68432.04,67766.56
2026-03-07 00:00:00,68099.78,68536.12,68054.66
2026-03-07 04:00:00,67840.98,68145.96,67444.66
2026-03-07 08:00:00,68012.76,68231.44,67721.96
2026-03-07 12:00:00,67880.04,68083.67,67614.59
2026-03-07 16:00:00,67086.39,67938.99,66935.38
2026-03-07 20:00:00,67261.55,67480.49,67075.02
2026-03-08 00:00:00,67002.39,67480.2,66845.81
2026-03-08 04:00:00,67316.68,67449.31,66552.66
2026-03-08 08:00:00,67517.64,68191.22,67163.19
2026-03-08 12:00:00,67206.82,67644.8,66831.33
2026-03-08 16:00:00,67327.26,67458.48,66751.74
2026-03-08 20:00:00,65974.07,67508.38,65631.31
2026-03-09 00:00:00,67203.82,67662.25,65835.73
2026-03-09 04:00:00,67535.02,68052.93,66894.38
2026-03-09 08:00:00,67754.79,68452.74,67333.9
2026-03-09 12:00:00,68889.97,69492.76,67748.02
2026-03-09 16:00:00,69011.95,69537.79,68250.59
2026-03-09 20:00:00,68438.57,69169.81,68386.44
2026-03-10 00:00:00,69435.8,70589.53,68390.84
2026-03-10 04:00:00,70410.82,70527.4,69435.8
2026-03-10 08:00:00,70612.86,71301.96,70391.84
2026-03-10 12:00:00,71369.21,71784.73,69296.4
2026-03-10 16:00:00,70054.63,71735.8,69742.86
2026-03-10 20:00:00,69961.25,70429.25,69470.98
2026-03-11 00:00:00,69560.9,70175.44,69505.25
2026-03-11 04:00:00,69664.75,70268.42,69436.54
2026-03-11 08:00:00,69184.69,69772.44,69171.8
2026-03-11 12:00:00,70255.01,71094.84,68986.08
2026-03-11 16:00:00,70668.6,71346.32,70194.72
2026-03-11 20:00:00,70205.19,70954.12,70142.58
2026-03-12 00:00:00,69447.83,70364.81,69237.6
2026-03-12 04:00:00,69828.76,69856.38,69210.99
2026-03-12 08:00:00,70443.28,70804.8,69590.31
2026-03-12 12:00:00,70357.32,70677.18,69368.33
2026-03-12 16:00:00,70459.92,70574.95,69785.54
2026-03-12 20:00:00,70527.68,70745.9,70025.53
2026-03-13 00:00:00,71412.06,72024.62,70402.18
2026-03-13 04:00:00,71631.48,71681.01,71190.68
2026-03-13 08:00:00,72245.69,72599.91,71399.53
2026-03-13 12:00:00,71850.56,73942.2,71754.65
2026-03-13 16:00:00,71184.94,72264.16,70852.25
2026-03-13 20:00:00,70941.65,71487.85,70567.66
2026-03-14 00:00:00,71084.83,71172.74,70494.57
2026-03-14 04:00:00,70613.21,71312.93,70324.71
2026-03-14 08:00:00,70754.79,70788.0,70398.21
2026-03-14 12:00:00,70601.38,70953.14,70510.81
2026-03-14 16:00:00,70710.84,70745.77,70513.06
2026-03-14 20:00:00,71223.72,71258.29,70660.66
2026-03-15 00:00:00,71362.28,71634.22,70872.84
2026-03-15 04:00:00,71463.95,71798.62,71342.74
2026-03-15 08:00:00,71854.6,71944.85,71463.74
2026-03-15 12:00:00,71486.47,71854.6,71283.31
2026-03-15 16:00:00,71562.89,71994.49,71331.07
2026-03-15 20:00:00,72828.77,73214.29,71446.28
2026-03-16 00:00:00,73580.09,74297.22,72291.22
2026-03-16 04:00:00,73462.56,74439.62,73393.65
2026-03-16 08:00:00,73560.17,73847.09,72894.8
2026-03-16 12:00:00,73285.58,74525.9,73005.79
2026-03-16 16:00:00,73970.84,74413.83,73170.94
2026-03-16 20:00:00,74884.52,74911.2,73862.47
2026-03-17 00:00:00,74469.01,76011.83,74273.05
2026-03-17 04:00:00,74257.16,74684.95,73793.69
2026-03-17 08:00:00,74043.74,74462.64,73585.74
2026-03-17 12:00:00,73940.03,74920.61,73419.9
2026-03-17 16:00:00,74541.45,74835.3,73888.53
2026-03-17 20:00:00,73936.64,74831.54,73903.69
2026-03-18 00:00:00,74480.28,74703.58,73559.2
2026-03-18 04:00:00,73899.44,74522.92,73712.48
2026-03-18 08:00:00,72965.8,74304.59,72815.53
2026-03-18 12:00:00,71471.12,72997.35,70867.94
2026-03-18 16:00:00,71068.3,72022.74,70935.58
2026-03-18 20:00:00,71248.69,71431.73,70493.02
2026-03-19 00:00:00,71218.08,71617.06,70913.52
2026-03-19 04:00:00,70196.46,71219.38,69499.73
2026-03-19 08:00:00,69951.11,70559.8,69911.7
2026-03-19 12:00:00,69403.95,70150.11,68778.11
2026-03-19 16:00:00,70265.96,70602.68,69112.63
2026-03-19 20:00:00,69918.84,70695.41,69721.92
2026-03-20 00:00:00,70730.09,70805.7,69841.92
2026-03-20 04:00:00,70852.3,70963.3,70217.0
2026-03-20 08:00:00,70470.97,71362.83,70215.6
2026-03-20 12:00:00,69851.02,70676.63,69471.01
2026-03-20 16:00:00,70172.36,70188.65,69382.16
2026-03-20 20:00:00,70504.27,70922.65,69744.44
2026-03-21 00:00:00,70660.63,70811.08,70434.12
2026-03-21 04:00:00,70710.48,70870.28,70613.63
2026-03-21 08:00:00,70639.5,70749.58,70484.28
2026-03-21 12:00:00,70621.61,71082.27,70446.55
2026-03-21 16:00:00,70379.08,70642.29,70199.62
2026-03-21 20:00:00,68909.77,70500.96,68569.14
2026-03-22 00:00:00,69337.77,69575.11,68236.24
2026-03-22 04:00:00,68908.29,69516.9,68885.94
2026-03-22 08:00:00,68212.86,68971.6,68115.77
2026-03-22 12:00:00,68842.35,68994.11,68192.17
2026-03-22 16:00:00,68195.37,68878.74,68148.54
2026-03-22 20:00:00,67853.59,68496.29,67346.39
2026-03-23 00:00:00,68068.26,68580.45,67435.52
2026-03-23 04:00:00,68301.29,68894.18,67495.8
2026-03-23 08:00:00,70105.12,71486.09,67909.15
2026-03-23 12:00:00,70113.27,71809.18,69658.69
2026-03-23 16:00:00,70662.29,71227.07,70113.24
2026-03-23 20:00:00,70882.02,70986.96,70390.34
2026-03-24 00:00:00,70519.24,71075.01,70271.61
2026-03-24 04:00:00,71276.83,71384.93,70104.02
2026-03-24 08:00:00,71137.18,71350.25,70837.71
2026-03-24 12:00:00,69851.57,71162.44,69483.69
2026-03-24 16:00:00,69334.47,69980.93,68897.47
2026-03-24 20:00:00,70532.1,70803.4,69257.58
2026-03-25 00:00:00,70696.67,71013.86,70378.93
2026-03-25 04:00:00,70910.53,71319.16,70677.35
2026-03-25 08:00:00,71674.53,72021.21,70785.14
2026-03-25 12:00:00,70816.75,71944.45,70556.3
2026-03-25 16:00:00,70854.1,71725.53,70665.51
2026-03-25 20:00:00,71305.31,71541.99,70622.82
2026-03-26 00:00:00,70870.43,71409.93,70658.95
2026-03-26 04:00:00,70061.12,70879.92,69771.53
2026-03-26 08:00:00,69247.05,70104.98,69165.48
2026-03-26 12:00:00,69047.55,69838.47,68671.31
2026-03-26 16:00:00,68485.31,69122.93,68112.31
2026-03-26 20:00:00,68781.63,69424.85,68393.88
2026-03-27 00:00:00,68731.71,69134.01,68486.7
2026-03-27 04:00:00,68490.73,68920.8,68263.0
2026-03-27 08:00:00,66678.55,68586.79,66222.47
2026-03-27 12:00:00,66080.87,66742.25,65687.1
2026-03-27 16:00:00,65992.44,66243.12,65507.78
2026-03-27 20:00:00,66365.12,66372.38,65771.15
2026-03-28 00:00:00,66190.35,66472.39,65892.41
2026-03-28 04:00:00,66513.39,66523.35,66071.51
2026-03-28 08:00:00,66279.75,66521.3,66085.72
2026-03-28 12:00:00,66968.7,67248.52,66196.3
2026-03-28 16:00:00,66869.2,67051.4,66659.78
2026-03-28 20:00:00,66327.41,66965.21,66234.54
2026-03-29 00:00:00,66863.18,67075.8,66237.77
2026-03-29 04:00:00,66621.71,66891.05,66511.65
2026-03-29 08:00:00,66766.86,66936.69,66367.64
2026-03-29 12:00:00,66478.91,66824.92,66282.33
2026-03-29 16:00:00,66306.58,66613.28,66106.21
2026-03-29 20:00:00,65967.75,66742.62,64960.31
2026-03-30 00:00:00,67119.14,67389.1,65754.18
2026-03-30 04:00:00,67576.43,67752.54,67114.53
2026-03-30 08:00:00,67628.04,67937.37,67311.45
2026-03-30 12:00:00,67584.54,68118.37,67047.63
2026-03-30 16:00:00,66501.72,67602.15,66191.39
2026-03-30 20:00:00,66744.36,66946.95,66368.87
2026-03-31 00:00:00,67657.18,68355.61,66494.71
2026-03-31 04:00:00,67317.46,67821.19,67059.11
2026-03-31 08:00:00,66634.37,67449.51,65932.38
2026-03-31 12:00:00,66687.77,67714.81,66385.22
2026-03-31 16:00:00,67790.57,68533.41,66686.29
2026-03-31 20:00:00,68233.98,68356.08,67782.33
2026-04-01 00:00:00,68114.17,68308.19,67544.7
2026-04-01 04:00:00,68664.74,69284.9,67964.27
2026-04-01 08:00:00,68691.43,68823.75,68369.86
2026-04-01 12:00:00,68904.99,68943.57,67909.13
2026-04-01 16:00:00,68160.0,69154.93,67927.9
2026-04-01 20:00:00,68108.11,68526.79,67954.4
2026-04-02 00:00:00,66570.0,68646.83,66493.71
2026-04-02 04:00:00,66912.87,66921.09,66209.0
2026-04-02 08:00:00,66202.65,66912.87,66148.92
2026-04-02 12:00:00,66842.2,67093.78,65700.61
2026-04-02 16:00:00,66973.44,67433.38,66593.25
2026-04-02 20:00:00,66895.02,67098.79,66728.04
2026-04-03 00:00:00,66581.29,66995.34,66278.89
2026-04-03 04:00:00,67039.43,67253.95,66419.37
2026-04-03 08:00:00,67019.77,67284.94,66681.75
2026-04-03 12:00:00,66823.7,67366.42,66514.0
2026-04-03 16:00:00,66876.48,67063.03,66758.09
2026-04-03 20:00:00,66953.31,66972.45,66821.54
2026-04-04 00:00:00,66832.46,66955.68,66807.82
2026-04-04 04:00:00,67011.36,67041.47,66775.08
2026-04-04 08:00:00,67142.26,67217.26,66904.39
2026-04-04 12:00:00,67372.76,67508.4,67025.45
2026-04-04 16:00:00,67283.64,67533.41,67255.16
2026-04-04 20:00:00,67291.01,67460.77,67179.27
2026-04-05 00:00:00,67130.9,67297.34,66959.43
2026-04-05 04:00:00,66806.34,67176.29,66604.57
2026-04-05 08:00:00,66985.04,67130.35,66803.07
2026-04-05 12:00:00,67288.73,67809.98,66677.41
2026-04-05 16:00:00,67344.53,67537.63,67157.99
2026-04-05 20:00:00,69004.15,69112.22,67319.35
2026-04-06 00:00:00,69104.77,69559.75,68754.33
2026-04-06 04:00:00,69100.48,69337.9,68793.32
2026-04-06 08:00:00,69615.68,70262.91,69074.12
2026-04-06 12:00:00,69972.97,69983.12,69165.92
2026-04-06 16:00:00,69738.16,70367.01,69276.4
2026-04-06 20:00:00,68852.96,69993.51,68336.5
2026-04-07 00:00:00,68776.6,69130.28,68278.14
2026-04-07 04:00:00,68615.2,68983.41,68436.18
2026-04-07 08:00:00,68335.32,69254.09,68066.84
2026-04-07 12:00:00,68152.09,68626.26,67716.12
2026-04-07 16:00:00,68999.71,69080.08,68065.77
2026-04-07 20:00:00,71917.66,72753.63,68999.71
2026-04-08 00:00:00,71289.65,72108.3,71240.49
2026-04-08 04:00:00,71641.38,71939.53,71279.81
2026-04-08 08:00:00,71685.12,71953.18,71412.57
2026-04-08 12:00:00,71306.52,72857.69,70691.49
2026-04-08 16:00:00,71332.19,71973.75,71019.82
2026-04-08 20:00:00,71086.44,71759.04,70914.7
2026-04-09 00:00:00,71004.17,71202.81,70472.93
2026-04-09 04:00:00,70991.64,71129.96,70704.37
2026-04-09 08:00:00,71155.91,71592.97,70882.11
2026-04-09 12:00:00,72152.07,72365.89,70517.66
2026-04-09 16:00:00,72117.0,72566.68,71744.91
2026-04-09 20:00:00,71803.46,73148.53,71585.68
2026-04-10 00:00:00,71882.24,72405.21,71594.35
2026-04-10 04:00:00,71495.96,72285.37,71437.66
2026-04-10 08:00:00,72147.14,72281.43,71434.98
2026-04-10 12:00:00,72478.9,73332.64,71912.26
2026-04-10 16:00:00,73281.18,73301.19,72413.74
2026-04-10 20:00:00,72990.26,73473.25,72791.58
2026-04-11 00:00:00,72908.28,73141.05,72697.22
2026-04-11 04:00:00,72781.45,72993.21,72663.0
2026-04-11 08:00:00,72945.12,72954.54,72667.94
2026-04-11 12:00:00,72892.94,73020.18,72567.95
2026-04-11 16:00:00,73712.05,73823.07,72854.29
2026-04-11 20:00:00,73077.66,73721.26,72944.92
2026-04-12 00:00:00,71626.58,73165.73,71333.2
2026-04-12 04:00:00,71709.83,71811.92,71448.61
2026-04-12 08:00:00,71495.22,71810.05,71390.87
2026-04-12 12:00:00,70918.8,71529.94,70632.76
2026-04-12 16:00:00,71122.04,71254.54,70850.66
2026-04-12 20:00:00,70750.05,71475.54,70520.78
2026-04-13 00:00:00,70996.64,71285.89,70620.24
2026-04-13 04:00:00,70836.77,71158.31,70693.71
2026-04-13 08:00:00,70946.38,71006.49,70582.11
2026-04-13 12:00:00,71897.18,72513.13,70768.0
2026-04-13 16:00:00,73370.28,73524.41,71711.64
2026-04-13 20:00:00,74444.78,74923.25,73056.87
2026-04-14 00:00:00,74476.05,74607.75,74007.52
2026-04-14 04:00:00,74585.46,74955.66,74194.21
2026-04-14 08:00:00,74409.37,74946.52,74336.6
2026-04-14 12:00:00,75366.59,76121.51,74302.09
2026-04-14 16:00:00,74287.39,75743.38,73876.25
2026-04-14 20:00:00,74176.82,74484.6,73862.14
2026-04-15 00:00:00,74375.61,74821.2,74154.9
2026-04-15 04:00:00,73768.86,74471.41,73544.61
2026-04-15 08:00:00,74226.19,74277.64,73710.75
2026-04-15 12:00:00,73860.3,74532.89,73615.32
2026-04-15 16:00:00,75035.12,75308.99,73781.04
2026-04-15 20:00:00,74831.35,75450.74,74542.14
2026-04-16 00:00:00,74904.55,75286.57,74483.94
2026-04-16 04:00:00,74723.39,75192.31,74650.97
2026-04-16 08:00:00,74588.9,74920.99,74293.33
2026-04-16 12:00:00,74719.91,75027.76,73312.86
2026-04-16 16:00:00,75369.47,75430.48,73922.34
2026-04-16 20:00:00,75166.87,75535.99,74816.8
2026-04-17 00:00:00,74635.69,75172.1,74562.88
2026-04-17 04:00:00,75090.61,75118.39,74576.8
2026-04-17 08:00:00,75612.78,76388.6,75015.33
2026-04-17 12:00:00,77838.46,78123.57,75557.24
2026-04-17 16:00:00,77452.22,78372.28,77047.8
2026-04-17 20:00:00,77102.12,77658.56,76935.62
2026-04-18 00:00:00,77036.8,77445.06,77001.15
2026-04-18 04:00:00,77019.14,77296.3,76923.63
2026-04-18 08:00:00,76068.42,77068.07,75795.1
2026-04-18 12:00:00,76192.81,76393.58,75829.82
2026-04-18 16:00:00,75681.36,76245.46,75476.58
2026-04-18 20:00:00,75732.23,75926.93,75634.62
2026-04-19 00:00:00,75548.18,75876.85,75396.6
2026-04-19 04:00:00,75291.54,75815.7,74933.67
2026-04-19 08:00:00,75632.27,75662.65,74965.35
2026-04-19 12:00:00,75879.72,76274.36,75448.46
2026-04-19 16:00:00,74989.71,75894.27,74625.57
2026-04-19 20:00:00,73824.27,74990.11,73795.54
2026-04-20 00:00:00,74665.2,74769.88,73747.69
2026-04-20 04:00:00,74854.49,75600.12,74135.32
2026-04-20 08:00:00,75220.27,75436.58,74651.47
2026-04-20 12:00:00,75749.45,75810.99,74733.66
2026-04-20 16:00:00,76330.56,76518.45,75325.56
2026-04-20 20:00:00,75864.88,76596.97,75650.71
2026-04-21 00:00:00,75740.17,76284.65,75512.28
2026-04-21 04:00:00,76122.96,76326.09,75631.1
2026-04-21 08:00:00,76483.71,76924.94,76097.75
2026-04-21 12:00:00,75843.53,76617.65,75460.76
2026-04-21 16:00:00,75030.4,76198.26,74828.26
2026-04-21 20:00:00,76349.35,76446.81,74994.7
2026-04-22 00:00:00,77547.11,77748.1,76149.0
2026-04-22 04:00:00,78024.21,78442.3,77383.33
2026-04-22 08:00:00,78321.22,78418.39,77961.8
2026-04-22 12:00:00,79323.66,79445.85,78142.17
2026-04-22 16:00:00,78880.25,79515.58,78675.26
2026-04-22 20:00:00,78209.43,78949.5,78183.41
2026-04-23 00:00:00,77769.06,78604.05,77509.22
2026-04-23 04:00:00,78083.05,78364.06,77702.57
2026-04-23 08:00:00,77726.69,78204.08,77202.86
2026-04-23 12:00:00,78415.09,78705.03,77414.97
2026-04-23 16:00:00,77749.56,78548.58,76986.12
2026-04-23 20:00:00,78283.64,78367.29,77673.9
2026-04-24 00:00:00,77761.57,78604.69,77594.95
2026-04-24 04:00:00,77680.11,78065.97,77473.31
2026-04-24 08:00:00,78260.68,78397.92,77435.62
2026-04-24 12:00:00,78068.89,78499.5,77608.92
2026-04-24 16:00:00,77660.05,78090.09,77386.87
2026-04-24 20:00:00,77463.4,77787.3,77293.78
2026-04-25 00:00:00,77697.03,77738.42,77336.47
2026-04-25 04:00:00,77525.29,77721.53,77477.3
2026-04-25 08:00:00,77706.47,77907.49,77514.69
2026-04-25 12:00:00,77357.35,77770.92,77340.79
2026-04-25 16:00:00,77343.49,77479.68,77178.63
2026-04-25 20:00:00,77645.78,77664.9,77326.19
2026-04-26 00:00:00,77410.57,77660.18,77350.61
2026-04-26 04:00:00,78124.47,78220.02,77398.03
2026-04-26 08:00:00,78119.7,78229.52,77946.96
2026-04-26 12:00:00,78072.57,78189.43,77790.37
2026-04-26 16:00:00,78257.3,78524.25,77875.57
2026-04-26 20:00:00,78673.71,78935.69,77880.53
2026-04-27 00:00:00,79122.28,79499.71,78422.34
2026-04-27 04:00:00,77625.85,79174.45,77484.41
2026-04-27 08:00:00,77851.6,77985.51,77570.72
2026-04-27 12:00:00,76786.84,78274.11,76565.27
2026-04-27 16:00:00,76879.55,76925.1,76458.35
2026-04-27 20:00:00,77373.54,77450.11,76757.57
2026-04-28 00:00:00,76816.64,77484.2,76682.55
2026-04-28 04:00:00,76879.06,77158.2,76435.13
2026-04-28 08:00:00,76224.44,77005.15,76122.26
2026-04-28 12:00:00,76051.26,76421.08,75653.48
2026-04-28 16:00:00,76323.93,76382.38,75874.47
2026-04-28 20:00:00,76330.13,76488.37,76189.81
2026-04-29 00:00:00,76993.59,77121.92,76179.56
2026-04-29 04:00:00,77039.54,77452.49,76878.65
2026-04-29 08:00:00,77585.95,77908.48,76957.92
2026-04-29 12:00:00,75885.55,77600.79,75680.38
2026-04-29 16:00:00,75534.91,76232.89,74934.73
2026-04-29 20:00:00,75758.34,76065.19,75466.44
2026-04-30 00:00:00,75912.4,76443.87,75470.49
2026-04-30 04:00:00,76132.94,76150.2,75296.13
2026-04-30 08:00:00,76041.8,76324.79,75849.94
2026-04-30 12:00:00,76449.74,76648.85,76015.68
2026-04-30 16:00:00,76389.78,76497.79,76083.04
2026-04-30 20:00:00,76318.61,76545.14,76176.98
2026-05-01 00:00:00,77099.84,77436.9,76288.68
2026-05-01 04:00:00,77112.94,77181.36,76858.48
2026-05-01 08:00:00,77452.24,77589.51,77030.41
2026-05-01 12:00:00,78445.01,78939.48,77398.39
2026-05-01 16:00:00,78369.76,78690.2,78122.36
2026-05-01 20:00:00,78229.09,78430.18,77750.36
2026-05-02 00:00:00,78414.06,78516.7,78168.02
2026-05-02 04:00:00,78221.4,78445.8,78037.04
2026-05-02 08:00:00,78147.33,78396.23,78100.09
2026-05-02 12:00:00,78483.99,78483.99,78106.9
2026-05-02 16:00:00,78476.37,78589.64,78309.22
2026-05-02 20:00:00,78676.88,79117.38,78416.67
2026-05-03 00:00:00,78191.46,78753.99,78102.29
2026-05-03 04:00:00,78356.76,78442.61,78074.45
2026-05-03 08:00:00,78654.63,78831.23,78346.07
2026-05-03 12:00:00,78653.0,78869.18,78583.43
2026-05-03 16:00:00,78761.54,78851.09,78558.92
2026-05-03 20:00:00,78556.51,79430.55,78480.65
2026-05-04 00:00:00,80302.37,80439.36,78270.32
2026-05-04 04:00:00,79690.01,80605.58,79480.69
2026-05-04 08:00:00,78783.36,79907.22,78204.21
2026-05-04 12:00:00,80029.84,80556.25,78487.77
2026-05-04 16:00:00,80049.24,80762.6,79618.12
2026-05-04 20:00:00,79847.88,80394.97,79740.89
2026-05-05 00:00:00,80881.04,81084.15,79795.71
2026-05-05 04:00:00,80855.25,81323.29,80720.38
2026-05-05 08:00:00,81021.33,81108.99,80515.61
2026-05-05 12:00:00,81544.56,81729.47,80932.68
2026-05-05 16:00:00,81608.3,81684.04,81051.39
2026-05-05 20:00:00,80906.66,81788.81,80780.75
2026-05-06 00:00:00,81577.65,81751.0,80719.84
2026-05-06 04:00:00,81362.46,81637.4,81045.62
2026-05-06 08:00:00,82512.24,82813.94,81321.27
2026-05-06 12:00:00,81696.83,82532.49,81124.69
2026-05-06 16:00:00,81460.73,81885.13,81187.49
2026-05-06 20:00:00,81434.43,81704.5,80995.21
2026-05-07 00:00:00,80840.76,81484.16,80829.41
2026-05-07 04:00:00,81518.12,81705.84,80728.34
2026-05-07 08:00:00,80857.78,81588.6,80569.3
2026-05-07 12:00:00,79885.1,81197.06,79700.9
2026-05-07 16:00:00,80135.27,80280.18,79477.87
2026-05-07 20:00:00,80005.6,80366.74,79575.63
2026-05-08 00:00:00,79566.53,80131.16,79182.56
2026-05-08 04:00:00,79669.75,79767.59,79229.15
2026-05-08 08:00:00,80226.58,80321.61,79653.76
2026-05-08 12:00:00,80127.43,80502.97,79524.92
2026-05-08 16:00:00,80158.98,80293.22,79719.57
2026-05-08 20:00:00,80191.99,80410.84,80077.5
2026-05-09 00:00:00,80386.85,80551.3,80125.91
2026-05-09 04:00:00,80221.03,80667.42,80128.38
2026-05-09 08:00:00,80331.2,80437.98,80165.64
2026-05-09 12:00:00,80519.26,80586.61,80224.38
2026-05-09 16:00:00,80930.77,81060.04,80478.57
2026-05-09 20:00:00,80661.0,80930.83,80464.7
2026-05-10 00:00:00,80757.7,80867.49,80557.71
2026-05-10 04:00:00,80725.64,80827.32,80638.53
2026-05-10 08:00:00,80806.25,80958.27,80683.7
2026-05-10 12:00:00,81407.29,81428.71,80771.69
2026-05-10 16:00:00,81418.46,81564.73,81140.53
2026-05-10 20:00:00,82193.54,82452.65,80279.35
2026-05-11 00:00:00,80714.52,82358.57,80508.78
2026-05-11 04:00:00,80726.41,81026.52,80625.51
2026-05-11 08:00:00,81180.21,81183.78,80604.04
2026-05-11 12:00:00,81418.6,81433.86,80426.69
2026-05-11 16:00:00,81952.44,82128.76,81320.28
2026-05-11 20:00:00,81728.64,82073.1,81582.53
2026-05-12 00:00:00,81037.56,81774.86,80692.51
2026-05-12 04:00:00,80837.69,81289.8,80792.09
2026-05-12 08:00:00,80761.19,80946.14,80474.02
2026-05-12 12:00:00,80311.28,80983.73,80154.87
2026-05-12 16:00:00,80823.93,80859.8,79820.43
2026-05-12 20:00:00,80485.29,80871.57,80422.31
2026-05-13 00:00:00,81239.92,81279.44,80397.08
2026-05-13 04:00:00,80998.95,81262.76,80870.18
2026-05-13 08:00:00,80474.7,81287.55,80472.03
2026-05-13 12:00:00,78795.46,80565.63,78764.58
2026-05-13 16:00:00,79614.96,79791.54,78713.93
2026-05-13 20:00:00,79290.82,79733.63,79195.47
2026-05-14 00:00:00,79011.35,79660.6,78893.68
2026-05-14 04:00:00,79715.65,79961.98,78951.83
2026-05-14 08:00:00,79220.07,79904.67,79197.38
2026-05-14 12:00:00,81301.27,81333.86,79201.45
2026-05-14 16:00:00,81427.53,82054.12,81089.03
2026-05-14 20:00:00,81078.53,81611.8,81037.11
2026-05-15 00:00:00,81056.12,81647.1,80735.27
2026-05-15 04:00:00,80820.51,81091.53,80308.44
2026-05-15 08:00:00,80620.67,80828.8,80360.95
2026-05-15 12:00:00,79123.95,80637.15,78609.32
2026-05-15 16:00:00,79093.85,79535.62,79018.47
2026-05-15 20:00:00,79065.04,79181.58,78872.7
2026-05-16 00:00:00,79039.5,79185.56,78969.03
2026-05-16 04:00:00,78340.94,79093.21,78023.42
2026-05-16 08:00:00,78055.41,78498.25,77618.9
2026-05-16 12:00:00,78209.42,78316.67,77811.49
2026-05-16 16:00:00,78233.21,78334.9,78101.07
2026-05-16 20:00:00,78114.75,78291.56,78097.31
2026-05-17 00:00:00,77994.35,78210.32,77699.65
2026-05-17 04:00:00,78153.75,78292.62,77976.12
2026-05-17 08:00:00,78385.87,78572.78,78007.25
2026-05-17 12:00:00,78022.27,78520.97,77823.32
2026-05-17 16:00:00,78382.89,78439.87,77825.63
2026-05-17 20:00:00,77416.47,78455.78,76693.41
2026-05-18 00:00:00,76887.86,77437.41,76666.88
2026-05-18 04:00:00,77029.51,77045.89,76547.8
2026-05-18 08:00:00,77251.02,77359.3,76625.33
2026-05-18 12:00:00,76352.23,77763.99,76005.48
2026-05-18 16:00:00,76863.14,76937.91,76095.74
2026-05-18 20:00:00,76955.63,77177.44,76752.6
2026-05-19 00:00:00,76726.94,77359.85,76435.51
2026-05-19 04:00:00,77181.71,77229.79,76592.29
2026-05-19 08:00:00,76656.75,77254.43,76584.44
2026-05-19 12:00:00,76456.45,76996.29,76086.37
2026-05-19 16:00:00,76765.36,77016.07,76348.52
2026-05-19 20:00:00,76776.1,76988.57,76588.17
2026-05-20 00:00:00,76660.03,76854.96,76454.54
2026-05-20 04:00:00,77215.55,77405.61,76623.22
2026-05-20 08:00:00,77320.62,77594.77,77141.01
2026-05-20 12:00:00,77400.43,77790.84,76828.41
2026-05-20 16:00:00,77619.76,77662.0,76950.81
2026-05-20 20:00:00,77497.79,77714.29,77170.62
2026-05-21 00:00:00,78024.72,78116.27,77465.52
2026-05-21 04:00:00,77820.27,78119.42,77460.32
2026-05-21 08:00:00,77129.41,78134.09,77082.1
2026-05-21 12:00:00,77191.46,77337.14,76658.02
2026-05-21 16:00:00,77619.34,78032.29,76937.84
2026-05-21 20:00:00,77552.94,77753.0,77472.68
2026-05-22 00:00:00,77716.67,77749.83,77259.72
2026-05-22 04:00:00,77335.28,77841.07,77210.84
2026-05-22 08:00:00,77353.52,77472.08,77101.71
2026-05-22 12:00:00,76715.83,77505.76,76493.29
2026-05-22 16:00:00,75784.78,77025.67,75586.54
2026-05-22 20:00:00,75466.52,76014.39,75292.72
2026-05-23 00:00:00,75562.68,75595.75,75144.92
2026-05-23 04:00:00,74536.76,75580.89,74225.74
2026-05-23 08:00:00,74733.49,74802.66,74280.83
2026-05-23 12:00:00,75452.28,75620.48,74590.34
2026-05-23 16:00:00,75912.88,75931.17,75304.84
2026-05-23 20:00:00,76671.89,77319.41,75881.33
2026-05-24 00:00:00,76663.04,76926.95,76560.3
2026-05-24 04:00:00,76729.23,76981.2,76576.27
2026-05-24 08:00:00,77237.74,77437.42,76654.61
2026-05-24 12:00:00,76303.11,77248.22,76131.14
2026-05-24 16:00:00,76699.28,76718.91,76302.39
2026-05-24 20:00:00,77000.57,77151.01,76035.06
2026-05-25 00:00:00,76966.45,77415.45,76851.51
2026-05-25 04:00:00,77337.56,77568.96,76929.64
2026-05-25 08:00:00,77310.87,77628.36,77216.8
2026-05-25 12:00:00,77574.54,77849.78,77227.25
2026-05-25 16:00:00,77391.09,77754.54,77303.42
2026-05-25 20:00:00,77273.26,77451.8,76991.7
2026-05-26 00:00:00,76599.38,77297.54,76412.76
2026-05-26 04:00:00,76655.87,76987.15,76541.94
2026-05-26 08:00:00,77125.42,77560.66,76517.42
2026-05-26 12:00:00,76422.36,78019.21,76183.24
2026-05-26 16:00:00,75943.16,76622.19,75675.69
2026-05-26 20:00:00,75842.51,76092.27,75576.51
2026-05-27 00:00:00,75564.55,76013.54,75517.66
2026-05-27 04:00:00,75869.31,75876.29,75206.02
2026-05-27 08:00:00,75660.76,75973.56,75610.39
2026-05-27 12:00:00,75213.62,76049.42,74649.95
2026-05-27 16:00:00,74944.14,75290.31,74547.43
2026-05-27 20:00:00,74348.55,75306.51,74141.41
2026-05-28 00:00:00,73155.89,74478.39,72971.23
2026-05-28 04:00:00,73373.32,73388.08,72648.13
2026-05-28 08:00:00,73397.93,73507.63,73093.37
2026-05-28 12:00:00,72815.08,73471.5,72476.19
2026-05-28 16:00:00,73328.75,73653.39,72624.68
2026-05-28 20:00:00,73531.95,73854.46,73152.48
2026-05-29 00:00:00,73211.17,73780.86,73096.25
2026-05-29 04:00:00,73437.39,73848.06,73117.38
2026-05-29 08:00:00,73389.38,73816.93,73253.84
2026-05-29 12:00:00,73716.13,74108.8,72412.84
2026-05-29 16:00:00,73428.38,74241.75,73100.88
2026-05-29 20:00:00,73384.46,73758.45,73239.4
2026-05-30 00:00:00,73445.16,73712.07,73327.1
2026-05-30 04:00:00,73467.7,73628.5,73126.35
2026-05-30 08:00:00,73516.29,73598.21,73416.67
2026-05-30 12:00:00,73831.68,74009.07,73502.98
2026-05-30 16:00:00,73923.47,74048.94,73720.01
2026-05-30 20:00:00,73794.27,73964.19,73692.57
2026-05-31 00:00:00,74059.24,74183.26,73765.15
2026-05-31 04:00:00,73781.26,74136.78,73748.58
2026-05-31 08:00:00,73855.25,73942.37,73642.98
2026-05-31 12:00:00,73572.02,73937.07,73424.2
2026-05-31 16:00:00,73477.18,73661.18,73315.5
2026-05-31 20:00:00,73601.92,74117.21,73431.65
2026-06-01 00:00:00,73687.47,73997.74,73145.94
2026-06-01 04:00:00,72726.54,73762.9,72627.45
2026-06-01 08:00:00,72409.17,73019.39,72228.2
2026-06-01 12:00:00,71017.78,72536.87,70961.24
2026-06-01 16:00:00,71509.27,71716.33,70584.52
2026-06-01 20:00:00,71329.41,71621.59,70752.33
2026-06-02 00:00:00,70857.53,71332.71,70027.53
2026-06-02 04:00:00,70030.78,70949.75,69658.85
2026-06-02 08:00:00,69372.35,70084.87,69237.24
2026-06-02 12:00:00,67195.27,69452.62,66976.01
2026-06-02 16:00:00,67229.11,68027.82,66339.72
2026-06-02 20:00:00,66674.34,67830.97,66116.77
2026-06-03 00:00:00,65770.13,67111.56,65381.37
2026-06-03 04:00:00,67143.59,67426.72,65750.74
2026-06-03 08:00:00,66986.61,67383.97,66572.49
2026-06-03 12:00:00,65987.21,67160.68,65986.32
2026-06-03 16:00:00,65374.87,66276.52,65168.43
2026-06-03 20:00:00,64052.66,65769.64,64000.04
2026-06-04 00:00:00,64294.22,64455.23,61322.84
2026-06-04 04:00:00,63540.11,64696.71,63439.42
2026-06-04 08:00:00,62482.81,63838.01,62143.87
2026-06-04 12:00:00,63831.79,64440.38,62324.27
2026-06-04 16:00:00,63546.13,64075.3,62881.53
2026-06-04 20:00:00,63814.98,63852.97,63070.66
2026-06-05 00:00:00,62663.4,63907.58,62279.21
2026-06-05 04:00:00,63047.96,63616.98,61103.89
2026-06-05 08:00:00,61911.78,63195.92,61911.78
2026-06-05 12:00:00,60409.71,62400.32,60029.13
2026-06-05 16:00:00,60284.23,61516.74,59131.7
2026-06-05 20:00:00,61043.7,61974.86,59925.71
2026-06-06 00:00:00,60676.24,61507.85,60509.76
2026-06-06 04:00:00,60980.64,61244.65,59488.76
2026-06-06 08:00:00,60780.09,61470.07,60195.85
2026-06-06 12:00:00,60761.25,61157.5,60376.45
2026-06-06 16:00:00,60581.19,60945.29,60383.21
2026-06-06 20:00:00,60871.06,60983.34,60416.06
2026-06-07 00:00:00,61688.12,61757.87,60729.26
2026-06-07 04:00:00,62389.13,62399.24,61474.85
2026-06-07 08:00:00,62616.98,62949.72,62248.22
2026-06-07 12:00:00,62081.29,62635.03,61570.88
2026-06-07 16:00:00,61312.44,62311.12,61166.48
2026-06-07 20:00:00,63315.11,64195.28,61204.0
2026-06-08 00:00:00,63106.4,63844.13,62707.41
2026-06-08 04:00:00,63249.96,63312.31,62393.1
2026-06-08 08:00:00,63445.61,63831.3,62961.81
2026-06-08 12:00:00,63753.44,64199.98,62679.93
2026-06-08 16:00:00,63364.66,64024.0,63262.89
2026-06-08 20:00:00,63077.43,63844.08,62970.02
2026-06-09 00:00:00,62857.1,63169.43,62410.18
2026-06-09 04:00:00,63172.68,63499.95,62735.34
2026-06-09 08:00:00,62686.73,63187.78,62475.62
2026-06-09 12:00:00,61093.12,62872.16,61001.34
2026-06-09 16:00:00,62057.86,62064.92,60744.49
2026-06-09 20:00:00,61694.99,62232.57,61524.94
2026-06-10 00:00:00,61513.43,61941.36,61205.78
2026-06-10 04:00:00,61647.52,61752.87,61043.59
2026-06-10 08:00:00,60993.03,61691.91,60740.49
2026-06-10 12:00:00,62594.9,62813.96,60919.48
2026-06-10 16:00:00,61893.22,62603.77,61548.79
2026-06-10 20:00:00,61465.08,61896.52,61056.29
2026-06-11 00:00:00,62619.04,62759.29,61463.0
2026-06-11 04:00:00,62654.07,62929.08,62482.74
2026-06-11 08:00:00,63053.19,63207.03,62651.56
2026-06-11 12:00:00,62687.67,63195.12,62465.22
2026-06-11 16:00:00,63556.97,63865.61,62273.57
2026-06-11 20:00:00,63568.8,63636.71,63220.47
2026-06-12 00:00:00,63441.18,63725.45,63232.25
2026-06-12 04:00:00,63021.67,63782.76,62767.34
2026-06-12 08:00:00,63695.87,63887.05,63020.72
2026-06-12 12:00:00,63561.19,64348.86,62975.16
2026-06-12 16:00:00,63561.8,64077.95,63481.36
2026-06-12 20:00:00,63541.39,63673.84,63358.03
2026-06-13 00:00:00,63501.18,63805.72,63410.23
2026-06-13 04:00:00,63808.31,63847.27,63455.08
2026-06-13 08:00:00,63932.03,63934.28,63695.16
2026-06-13 12:00:00,64262.09,64308.54,63885.43
2026-06-13 16:00:00,64269.39,64298.46,63882.46
2026-06-13 20:00:00,64427.86,64724.18,64196.31
2026-06-14 00:00:00,64508.53,64679.49,64351.94
2026-06-14 04:00:00,64395.98,64530.05,64194.74
2026-06-14 08:00:00,64515.52,64624.35,64288.4
2026-06-14 12:00:00,63987.54,64528.95,63835.14
2026-06-14 16:00:00,63764.64,64172.97,63644.79
2026-06-14 20:00:00,65717.11,65765.17,63753.53
2026-06-15 00:00:00,65890.92,65951.98,65323.85
2026-06-15 04:00:00,65631.88,65965.29,65584.0
2026-06-15 08:00:00,66195.33,66338.11,65472.24
2026-06-15 12:00:00,67256.57,67256.57,66074.05
2026-06-15 16:00:00,66578.62,67256.61,66334.97
2026-06-15 20:00:00,66284.52,66647.99,66065.0
2026-06-16 00:00:00,66116.48,66425.19,65616.0
2026-06-16 04:00:00,66340.93,66523.28,65772.73
2026-06-16 08:00:00,66443.84,66942.03,66312.58
2026-06-16 12:00:00,65819.44,66764.51,65311.73
2026-06-16 16:00:00,65621.78,66191.4,65506.12
2026-06-16 20:00:00,65618.32,65874.82,65535.12
2026-06-17 00:00:00,65791.94,66073.08,65429.68
2026-06-17 04:00:00,65470.36,65987.61,65186.22
2026-06-17 08:00:00,64751.95,65507.07,64502.94
2026-06-17 12:00:00,65696.89,65792.16,64537.26
2026-06-17 16:00:00,64244.62,66376.74,63995.75
2026-06-17 20:00:00,64445.91,64464.16,63868.18
2026-06-18 00:00:00,64222.34,64748.74,64201.36
2026-06-18 04:00:00,64444.35,64450.28,63633.54
2026-06-18 08:00:00,63913.17,64581.38,63836.11
2026-06-18 12:00:00,62300.2,64369.6,62232.38
2026-06-18 16:00:00,62879.03,62936.41,62191.92
2026-06-18 20:00:00,62888.3,63204.89,62681.89
2026-06-19 00:00:00,62709.48,63049.05,62325.34
2026-06-19 04:00:00,62564.75,62858.71,62356.03
2026-06-19 08:00:00,62574.91,62714.46,62260.22
2026-06-19 12:00:00,63158.02,63354.85,62298.58
2026-06-19 16:00:00,62976.1,63332.27,62820.36
2026-06-19 20:00:00,63491.93,63600.77,62912.7
2026-06-20 00:00:00,63420.09,63720.08,63267.18
2026-06-20 04:00:00,63600.39,63840.9,63351.75
2026-06-20 08:00:00,63629.48,63737.3,63340.54
2026-06-20 12:00:00,64092.14,64318.24,63138.02
2026-06-20 16:00:00,63874.04,64110.24,63685.22
2026-06-20 20:00:00,64234.7,64283.62,63791.15
2026-06-21 00:00:00,64353.1,64404.72,64141.57
2026-06-21 04:00:00,64120.51,64516.59,64100.79
2026-06-21 08:00:00,64100.59,64403.49,63836.0
2026-06-21 12:00:00,64154.71,64282.19,63886.12
2026-06-21 16:00:00,64135.68,64223.3,63879.09
2026-06-21 20:00:00,63245.48,64197.04,63216.5
2026-06-22 00:00:00,63899.56,64735.08,63245.48
2026-06-22 04:00:00,64138.97,64318.28,63801.0
2026-06-22 08:00:00,64595.6,64705.5,63976.4
2026-06-22 12:00:00,64768.11,65555.76,64518.76
2026-06-22 16:00:00,64412.58,64795.27,64212.08
2026-06-22 20:00:00,63957.63,64601.84,63741.34
2026-06-23 00:00:00,63996.97,64209.08,63769.59
2026-06-23 04:00:00,62815.43,64022.37,62509.47
2026-06-23 08:00:00,62443.4,62873.98,61870.38
2026-06-23 12:00:00,62409.47,62779.74,61888.38
2026-06-23 16:00:00,62321.08,62749.09,62028.01
2026-06-23 20:00:00,62655.96,62721.72,62313.55
2026-06-24 00:00:00,62660.64,63036.15,62392.17
2026-06-24 04:00:00,62568.92,62991.97,62456.58
2026-06-24 08:00:00,62841.43,63136.53,62237.77
2026-06-24 12:00:00,60191.16,62898.91,60176.58
2026-06-24 16:00:00,59873.51,60591.73,59038.74
2026-06-24 20:00:00,60992.48,61180.82,59771.89
2026-06-25 00:00:00,60795.22,61073.36,60603.47
2026-06-25 04:00:00,61827.34,61877.52,60702.61
2026-06-25 08:00:00,61194.19,61835.96,60985.23
2026-06-25 12:00:00,59475.98,61646.69,58024.54
2026-06-25 16:00:00,59225.73,59972.98,59050.04
2026-06-25 20:00:00,59713.94,60167.96,59225.73
2026-06-26 00:00:00,59950.94,60041.08,58255.34
2026-06-26 04:00:00,60444.21,60662.18,59624.97
2026-06-26 08:00:00,59333.44,60477.11,59161.01
2026-06-26 12:00:00,60242.04,60417.38,58427.28
2026-06-26 16:00:00,59662.95,60490.04,59486.98
2026-06-26 20:00:00,60020.92,60031.73,59501.69
2026-06-27 00:00:00,60222.88,60324.33,59803.15
2026-06-27 04:00:00,60451.29,60482.07,60032.91
2026-06-27 08:00:00,60277.91,60458.04,60118.69
2026-06-27 12:00:00,60742.99,60839.38,60182.36
2026-06-27 16:00:00,60088.52,60752.67,59995.08
2026-06-27 20:00:00,59948.0,60392.31,59780.14
2026-06-28 00:00:00,60122.72,60255.77,59909.21
2026-06-28 04:00:00,60138.66,60180.46,59680.84
2026-06-28 08:00:00,60262.5,60460.34,59995.53
2026-06-28 12:00:00,59815.0,60368.08,59750.71
2026-06-28 16:00:00,59403.43,59865.83,59193.92
2026-06-28 20:00:00,59491.82,59826.4,58824.73
2026-06-29 00:00:00,59956.37,60132.43,58819.32
2026-06-29 04:00:00,59946.45,60254.76,59307.39
2026-06-29 08:00:00,59885.91,60230.93,59661.24
2026-06-29 12:00:00,59721.36,60703.6,58909.08
2026-06-29 16:00:00,60346.21,60592.48,59489.47
2026-06-29 20:00:00,60175.84,60499.77,60114.29
2026-06-30 00:00:00,59531.58,60193.06,59504.07
2026-06-30 04:00:00,59441.01,59622.57,59269.83
2026-06-30 08:00:00,59095.22,59463.42,59033.38
2026-06-30 12:00:00,58281.4,59171.75,58092.16
2026-06-30 16:00:00,58733.99,58751.06,58164.85
2026-06-30 20:00:00,58541.84,58792.52,58426.99
2026-07-01 00:00:00,59111.21,59227.69,57739.77
2026-07-01 04:00:00,58696.37,59379.59,58460.98
2026-07-01 08:00:00,58549.78,59020.97,58428.96
2026-07-01 12:00:00,60095.08,60476.42,58264.98
2026-07-01 16:00:00,59976.19,60296.31,59730.49
2026-07-01 20:00:00,59971.48,61255.52,59818.16
2026-07-02 00:00:00,60995.12,61056.6,59534.21
2026-07-02 04:00:00,60072.35,60995.49,60037.99
2026-07-02 08:00:00,61296.09,61348.51,60060.7
2026-07-02 12:00:00,61551.03,62139.68,61090.77
2026-07-02 16:00:00,61424.03,61889.19,61085.35
2026-07-02 20:00:00,61490.45,61589.33,61275.65
2026-07-03 00:00:00,61361.58,61656.86,61174.75
2026-07-03 04:00:00,61688.13,61795.93,61271.33
2026-07-03 08:00:00,61955.99,62027.79,61453.0
2026-07-03 12:00:00,61873.95,62345.51,61642.78
2026-07-03 16:00:00,62162.54,62265.77,61863.73
2026-07-03 20:00:00,62532.32,62898.22,62139.19
2026-07-04 00:00:00,62579.62,62889.45,62358.9
2026-07-04 04:00:00,62526.47,62694.54,62288.21
2026-07-04 08:00:00,62441.36,62614.01,62365.2
2026-07-04 12:00:00,62886.91,63018.04,62434.79
2026-07-04 16:00:00,63251.02,63411.7,62740.28
2026-07-04 20:00:00,63100.18,63407.3,62898.53
2026-07-05 00:00:00,62722.39,63101.28,62553.29
2026-07-05 04:00:00,62974.47,63005.03,62612.79
2026-07-05 08:00:00,62611.11,63056.06,62403.8
2026-07-05 12:00:00,62692.88,62895.01,62521.58
2026-07-05 16:00:00,62723.51,62830.91,62549.95
2026-07-05 20:00:00,63587.35,63943.15,62565.25
2026-07-06 00:00:00,63239.05,63856.21,63079.96
2026-07-06 04:00:00,63031.19,63336.55,62830.56
2026-07-06 08:00:00,62455.8,63175.04,62451.89
2026-07-06 12:00:00,63503.89,63507.95,61264.2
2026-07-06 16:00:00,63700.93,63929.59,63348.7
2026-07-06 20:00:00,64007.47,64657.52,63548.75
2026-07-07 00:00:00,63142.97,64273.66,63113.08
2026-07-07 04:00:00,63041.0,63392.58,62756.3
2026-07-07 08:00:00,63347.35,63399.93,62939.65
2026-07-07 12:00:00,63889.71,64059.6,62615.94
2026-07-07 16:00:00,63778.21,64196.72,63352.33
2026-07-07 20:00:00,63323.89,63862.36,63185.93
2026-07-08 00:00:00,62719.88,63716.92,62485.74
2026-07-08 04:00:00,62837.69,62857.64,62431.12
2026-07-08 08:00:00,62251.21,62889.32,61685.72
2026-07-08 12:00:00,61642.61,62367.95,61475.62
2026-07-08 16:00:00,62231.63,62342.32,61634.18
2026-07-08 20:00:00,62244.69,62304.97,61922.72
2026-07-09 00:00:00,61923.9,62595.01,61657.88
2026-07-09 04:00:00,62951.7,63216.75,61912.12
2026-07-09 08:00:00,62725.44,63031.68,62561.45
2026-07-09 12:00:00,62813.52,63203.95,62417.26
2026-07-09 16:00:00,63200.61,63448.56,62511.76
2026-07-09 20:00:00,63186.23,63368.57,63022.86
2026-07-10 00:00:00,63900.92,63999.1,62885.38
2026-07-10 04:00:00,63945.45,64153.55,63765.09
2026-07-10 08:00:00,64383.54,64448.77,63939.99
2026-07-10 12:00:00,63987.22,64660.19,63756.9
2026-07-10 16:00:00,63884.01,64169.06,63696.13
2026-07-10 20:00:00,64129.59,64172.65,63624.74
2026-07-11 00:00:00,64117.55,64271.5,63949.03
2026-07-11 04:00:00,64117.98,64232.91,64045.71
2026-07-11 08:00:00,64150.35,64261.35,64092.77
2026-07-11 12:00:00,64129.17,64457.24,63886.26
2026-07-11 16:00:00,64249.41,64356.01,64047.56
2026-07-11 20:00:00,63781.78,64417.14,63781.78
2026-07-12 00:00:00,64180.01,64180.67,63669.58
2026-07-12 04:00:00,63848.96,64206.12,63603.36
2026-07-12 08:00:00,63975.18,64059.2,63728.22
2026-07-12 12:00:00,64137.37,64243.76,63928.22
2026-07-12 16:00:00,64196.2,64229.56,63981.15
2026-07-12 20:00:00,63746.53,64218.09,63633.44
2026-07-13 00:00:00,62766.56,64384.54,62699.06
2026-07-13 04:00:00,62945.49,63010.02,62470.62
2026-07-13 08:00:00,62848.91,63224.55,62807.15
2026-07-13 12:00:00,62551.93,62926.52,62055.2
2026-07-13 16:00:00,62219.02,62570.32,61761.38
2026-07-13 20:00:00,62267.27,62277.6,61811.69
2026-07-14 00:00:00,62505.53,62595.34,62205.86
2026-07-14 04:00:00,62477.69,62808.47,62440.69
2026-07-14 08:00:00,62780.33,62854.59,62420.16
2026-07-14 12:00:00,64703.58,64911.99,62722.97
2026-07-14 16:00:00,64541.36,64858.72,64265.89
2026-07-14 20:00:00,64991.95,65060.67,64385.62
2026-07-15 00:00:00,64750.87,65019.34,64446.24
2026-07-15 04:00:00,64515.29,65236.08,64452.38
2026-07-15 08:00:00,64688.96,64873.04,64515.07
2026-07-15 12:00:00,65376.95,65545.79,64556.19
2026-07-15 16:00:00,64940.28,65416.51,64706.14
2026-07-15 20:00:00,64717.21,65018.27,64658.24
2026-07-16 00:00:00,64568.15,64808.39,64359.66
2026-07-16 04:00:00,64185.8,64944.37,64039.96
2026-07-16 08:00:00,64206.82,64308.38,63841.32
2026-07-16 12:00:00,64661.89,64842.28,63811.07
2026-07-16 16:00:00,64223.57,64670.76,63952.38
2026-07-16 20:00:00,63783.01,64233.48,63703.11
2026-07-17 00:00:00,63519.4,64014.5,63339.1
2026-07-17 04:00:00,62778.7,63523.8,62667.04
2026-07-17 08:00:00,63246.97,63307.18,62613.01
2026-07-17 12:00:00,63407.81,63458.28,62474.94
2026-07-17 16:00:00,64118.83,64349.21,63271.35
2026-07-17 20:00:00,63901.46,64185.96,63851.9
2026-07-18 00:00:00,63975.47,63994.12,63852.27
2026-07-18 04:00:00,63963.57,63987.04,63888.08
2026-07-18 08:00:00,64022.61,64045.17,63899.83
2026-07-18 12:00:00,64081.25,64216.32,63929.36
2026-07-18 16:00:00,64520.7,64618.7,64047.21
2026-07-18 20:00:00,64800.85,64826.76,64476.87
2026-07-19 00:00:00,64673.67,64921.18,64593.42
2026-07-19 04:00:00,64675.34,64770.48,64579.54
2026-07-19 08:00:00,64431.54,64702.16,64407.09
2026-07-19 12:00:00,64540.24,64615.24,64246.26
2026-07-19 16:00:00,64415.77,64707.03,64263.7
2026-07-19 20:00:00,64686.53,64855.02,64310.12
2026-07-20 00:00:00,64817.93,65050.75,64376.45
2026-07-20 04:00:00,64217.33,64821.7,63713.31
2026-07-20 08:00:00,64949.39,65009.23,63832.68
2026-07-20 12:00:00,65551.45,65615.37,64023.87
2026-07-20 16:00:00,65101.39,65754.05,65000.45
2026-07-20 20:00:00,65219.05,65402.35,65016.74
2026-07-21 00:00:00,65528.97,65620.57,65119.89
2026-07-21 04:00:00,66150.35,66207.33,65442.64
2026-07-21 08:00:00,66310.82,66385.28,66093.99
2026-07-21 12:00:00,66654.71,66919.9,66234.11
2026-07-21 16:00:00,66422.93,66732.53,66051.81
2026-07-21 20:00:00,66523.97,66540.22,66167.75
2026-07-22 00:00:00,66166.95,66700.45,66142.14
2026-07-22 04:00:00,65803.32,66382.06,65663.94
2026-07-22 08:00:00,65977.33,66114.51,65803.32
2026-07-22 12:00:00,66015.19,66169.36,65508.61
2026-07-22 16:00:00,65899.38,66364.32,65668.31
2026-07-22 20:00:00,66084.06,66112.59,65764.4
2026-07-23 00:00:00,65628.34,66280.4,65551.91
2026-07-23 04:00:00,65402.52,65786.66,65323.14
2026-07-23 08:00:00,65528.54,65759.88,65381.34
2026-07-23 12:00:00,64914.75,65555.44,64681.59
2026-07-23 16:00:00,64792.89,64915.74,64601.36
2026-07-23 20:00:00,65056.81,65183.95,64774.67
2026-07-24 00:00:00,65412.49,65418.84,64712.71
2026-07-24 04:00:00,65459.77,65767.16,65197.9
2026-07-24 08:00:00,65031.66,65466.69,64808.46
2026-07-24 12:00:00,64037.01,65085.08,63669.3
2026-07-24 16:00:00,64169.59,64241.27,63822.73
2026-07-24 20:00:00,64092.48,64224.05,64075.05
2026-07-25 00:00:00,64027.21,64124.17,63950.44
2026-07-25 04:00:00,63956.32,64148.92,63907.22
2026-07-25 08:00:00,64009.72,64052.23,63749.98
2026-07-25 12:00:00,64125.16,64221.28,63981.3
2026-07-25 16:00:00,64336.81,64390.37,64065.94
2026-07-25 20:00:00,64309.55,64373.09,64206.06
2026-07-26 00:00:00,64494.04,64524.59,64287.95
2026-07-26 04:00:00,64313.99,64538.77,64238.78
2026-07-26 08:00:00,64456.69,64521.58,64296.1
2026-07-26 12:00:00,64716.98,64770.37,64362.23
2026-07-26 16:00:00,64648.33,64876.98,64619.89
2026-07-26 20:00:00,65344.89,65518.97,64585.81
2026-07-27 00:00:00,65233.25,65367.99,64855.32
2026-07-27 04:00:00,65177.03,65689.48,65168.92
2026-07-27 08:00:00,65055.91,65377.97,65046.16
2026-07-27 12:00:00,64488.93,65659.35,64354.78
2026-07-27 16:00:00,64923.58,65033.19,64452.97
2026-07-27 20:00:00,63704.37,64994.09,63554.18
2026-07-28 00:00:00,63286.61,63771.53,63012.55
2026-07-28 04:00:00,63446.26,63596.35,63163.79
2026-07-28 08:00:00,63405.14,63536.86,63232.97
2026-07-28 12:00:00,63867.26,63957.29,62676.06
2026-07-28 16:00:00,63828.84,64042.97,63442.36
2026-07-28 20:00:00,63857.3,63997.17,63489.19
2026-07-29 00:00:00,63664.31,64110.03,63579.68
2026-07-29 04:00:00,64491.01,64500.29,63513.76
2026-07-29 08:00:00,64439.18,64664.19,64209.26
2026-07-29 12:00:00,63880.35,64650.54,63801.79
2026-07-29 16:00:00,63524.65,64567.93,63453.12
2026-07-29 20:00:00,63904.66,64056.75,63206.73
2026-07-30 00:00:00,64087.58,64331.82,63524.36
2026-07-30 04:00:00,63926.17,64102.75,63835.64
2026-07-30 08:00:00,64713.13,64801.36,63898.5
2026-07-30 12:00:00,64664.96,65105.58,64547.23
2026-07-30 16:00:00,64742.62,64927.22,64626.13
2026-07-30 20:00:00,64727.26,65030.92,64610.26
2026-07-31 00:00:00,64306.93,65356.53,64116.99
2026-07-31 04:00:00,63884.13,64435.43,63815.29
2026-07-31 08:00:00,63743.93,63954.57,63550.71
2026-07-31 12:00:00,62637.84,63768.23,62385.12
2026-07-31 16:00:00,62912.91,63239.26,62626.11
2026-07-31 20:00:00,62830.43,63008.05,62797.85
2026-08-01 00:00:00,62945.84,63045.26,62830.43
2026-08-01 04:00:00,62995.37,63081.21,62933.78
2026-08-01 08:00:00,63020.22,63096.06,62930.85
2026-08-01 12:00:00,62947.74,63069.14,62946.35
2026-08-01 16:00:00,62475.79,62970.9,62217.71
2026-08-01 20:00:00,62767.06,62811.89,62435.19
2026-08-02 00:00:00,63397.83,63486.35,62750.81
2026-08-02 04:00:00,63439.47,63569.82,63358.94
2026-08-02 08:00:00,62969.55,63468.89,62931.6
2026-08-02 12:00:00,63050.2,63166.83,62946.18
2026-08-02 16:00:00,63388.2,63535.7,63009.61
2026-08-02 20:00:00,63504.46,63729.05,63275.92
2026-08-03 00:00:00,62795.86,63524.89,62720.21
2026-08-03 04:00:00,62539.6,62923.29,62482.21
2026-08-03 08:00:00,62488.71,62790.65,62223.55
2026-08-03 12:00:00,63628.81,63919.56,62372.59
2026-08-03 16:00:00,63819.92,64029.58,63601.29
2026-08-03 20:00:00,63468.53,63973.98,63343.59
2026-08-04 00:00:00,63741.18,63907.13,63264.16
2026-08-04 04:00:00,63629.16,64184.12,63450.75
2026-08-04 08:00:00,63861.89,63886.14,63392.23
2026-08-04 12:00:00,64075.73,64179.59,63551.92
2026-08-04 16:00:00,64193.16,64370.34,63850.35
2026-08-04 20:00:00,64056.82,64491.57,63970.07
2026-08-05 00:00:00,64135.52,64456.1,63903.38
2026-08-05 04:00:00,64111.45,64471.31,63954.77
2026-08-05 08:00:00,64021.05,64222.87,63968.15
2026-08-05 12:00:00,64336.39,64700.01,63824.28
2026-08-05 16:00:00,64800.14,64890.49,64335.98
2026-08-05 20:00:00,64606.65,64967.33,64529.92
2026-08-06 00:00:00,64473.54,64662.11,64397.05
2026-08-06 04:00:00,64752.2,64938.48,64443.16
2026-08-06 08:00:00,64555.33,64932.92,64445.79
2026-08-06 12:00:00,64577.66,64928.08,64100.82
2026-08-06 16:00:00,64399.0,64781.51,64311.93
2026-08-06 20:00:00,64269.83,64483.13,64141.49
2026-08-07 00:00:00,64233.58,64487.38,64181.42
2026-08-07 04:00:00,64270.14,64411.89,64112.23
2026-08-07 08:00:00,64978.53,65164.11,64250.67
2026-08-07 12:00:00,64862.38,65344.38,64745.98
2026-08-07 16:00:00,64919.93,65025.69,64480.45
2026-08-07 20:00:00,64890.02,65057.83,64817.64
2026-08-08 00:00:00,64992.68,65032.18,64798.16
2026-08-08 04:00:00,64930.52,65026.68,64913.39
2026-08-08 08:00:00,64926.19,65013.45,64914.82
2026-08-08 12:00:00,65036.84,65147.47,64883.62
2026-08-08 16:00:00,65030.01,65108.41,64971.12
2026-08-08 20:00:00,64910.03,65045.37,64888.01
2026-08-09 00:00:00,64739.68,64957.47,64681.42
2026-08-09 04:00:00,64776.59,64815.66,64723.09
2026-08-09 08:00:00,64905.11,64957.66,64743.51
2026-08-09 12:00:00,65180.08,65250.03,64871.19
2026-08-09 16:00:00,65136.33,65217.83,65133.79
2026-08-09 20:00:00,64854.83,65418.23,64796.28
2026-08-10 00:00:00,64927.92,65336.23,64779.49
2026-08-10 04:00:00,65156.84,65320.03,64876.66
2026-08-10 08:00:00,65075.64,65279.75,64912.11
2026-08-10 12:00:00,64240.48,65183.72,64146.53
2026-08-10 16:00:00,63982.67,64300.74,63750.06
2026-08-10 20:00:00,63918.1,64142.8,63861.81
2026-08-11 00:00:00,64081.55,64117.88,63838.45
2026-08-11 04:00:00,64004.29,64097.8,63799.4
2026-08-11 08:00:00,64336.4,64350.74,63984.59
2026-08-11 12:00:00,63553.57,64440.48,63394.85
2026-08-11 16:00:00,63476.46,63605.42,63173.58
2026-08-11 20:00:00,63542.64,63713.75,63476.46
2026-08-12 00:00:00,63771.83,63848.94,63479.11
2026-08-12 04:00:00,63771.49,63832.34,63547.22
2026-08-12 08:00:00,64180.36,64189.47,63706.45
2026-08-12 12:00:00,63375.41,64402.86,63255.82
2026-08-12 16:00:00,63353.35,63511.4,63247.08
2026-08-12 20:00:00,63415.85,63584.04,63308.18
2026-08-13 00:00:00,63585.2,63645.35,63312.06
2026-08-13 04:00:00,63803.87,63943.94,63531.09
2026-08-13 08:00:00,63419.89,63852.85,63290.01
2026-08-13 12:00:00,63359.98,63936.18,63359.94
2026-08-13 16:00:00,63344.08,63509.87,62791.03
2026-08-13 20:00:00,63429.34,63584.56,63307.8
2026-08-14 00:00:00,63252.67,63561.68,63246.23
2026-08-14 04:00:00,62858.5,63411.69,62858.41
2026-08-14 08:00:00,62809.64,62926.87,62633.64
2026-08-14 12:00:00,62923.33,63015.54,62481.22
2026-08-14 16:00:00,62897.65,63186.77,62765.68
2026-08-14 20:00:00,62983.61,63002.95,62737.56
2026-08-15 00:00:00,62994.71,63126.36,62934.27
2026-08-15 04:00:00,63010.13,63095.81,62976.25
2026-08-15 08:00:00,62955.07,63022.55,62849.12
2026-08-15 12:00:00,63030.18,63053.11,62883.52
2026-08-15 16:00:00,63056.7,63059.24,62979.39
2026-08-15 20:00:00,63026.52,63108.7,63006.23
2026-08-16 00:00:00,63064.06,63091.64,62947.7
2026-08-16 04:00:00,62997.39,63089.13,62975.82
2026-08-16 08:00:00,62945.19,63011.46,62902.28
2026-08-16 12:00:00,63078.92,63078.92,62928.56
2026-08-16 16:00:00,63051.23,63323.94,63040.89
2026-08-16 20:00:00,62838.49,63080.14,62654.97
2026-08-17 00:00:00,63373.45,63460.04,62689.8
2026-08-17 04:00:00,63468.66,63653.36,63373.45
2026-08-17 08:00:00,63569.28,63718.88,63228.2
2026-08-17 12:00:00,64141.15,64175.14,63372.22
2026-08-17 16:00:00,64265.11,64562.06,63931.5
2026-08-17 20:00:00,64484.37,64525.4,64215.0
2026-08-18 00:00:00,64123.13,64509.67,63987.3
2026-08-18 04:00:00,64142.88,64395.01,64027.81
2026-08-18 08:00:00,64290.04,64342.1,64032.84
2026-08-18 12:00:00,64809.85,65008.09,63993.37
2026-08-18 16:00:00,64611.26,64853.29,64606.92
2026-08-18 20:00:00,64686.57,64744.21,64519.11
2026-08-19 00:00:00,64279.93,64700.52,64229.61
2026-08-19 04:00:00,64245.78,64360.15,64118.76
2026-08-19 08:00:00,64460.96,64483.35,64196.44
2026-08-19 12:00:00,68525.96,69555.74,64421.86
2026-08-19 16:00:00,68406.34,68939.94,67800.95
2026-08-19 20:00:00,69299.42,70020.21,68372.67
2026-08-20 00:00:00,69142.24,69854.7,68862.23
2026-08-20 04:00:00,69777.35,69939.17,69108.22
2026-08-20 08:00:00,71872.47,72414.24,69738.38
2026-08-20 12:00:00,72434.3,72777.95,71093.58
2026-08-20 16:00:00,72642.91,72940.87,72182.71
2026-08-20 20:00:00,73009.6,73377.68,72482.4
2026-08-21 00:00:00,74482.31,75734.81,73005.63
2026-08-21 04:00:00,76285.54,76836.58,74482.3
2026-08-21 08:00:00,76708.82,79474.91,76243.78
2026-08-21 12:00:00,77191.73,77842.34,76226.35
2026-08-21 16:00:00,77006.43,77695.28,76616.58
2026-08-21 20:00:00,78329.69,78741.59,76843.46
2026-08-22 00:00:00,78403.91,78808.94,77690.19
2026-08-22 04:00:00,77284.95,78800.85,76531.73
2026-08-22 08:00:00,77120.57,77425.11,76528.07
2026-08-22 12:00:00,76972.52,77374.3,76876.57
2026-08-22 16:00:00,77424.35,77545.07,76948.0
2026-08-22 20:00:00,77067.42,77463.66,76772.86
2026-08-23 00:00:00,76922.99,77399.03,76837.38
2026-08-23 04:00:00,75986.25,77021.71,75573.95
2026-08-23 08:00:00,77296.19,77367.62,75941.81
2026-08-23 12:00:00,77141.89,77745.51,76806.04
2026-08-23 16:00:00,77333.04,77459.91,77107.71
