ts,close,high,low
2017-08-17,4285.08,4485.39,4200.74
2017-08-18,4108.37,4371.52,3938.77
2017-08-19,4139.98,4184.69,3850.0
2017-08-20,4086.29,4211.08,4032.62
2017-08-21,4016.0,4119.62,3911.79
2017-08-22,4040.0,4104.82,3400.0
2017-08-23,4114.01,4265.8,4013.89
2017-08-24,4316.01,4371.68,4085.01
2017-08-25,4280.68,4453.91,4247.48
2017-08-26,4337.44,4367.0,4212.41
2017-08-27,4310.01,4400.0,4285.54
2017-08-28,4386.69,4399.82,4124.54
2017-08-29,4587.48,4625.85,4313.55
2017-08-30,4555.14,4647.51,4416.01
2017-08-31,4724.89,4745.42,4555.14
2017-09-01,4834.91,4885.55,4654.88
2017-09-02,4472.14,4939.19,4286.87
2017-09-03,4509.08,4714.76,4298.33
2017-09-04,4100.11,4527.49,3972.51
2017-09-05,4366.47,4484.99,3603.0
2017-09-06,4619.77,4662.87,4335.26
2017-09-07,4691.61,4788.59,4438.19
2017-09-08,4282.8,4735.39,4028.93
2017-09-09,4258.81,4426.62,4150.06
2017-09-10,4130.37,4283.0,3801.0
2017-09-11,4208.47,4334.43,4098.91
2017-09-12,4163.72,4394.59,4040.8
2017-09-13,3944.69,4165.38,3760.0
2017-09-14,3189.02,3993.0,3165.13
2017-09-15,3700.0,3856.0,2817.0
2017-09-16,3714.95,3950.0,3470.66
2017-09-17,3699.99,3748.21,3499.02
2017-09-18,4035.01,4123.2,3690.0
2017-09-19,3910.04,4089.97,3830.91
2017-09-20,3900.0,4046.08,3820.0
2017-09-21,3609.99,3910.0,3567.0
2017-09-22,3595.87,3750.0,3505.55
2017-09-23,3780.0,3817.19,3542.91
2017-09-24,3660.02,3789.99,3622.76
2017-09-25,3920.75,3979.87,3653.69
2017-09-26,3882.35,3976.99,3850.05
2017-09-27,4193.0,4249.94,3872.81
2017-09-28,4174.5,4300.0,4101.0
2017-09-29,4174.69,4263.86,3952.01
2017-09-30,4378.51,4380.0,4138.1
2017-10-01,4378.48,4406.52,4240.04
2017-10-02,4380.0,4561.63,4360.0
2017-10-03,4310.0,4467.33,4180.8
2017-10-04,4208.59,4373.0,4142.0
2017-10-05,4292.43,4355.0,4110.0
2017-10-06,4369.0,4417.0,4292.0
2017-10-07,4423.0,4479.5,4312.56
2017-10-08,4640.0,4658.0,4425.0
2017-10-09,4786.95,4889.98,4550.0
2017-10-10,4783.06,4960.0,4680.59
2017-10-11,4821.43,4881.61,4710.0
2017-10-12,5430.0,5439.99,4810.16
2017-10-13,5649.98,5846.17,5379.84
2017-10-14,5869.99,5900.0,5580.01
2017-10-15,5709.99,5922.3,5400.01
2017-10-16,5760.02,5788.91,5585.19
2017-10-17,5595.0,5774.98,5508.63
2017-10-18,5512.06,5596.0,5037.95
2017-10-19,5683.9,5710.0,5490.26
2017-10-20,6010.01,6110.0,5600.0
2017-10-21,6024.97,6171.0,5850.03
2017-10-22,5950.02,6060.0,5720.03
2017-10-23,5915.93,6080.0,5621.03
2017-10-24,5477.03,5925.0,5450.0
2017-10-25,5689.99,5704.96,5286.98
2017-10-26,5861.77,5939.99,5650.0
2017-10-27,5768.83,5980.0,5649.24
2017-10-28,5719.64,5850.02,5630.03
2017-10-29,6169.98,6189.88,5648.01
2017-10-30,6120.5,6248.68,6030.0
2017-10-31,6463.0,6498.01,6100.0
2017-11-01,6753.98,6774.67,6338.02
2017-11-02,7019.98,7300.0,6685.1
2017-11-03,7115.04,7346.34,6923.0
2017-11-04,7357.09,7480.99,6901.0
2017-11-05,7345.01,7590.25,7279.02
2017-11-06,6960.12,7401.0,6906.0
2017-11-07,7064.04,7198.49,6901.0
2017-11-08,7303.0,7770.02,6651.0
2017-11-09,7079.99,7392.0,7015.0
2017-11-10,6506.98,7279.91,6255.01
2017-11-11,6245.05,6797.98,6100.0
2017-11-12,5811.03,6630.0,5325.01
2017-11-13,6465.99,6697.47,5699.99
2017-11-14,6574.99,6684.98,6311.07
2017-11-15,7240.06,7298.0,6575.99
2017-11-16,7864.5,7940.0,7076.0
2017-11-17,7699.19,7989.0,7451.0
2017-11-18,7761.94,7819.99,7422.0
2017-11-19,8038.0,8123.15,7650.33
2017-11-20,8212.0,8319.99,7954.0
2017-11-21,8119.51,8400.0,7801.0
2017-11-22,8205.92,8322.68,8091.09
2017-11-23,8019.99,8260.0,8000.0
2017-11-24,8138.0,8369.0,7850.0
2017-11-25,8700.01,8734.78,8090.0
2017-11-26,9128.02,9350.0,8604.72
2017-11-27,9650.0,9654.28,9112.04
2017-11-28,9896.8,9939.0,9570.5
2017-11-29,9687.88,11300.03,8520.0
2017-11-30,9838.96,10900.0,8850.8
2017-12-01,10782.99,10898.0,9380.0
2017-12-02,10890.01,11190.0,10620.0
2017-12-03,11165.41,11825.0,10500.0
2017-12-04,11579.0,11600.0,10802.0
2017-12-05,11699.99,11853.0,11447.68
2017-12-06,13550.05,13615.23,11665.58
2017-12-07,16599.0,16649.96,13050.0
2017-12-08,15880.0,17204.99,14015.0
2017-12-09,14656.07,16269.3,12535.0
2017-12-10,14899.98,15720.12,12368.0
2017-12-11,16587.97,17470.0,14901.08
2017-12-12,16349.99,16976.45,15875.0
2017-12-13,16033.29,16546.0,14666.56
2017-12-14,16334.98,16445.0,15450.0
2017-12-15,17539.83,17991.0,16298.45
2017-12-16,19102.66,19539.0,17190.01
2017-12-17,18860.02,19798.68,18510.0
2017-12-18,18856.25,19300.0,17029.98
2017-12-19,17295.2,18950.0,16300.0
2017-12-20,16488.98,17720.35,14777.66
2017-12-21,15492.64,17309.5,14022.0
2017-12-22,13326.61,15699.34,10961.0
2017-12-23,13300.0,14950.0,12978.18
2017-12-24,13500.0,13819.99,11640.0
2017-12-25,13699.34,14300.0,12708.0
2017-12-26,15689.01,16050.0,13533.0
2017-12-27,15459.99,16498.05,14200.15
2017-12-28,14182.11,15539.99,13150.0
2017-12-29,14378.9,14981.0,13850.0
2017-12-30,12440.01,14398.85,11750.0
2017-12-31,13716.36,14050.11,12149.98
2018-01-01,13380.0,13818.55,12750.0
2018-01-02,14675.11,15473.49,12890.02
2018-01-03,14919.51,15307.56,14150.0
2018-01-04,15059.54,15280.0,13918.04
2018-01-05,16960.39,17176.24,14600.0
2018-01-06,17069.79,17143.13,16011.21
2018-01-07,16150.03,17099.96,15610.0
2018-01-08,14902.54,16322.3,12812.0
2018-01-09,14400.0,15500.0,14011.05
2018-01-10,14907.09,14955.66,13131.31
2018-01-11,13238.78,14968.68,11400.0
2018-01-12,13740.01,14109.78,12500.0
2018-01-13,14210.0,14580.0,13706.15
2018-01-14,13474.99,14339.5,12569.2
2018-01-15,13539.93,14249.99,13147.79
2018-01-16,10900.0,13542.93,9035.0
2018-01-17,10988.79,11680.99,9037.94
2018-01-18,10961.97,11878.82,10435.33
2018-01-19,11474.98,11795.0,10360.0
2018-01-20,12799.94,13099.0,11412.45
2018-01-21,11530.0,12799.8,10965.0
2018-01-22,10760.05,11926.35,9900.24
2018-01-23,10799.18,11399.0,9905.0
2018-01-24,11349.99,11570.48,10500.0
2018-01-25,11175.27,11794.05,10950.21
2018-01-26,11089.0,11643.0,10311.15
2018-01-27,11491.0,11650.0,10842.69
2018-01-28,11879.95,12244.0,11408.0
2018-01-29,11251.0,11975.02,11139.55
2018-01-30,10237.51,11308.42,9900.0
2018-01-31,10285.1,10425.85,9700.0
2018-02-01,9224.52,10335.0,8750.99
2018-02-02,8873.03,9250.0,8010.02
2018-02-03,9199.96,9473.01,8229.0
2018-02-04,8184.81,9368.0,7930.0
2018-02-05,6939.99,8382.8,6625.0
2018-02-06,7652.14,7878.0,6000.01
2018-02-07,7599.0,8476.0,7150.01
2018-02-08,7784.02,7844.0,7572.09
2018-02-09,8683.92,8738.0,7789.9
2018-02-10,8533.98,9065.78,8120.0
2018-02-11,8063.88,8549.0,7726.53
2018-02-12,8903.0,8989.0,8053.0
2018-02-13,8539.9,8950.0,8351.0
2018-02-14,9449.99,9489.6,8533.0
2018-02-15,10000.09,10219.5,9301.5
2018-02-16,10159.98,10323.37,9666.0
2018-02-17,11039.55,11075.07,10050.0
2018-02-18,10383.43,11274.0,10080.0
2018-02-19,11153.0,11250.0,10270.33
2018-02-20,11200.99,11786.01,11100.59
2018-02-21,10437.6,11304.03,10200.0
2018-02-22,9811.04,10933.44,9679.0
2018-02-23,10131.04,10435.0,9570.19
2018-02-24,9694.51,10496.97,9352.0
2018-02-25,9590.0,9847.0,9274.8
2018-02-26,10324.0,10444.32,9350.0
2018-02-27,10569.04,10870.0,10121.0
2018-02-28,10326.76,11098.0,10300.0
2018-03-01,10920.0,11060.41,10240.0
2018-03-02,11039.0,11200.0,10770.0
2018-03-03,11464.48,11544.0,11015.01
2018-03-04,11515.0,11565.0,11050.02
2018-03-05,11454.0,11710.0,11415.01
2018-03-06,10716.48,11455.0,10555.48
2018-03-07,9910.0,10899.0,9389.31
2018-03-08,9271.64,10099.0,9060.0
2018-03-09,9227.0,9410.0,8329.0
2018-03-10,8770.22,9490.0,8667.07
2018-03-11,9533.57,9740.0,8450.0
2018-03-12,9131.34,9888.88,8780.0
2018-03-13,9150.0,9474.0,8823.0
2018-03-14,8170.0,9333.78,7900.28
2018-03-15,8240.98,8430.0,7650.0
2018-03-16,8260.0,8611.64,7900.0
2018-03-17,7824.8,8348.62,7721.99
2018-03-18,8189.99,8317.4,7322.0
2018-03-19,8600.0,8705.23,8088.4
2018-03-20,8909.98,9050.0,8280.0
2018-03-21,8885.0,9177.01,8750.6
2018-03-22,8722.9,9100.0,8465.1
2018-03-23,8898.03,8909.0,8269.0
2018-03-24,8546.86,8999.95,8491.0
2018-03-25,8470.15,8669.85,8365.77
2018-03-26,8134.23,8514.89,7831.0
2018-03-27,7795.51,8215.94,7730.0
2018-03-28,7949.3,8109.0,7728.0
2018-03-29,7090.14,7975.0,6941.11
2018-03-30,6840.23,7292.43,6600.1
2018-03-31,6923.91,7223.36,6777.0
2018-04-01,6813.01,7049.98,6430.0
2018-04-02,7056.0,7125.0,6765.0
2018-04-03,7405.21,7520.0,7011.01
2018-04-04,6796.1,7427.52,6707.0
2018-04-05,6770.76,6902.0,6566.69
2018-04-06,6601.39,6850.0,6500.0
2018-04-07,6895.8,7070.0,6586.28
2018-04-08,7018.0,7109.13,6880.0
2018-04-09,6782.72,7185.0,6611.0
2018-04-10,6843.9,6890.0,6656.0
2018-04-11,6953.79,6990.0,6787.0
2018-04-12,7923.0,8012.23,6743.2
2018-04-13,7877.41,8233.39,7732.0
2018-04-14,7999.01,8186.0,7810.0
2018-04-15,8355.0,8429.54,7999.02
2018-04-16,8064.92,8419.0,7867.0
2018-04-17,7885.02,8173.7,7825.4
2018-04-18,8173.0,8236.43,7868.0
2018-04-19,8278.0,8296.0,8080.0
2018-04-20,8856.98,8930.0,8177.09
2018-04-21,8915.31,9035.0,8565.0
2018-04-22,8787.02,9020.67,8727.68
2018-04-23,8934.01,8985.0,8745.0
2018-04-24,9619.99,9731.01,8922.0
2018-04-25,8869.99,9759.82,8730.0
2018-04-26,9266.0,9307.48,8651.62
2018-04-27,8915.35,9395.0,8889.0
2018-04-28,9348.0,9427.48,8870.0
2018-04-29,9419.0,9570.51,9163.74
2018-04-30,9246.01,9458.64,9124.99
2018-05-01,9071.48,9248.99,8800.49
2018-05-02,9247.84,9268.0,8970.2
2018-05-03,9750.0,9844.0,9168.4
2018-05-04,9713.99,9830.04,9520.85
2018-05-05,9864.0,10020.0,9682.0
2018-05-06,9659.01,9970.0,9417.03
2018-05-07,9365.0,9689.67,9181.0
2018-05-08,9187.56,9475.7,9060.54
2018-05-09,9310.0,9390.0,8965.0
2018-05-10,9002.2,9395.12,8970.0
2018-05-11,8400.0,9016.8,8341.0
2018-05-12,8465.94,8646.88,8153.0
2018-05-13,8679.71,8763.36,8298.0
2018-05-14,8663.34,8879.99,8277.0
2018-05-15,8462.0,8859.99,8401.3
2018-05-16,8330.0,8488.0,8083.01
2018-05-17,8041.46,8464.0,7979.0
2018-05-18,8239.81,8273.21,7911.9
2018-05-19,8233.49,8390.8,8095.73
2018-05-20,8526.98,8609.0,8163.9
2018-05-21,8381.24,8595.31,8305.0
2018-05-22,7977.11,8400.18,7935.11
2018-05-23,7501.95,8031.9,7425.0
2018-05-24,7575.01,7730.73,7266.99
2018-05-25,7457.0,7649.55,7308.15
2018-05-26,7333.96,7620.0,7300.0
2018-05-27,7338.99,7400.0,7231.11
2018-05-28,7099.0,7437.0,7058.02
2018-05-29,7461.29,7540.0,7032.95
2018-05-30,7375.96,7569.0,7260.5
2018-05-31,7485.01,7699.0,7327.51
2018-06-01,7521.01,7608.55,7355.54
2018-06-02,7640.03,7697.33,7437.0
2018-06-03,7714.26,7786.69,7600.0
2018-06-04,7487.0,7760.52,7446.5
2018-06-05,7625.0,7679.49,7358.0
2018-06-06,7658.84,7699.0,7467.05
2018-06-07,7691.08,7765.0,7620.0
2018-06-08,7603.44,7703.5,7531.0
2018-06-09,7491.73,7683.98,7450.0
2018-06-10,6764.99,7491.73,6622.81
2018-06-11,6872.0,6922.0,6610.0
2018-06-12,6530.0,6890.51,6435.0
2018-06-13,6292.78,6627.6,6118.68
2018-06-14,6635.98,6720.0,6260.0
2018-06-15,6388.9,6666.66,6362.31
2018-06-16,6483.98,6560.0,6320.86
2018-06-17,6449.61,6589.03,6422.0
2018-06-18,6712.46,6794.38,6380.0
2018-06-19,6741.21,6841.74,6653.0
2018-06-20,6761.51,6817.23,6551.81
2018-06-21,6718.84,6795.0,6672.57
2018-06-22,6045.0,6733.97,5918.94
2018-06-23,6149.98,6260.0,6008.48
2018-06-24,6136.97,6259.8,5750.0
2018-06-25,6252.0,6350.0,6061.97
2018-06-26,6070.78,6272.54,6035.0
2018-06-27,6133.73,6190.43,5971.0
2018-06-28,5853.98,6173.01,5827.0
2018-06-29,6197.92,6300.0,5780.0
2018-06-30,6390.07,6528.99,6186.03
2018-07-01,6356.81,6441.06,6251.0
2018-07-02,6615.29,6685.0,6271.62
2018-07-03,6513.86,6679.35,6463.01
2018-07-04,6586.98,6784.92,6441.11
2018-07-05,6529.2,6712.0,6453.33
2018-07-06,6609.78,6648.54,6425.0
2018-07-07,6756.98,6818.16,6508.88
2018-07-08,6712.1,6780.0,6667.44
2018-07-09,6662.12,6802.06,6612.24
2018-07-10,6296.91,6681.0,6263.0
2018-07-11,6378.07,6406.0,6278.99
2018-07-12,6250.57,6380.28,6070.0
2018-07-13,6214.57,6350.0,6110.0
2018-07-14,6251.99,6335.0,6178.0
2018-07-15,6353.01,6395.0,6225.4
2018-07-16,6723.35,6747.3,6330.4
2018-07-17,7317.44,7468.99,6652.04
2018-07-18,7381.9,7588.08,7225.38
2018-07-19,7466.21,7576.28,7270.0
2018-07-20,7337.53,7700.0,7273.0
2018-07-21,7398.78,7458.47,7211.0
2018-07-22,7394.79,7582.4,7335.5
2018-07-23,7721.01,7833.0,7375.0
2018-07-24,8397.24,8486.0,7696.0
2018-07-25,8175.64,8491.77,8050.0
2018-07-26,7920.0,8315.69,7850.06
2018-07-27,8188.57,8285.0,7805.0
2018-07-28,8225.04,8246.54,8067.0
2018-07-29,8211.0,8294.51,8115.0
2018-07-30,8173.92,8273.0,7866.0
2018-07-31,7730.93,8180.0,7633.0
2018-08-01,7604.58,7750.0,7430.0
2018-08-02,7525.71,7709.46,7455.72
2018-08-03,7418.78,7540.0,7282.44
2018-08-04,7009.84,7494.81,6926.0
2018-08-05,7024.19,7089.87,6882.29
2018-08-06,6934.82,7160.0,6821.0
2018-08-07,6720.06,7150.46,6670.0
2018-08-08,6285.0,6721.54,6123.0
2018-08-09,6529.79,6622.81,6178.6
2018-08-10,6144.01,6575.88,6026.39
2018-08-11,6232.35,6488.0,5971.0
2018-08-12,6308.33,6472.3,6130.0
2018-08-13,6246.35,6545.0,6145.04
2018-08-14,6188.08,6250.33,5880.0
2018-08-15,6267.16,6609.0,6172.11
2018-08-16,6311.75,6480.0,6205.6
2018-08-17,6584.49,6585.0,6285.4
2018-08-18,6387.96,6620.0,6288.0
2018-08-19,6477.53,6541.0,6300.0
2018-08-20,6254.84,6530.0,6220.0
2018-08-21,6480.0,6500.0,6235.08
2018-08-22,6360.89,6882.54,6251.2
2018-08-23,6525.01,6576.99,6342.28
2018-08-24,6681.64,6725.0,6440.5
2018-08-25,6733.64,6789.0,6650.61
2018-08-26,6700.0,6775.27,6568.0
2018-08-27,6908.64,6940.51,6646.5
2018-08-28,7076.11,7135.0,6860.0
2018-08-29,7031.22,7133.81,6912.34
2018-08-30,6984.84,7063.63,6784.81
2018-08-31,7011.21,7089.0,6888.0
2018-09-01,7200.01,7275.0,7008.74
2018-09-02,7302.01,7345.45,7127.0
2018-09-03,7263.02,7338.28,7191.63
2018-09-04,7359.06,7410.0,7227.17
2018-09-05,6700.0,7397.3,6682.0
2018-09-06,6516.01,6725.0,6265.0
2018-09-07,6395.54,6544.0,6320.0
2018-09-08,6185.05,6478.0,6111.0
2018-09-09,6250.81,6441.0,6141.53
2018-09-10,6312.0,6373.98,6221.0
2018-09-11,6294.91,6404.0,6169.68
2018-09-12,6338.62,6360.0,6192.37
2018-09-13,6487.38,6535.0,6337.4
2018-09-14,6476.63,6584.99,6385.62
2018-09-15,6514.96,6565.45,6466.13
2018-09-16,6505.0,6524.62,6370.0
2018-09-17,6248.69,6533.84,6201.0
2018-09-18,6336.45,6390.0,6224.98
2018-09-19,6391.89,6517.7,6123.0
2018-09-20,6492.0,6540.0,6325.0
2018-09-21,6759.02,6784.86,6491.0
2018-09-22,6723.05,6839.03,6627.0
2018-09-23,6708.0,6788.23,6661.75
2018-09-24,6581.39,6730.0,6557.0
2018-09-25,6447.54,6584.01,6325.02
2018-09-26,6465.12,6557.99,6379.7
2018-09-27,6689.13,6750.0,6434.0
2018-09-28,6634.58,6814.8,6540.88
2018-09-29,6596.38,6636.0,6464.57
2018-09-30,6626.57,6662.0,6533.0
2018-10-01,6611.61,6667.09,6510.0
2018-10-02,6525.79,6640.0,6494.0
2018-10-03,6510.0,6549.0,6430.0
2018-10-04,6593.79,6643.46,6505.09
2018-10-05,6635.65,6697.0,6543.08
2018-10-06,6594.27,6651.0,6566.77
2018-10-07,6615.26,6640.0,6525.0
2018-10-08,6673.01,6715.6,6587.0
2018-10-09,6656.61,6685.38,6607.0
2018-10-10,6631.0,6659.95,6530.0
2018-10-11,6252.68,6633.92,6205.0
2018-10-12,6298.01,6360.0,6209.0
2018-10-13,6332.93,6345.0,6285.07
2018-10-14,6339.34,6416.0,6308.0
2018-10-15,6752.5,7680.0,6300.0
2018-10-16,6759.27,6900.0,6670.0
2018-10-17,6740.89,6811.12,6676.01
2018-10-18,6618.96,6796.0,6567.0
2018-10-19,6528.88,6648.14,6523.0
2018-10-20,6588.4,6617.65,6505.55
2018-10-21,6590.11,6663.9,6580.0
2018-10-22,6581.2,6639.0,6535.27
2018-10-23,6553.51,6595.0,6515.45
2018-10-24,6565.5,6630.0,6547.53
2018-10-25,6528.09,6575.09,6502.8
2018-10-26,6538.63,6600.0,6515.01
2018-10-27,6505.6,6558.35,6463.04
2018-10-28,6489.93,6514.17,6453.0
2018-10-29,6344.5,6505.01,6315.0
2018-10-30,6330.87,6395.0,6317.01
2018-10-31,6371.93,6428.0,6245.02
2018-11-01,6410.0,6442.65,6348.66
2018-11-02,6433.98,6460.34,6388.2
2018-11-03,6387.09,6439.97,6345.0
2018-11-04,6485.85,6525.0,6359.0
2018-11-05,6468.99,6504.39,6431.02
2018-11-06,6519.11,6531.31,6445.18
2018-11-07,6578.46,6615.15,6509.0
2018-11-08,6479.84,6594.0,6468.22
2018-11-09,6419.99,6511.53,6391.01
2018-11-10,6433.05,6475.55,6411.0
2018-11-11,6449.81,6462.14,6355.0
2018-11-12,6453.07,6497.0,6421.0
2018-11-13,6457.66,6498.0,6391.15
2018-11-14,5922.41,6482.84,5656.87
2018-11-15,5753.4,5939.54,5403.42
2018-11-16,5655.94,5782.89,5549.25
2018-11-17,5628.29,5656.6,5565.43
2018-11-18,5662.0,5738.17,5617.0
2018-11-19,4910.03,5664.0,4855.0
2018-11-20,4558.86,5048.24,4326.0
2018-11-21,4661.07,4787.2,4413.85
2018-11-22,4370.0,4721.77,4335.0
2018-11-23,4420.61,4484.0,4222.94
2018-11-24,3932.44,4527.0,3824.69
2018-11-25,4085.78,4233.0,3652.66
2018-11-26,3862.2,4206.0,3701.0
2018-11-27,3875.21,3940.0,3689.12
2018-11-28,4264.85,4394.47,3874.27
2018-11-29,4295.84,4450.38,4125.65
2018-11-30,4041.32,4341.36,3943.0
2018-12-01,4190.02,4299.99,3963.01
2018-12-02,4161.01,4312.99,4103.04
2018-12-03,3884.01,4179.0,3827.0
2018-12-04,3951.64,4085.0,3781.0
2018-12-05,3769.84,3970.0,3745.0
2018-12-06,3508.75,3899.99,3500.0
2018-12-07,3403.55,3549.99,3224.6
2018-12-08,3410.93,3495.0,3222.0
2018-12-09,3545.37,3658.0,3394.04
2018-12-10,3432.88,3610.0,3370.11
2018-12-11,3380.39,3480.0,3324.32
2018-12-12,3445.0,3492.0,3350.0
2018-12-13,3302.06,3460.0,3255.5
2018-12-14,3224.17,3335.39,3177.0
2018-12-15,3211.72,3276.5,3156.26
2018-12-16,3228.67,3294.0,3186.0
2018-12-17,3509.08,3585.0,3216.0
2018-12-18,3652.98,3678.59,3424.47
2018-12-19,3662.22,3912.73,3622.55
2018-12-20,4049.62,4120.0,3635.0
2018-12-21,3838.66,4139.99,3764.0
2018-12-22,3948.91,3979.0,3785.0
2018-12-23,3929.71,4021.53,3870.0
2018-12-24,4008.01,4198.0,3924.83
2018-12-25,3745.79,4020.0,3646.41
2018-12-26,3777.74,3837.15,3656.74
2018-12-27,3567.91,3813.98,3535.0
2018-12-28,3839.26,3887.25,3540.04
2018-12-29,3695.32,3892.0,3670.0
2018-12-30,3801.91,3903.5,3657.9
2018-12-31,3702.9,3810.0,3630.33
2019-01-01,3797.14,3810.16,3642.0
2019-01-02,3858.56,3882.14,3750.45
2019-01-03,3766.78,3862.74,3730.0
2019-01-04,3792.01,3823.64,3703.57
2019-01-05,3770.96,3840.99,3751.0
2019-01-06,3987.6,4027.71,3740.0
2019-01-07,3975.45,4017.9,3921.53
2019-01-08,3955.13,4069.8,3903.0
2019-01-09,3966.65,4006.81,3930.04
2019-01-10,3585.88,3996.01,3540.0
2019-01-11,3601.31,3658.0,3465.0
2019-01-12,3583.13,3618.19,3530.0
2019-01-13,3476.81,3611.1,3441.3
2019-01-14,3626.09,3671.87,3467.02
2019-01-15,3553.06,3648.42,3516.62
2019-01-16,3591.84,3645.0,3543.51
2019-01-17,3616.21,3634.7,3530.39
2019-01-18,3594.87,3620.0,3565.75
2019-01-19,3665.3,3720.0,3594.23
2019-01-20,3539.28,3693.73,3475.0
2019-01-21,3526.9,3559.51,3475.5
2019-01-22,3570.93,3608.5,3434.85
2019-01-23,3552.82,3607.98,3514.5
2019-01-24,3569.62,3589.0,3529.22
2019-01-25,3565.29,3587.15,3522.51
2019-01-26,3565.25,3662.94,3545.0
2019-01-27,3550.84,3579.0,3486.0
2019-01-28,3434.15,3557.75,3380.27
2019-01-29,3411.04,3443.45,3349.92
2019-01-30,3458.18,3478.0,3387.1
2019-01-31,3434.1,3489.2,3418.8
2019-02-01,3462.07,3488.0,3401.2
2019-02-02,3504.77,3526.4,3440.29
2019-02-03,3458.11,3511.09,3426.0
2019-02-04,3463.22,3484.88,3433.31
2019-02-05,3471.59,3478.97,3448.43
2019-02-06,3405.37,3482.72,3380.0
2019-02-07,3398.4,3426.45,3390.0
2019-02-08,3659.04,3733.58,3373.1
2019-02-09,3665.18,3680.02,3625.13
2019-02-10,3680.06,3684.99,3609.76
2019-02-11,3631.05,3684.9,3615.53
2019-02-12,3631.46,3667.6,3582.34
2019-02-13,3609.4,3670.0,3591.75
2019-02-14,3590.56,3626.4,3568.11
2019-02-15,3602.47,3653.23,3573.45
2019-02-16,3618.41,3648.2,3597.91
2019-02-17,3667.58,3700.11,3604.4
2019-02-18,3898.6,3925.0,3655.0
2019-02-19,3907.79,3994.52,3856.0
2019-02-20,3969.74,3986.98,3870.66
2019-02-21,3937.31,4016.48,3901.03
2019-02-22,3962.0,3988.0,3926.65
2019-02-23,4117.76,4162.02,3933.15
2019-02-24,3743.56,4198.0,3712.66
2019-02-25,3827.92,3872.66,3740.0
2019-02-26,3809.23,3841.51,3777.0
2019-02-27,3818.07,3838.85,3677.17
2019-02-28,3813.69,3888.0,3763.87
2019-03-01,3823.0,3857.0,3813.01
2019-03-02,3819.93,3841.31,3772.25
2019-03-03,3807.75,3835.0,3781.32
2019-03-04,3715.3,3830.0,3670.69
2019-03-05,3857.73,3877.1,3703.55
2019-03-06,3861.84,3907.0,3813.09
2019-03-07,3873.64,3905.4,3840.4
2019-03-08,3864.89,3932.0,3800.0
2019-03-09,3943.04,3971.75,3854.75
2019-03-10,3916.82,3943.43,3881.69
2019-03-11,3871.61,3936.98,3830.0
2019-03-12,3882.73,3905.2,3826.06
2019-03-13,3866.0,3893.56,3840.0
2019-03-14,3877.12,3920.0,3810.43
2019-03-15,3923.76,3939.22,3872.2
2019-03-16,4005.98,4056.98,3921.98
2019-03-17,3981.14,4012.0,3950.01
2019-03-18,3987.81,4037.0,3953.33
2019-03-19,4015.53,4031.0,3970.0
2019-03-20,4043.04,4050.0,3980.5
2019-03-21,3980.64,4069.32,3880.01
2019-03-22,3986.93,4008.0,3968.25
2019-03-23,4006.01,4018.83,3978.01
2019-03-24,3992.18,4006.02,3950.0
2019-03-25,3936.12,3999.3,3888.71
2019-03-26,3948.55,3958.98,3894.0
2019-03-27,4038.05,4048.0,3936.15
2019-03-28,4027.81,4039.7,4002.0
2019-03-29,4103.25,4123.71,4024.03
2019-03-30,4106.97,4140.0,4052.0
2019-03-31,4103.95,4116.12,4082.57
2019-04-01,4144.56,4158.7,4067.0
2019-04-02,4857.29,4897.99,4140.54
2019-04-03,4932.6,5275.01,4753.5
2019-04-04,4898.66,5039.08,4777.0
2019-04-05,5004.95,5028.22,4880.62
2019-04-06,5043.89,5205.0,4928.59
2019-04-07,5170.27,5234.0,5026.0
2019-04-08,5236.9,5305.0,5039.0
2019-04-09,5150.0,5238.4,5076.68
2019-04-10,5308.25,5422.0,5135.0
2019-04-11,5017.37,5332.67,4927.0
2019-04-12,5048.01,5080.58,4861.22
2019-04-13,5045.22,5099.0,5004.0
2019-04-14,5131.3,5152.99,5000.0
2019-04-15,5024.95,5167.38,4950.0
2019-04-16,5173.72,5197.72,5003.94
2019-04-17,5202.82,5230.4,5146.8
2019-04-18,5258.44,5287.0,5198.8
2019-04-19,5258.68,5320.0,5175.0
2019-04-20,5291.73,5333.42,5230.1
2019-04-21,5256.14,5314.35,5165.0
2019-04-22,5357.14,5400.0,5208.35
2019-04-23,5493.31,5600.0,5332.41
2019-04-24,5415.0,5582.2,5333.35
2019-04-25,5219.9,5491.84,5102.0
2019-04-26,5314.1,5510.0,5161.62
2019-04-27,5295.69,5342.5,5257.67
2019-04-28,5307.52,5340.0,5259.48
2019-04-29,5238.14,5332.0,5178.8
2019-04-30,5320.81,5339.98,5192.15
2019-05-01,5383.2,5402.0,5316.2
2019-05-02,5492.87,5538.0,5370.0
2019-05-03,5772.69,5844.0,5477.57
2019-05-04,5829.45,5900.0,5587.45
2019-05-05,5775.62,5839.9,5696.0
2019-05-06,5747.79,5805.0,5619.14
2019-05-07,5846.34,6028.41,5747.74
2019-05-08,5987.29,6014.72,5772.2
2019-05-09,6209.18,6224.55,5983.71
2019-05-10,6373.33,6468.92,6172.0
2019-05-11,7076.22,7343.99,6372.85
2019-05-12,6967.31,7521.78,6750.0
2019-05-13,7790.71,8100.0,6870.0
2019-05-14,7947.56,8366.0,7599.56
2019-05-15,8169.87,8249.0,7850.0
2019-05-16,7866.59,8320.0,7705.0
2019-05-17,7355.26,7925.0,6913.0
2019-05-18,7257.45,7458.0,7156.61
2019-05-19,8148.48,8275.09,7243.08
2019-05-20,7938.15,8156.03,7553.0
2019-05-21,7904.87,8042.32,7771.0
2019-05-22,7628.43,8016.0,7465.0
2019-05-23,7851.51,7940.98,7461.0
2019-05-24,7964.87,8130.0,7766.0
2019-05-25,8025.41,8091.8,7908.34
2019-05-26,8614.43,8740.0,7833.42
2019-05-27,8756.32,8908.32,8589.0
2019-05-28,8715.64,8798.49,8510.63
2019-05-29,8645.68,8750.0,8406.6
2019-05-30,8269.54,9074.26,8005.0
2019-05-31,8555.0,8594.0,8108.5
2019-06-01,8544.07,8626.0,8442.36
2019-06-02,8725.98,8814.78,8524.0
2019-06-03,8115.82,8800.95,8080.8
2019-06-04,7687.03,8115.66,7481.02
2019-06-05,7776.5,7896.7,7572.78
2019-06-06,7786.7,7868.13,7444.58
2019-06-07,7980.53,8100.0,7737.49
2019-06-08,7893.62,8044.65,7751.0
2019-06-09,7628.13,7935.0,7506.66
2019-06-10,7982.75,8020.0,7511.0
2019-06-11,7884.9,8010.0,7692.23
2019-06-12,8127.64,8200.0,7788.99
2019-06-13,8218.54,8309.82,8010.03
2019-06-14,8650.0,8684.41,8144.32
2019-06-15,8808.7,8864.99,8567.63
2019-06-16,8953.33,9333.0,8760.0
2019-06-17,9313.96,9444.0,8950.0
2019-06-18,9081.55,9336.36,8950.0
2019-06-19,9255.49,9304.0,8960.0
2019-06-20,9517.12,9590.0,9175.2
2019-06-21,10159.86,10174.99,9518.06
2019-06-22,10729.5,11160.0,9921.72
2019-06-23,10906.07,11392.64,10555.18
2019-06-24,11056.59,11143.63,10620.8
2019-06-25,11820.86,11850.0,11026.0
2019-06-26,13093.8,13970.0,11741.0
2019-06-27,11329.99,13478.04,10525.1
2019-06-28,12400.63,12480.0,10982.88
2019-06-29,11903.13,12441.54,11475.02
2019-06-30,10854.1,12180.0,10766.03
2019-07-01,10624.93,11282.28,10030.0
2019-07-02,10842.85,10938.75,9727.0
2019-07-03,11940.0,11991.89,10841.04
2019-07-04,11145.67,12000.0,11055.0
2019-07-05,10970.73,11406.83,10796.44
2019-07-06,11256.49,11665.0,10964.51
2019-07-07,11406.24,11538.0,11094.37
2019-07-08,12238.6,12338.03,11220.0
2019-07-09,12543.41,12794.73,12068.0
2019-07-10,12108.37,13147.08,11569.0
2019-07-11,11342.89,12111.73,11000.0
2019-07-12,11757.22,11885.0,11073.0
2019-07-13,11355.76,11799.98,10830.0
2019-07-14,10174.18,11452.0,10103.0
2019-07-15,10838.72,11100.0,9860.0
2019-07-16,9439.59,11028.0,9350.01
2019-07-17,9667.92,9957.0,9060.0
2019-07-18,10627.16,10788.0,9252.0
2019-07-19,10504.29,10769.71,10121.84
2019-07-20,10740.23,11068.99,10350.0
2019-07-21,10589.45,10817.9,10288.0
2019-07-22,10340.31,10683.16,10100.0
2019-07-23,9864.91,10343.97,9822.0
2019-07-24,9763.28,9937.0,9525.0
2019-07-25,9879.87,10175.0,9720.03
2019-07-26,9824.0,9889.98,9637.0
2019-07-27,9476.52,10188.66,9333.0
2019-07-28,9541.54,9594.99,9165.0
2019-07-29,9507.64,9729.0,9395.0
2019-07-30,9574.21,9714.28,9402.0
2019-07-31,10080.53,10109.8,9555.0
2019-08-01,10374.99,10467.86,9863.46
2019-08-02,10523.75,10670.0,10281.35
2019-08-03,10816.86,10904.77,10497.93
2019-08-04,10929.23,11040.0,10552.0
2019-08-05,11828.8,11937.52,10927.8
2019-08-06,11481.69,12330.7,11226.7
2019-08-07,11975.03,12141.17,11382.84
2019-08-08,11999.77,12060.0,11521.0
2019-08-09,11879.99,12045.68,11700.0
2019-08-10,11309.31,11985.0,11270.0
2019-08-11,11549.97,11600.0,11112.11
2019-08-12,11396.08,11577.89,11235.32
2019-08-13,10892.71,11456.16,10788.45
2019-08-14,10050.37,10897.48,9928.1
2019-08-15,10293.93,10460.0,9911.0
2019-08-16,10331.54,10536.03,9750.0
2019-08-17,10216.02,10465.14,10000.0
2019-08-18,10306.78,10500.0,10080.0
2019-08-19,10915.54,10930.0,10258.6
2019-08-20,10760.51,10949.96,10560.0
2019-08-21,10142.57,10804.13,9858.0
2019-08-22,10099.88,10242.0,9762.0
2019-08-23,10389.55,10445.0,10019.79
2019-08-24,10134.35,10419.42,9890.0
2019-08-25,10142.69,10333.0,9906.97
2019-08-26,10372.25,10604.0,10137.93
2019-08-27,10185.05,10391.08,10051.08
2019-08-28,9721.0,10299.0,9601.01
2019-08-29,9498.44,9724.0,9320.0
2019-08-30,9584.54,9696.0,9350.41
2019-08-31,9587.47,9684.51,9420.75
2019-09-01,9724.98,9830.0,9520.0
2019-09-02,10340.0,10450.0,9712.5
2019-09-03,10615.28,10773.0,10272.0
2019-09-04,10567.02,10799.0,10369.89
2019-09-05,10564.49,10900.0,10450.0
2019-09-06,10298.73,10905.87,10150.0
2019-09-07,10455.88,10558.0,10288.57
2019-09-08,10381.18,10592.5,10208.0
2019-09-09,10303.12,10480.0,10068.5
2019-09-10,10098.15,10384.99,9953.0
2019-09-11,10158.33,10293.0,9880.0
2019-09-12,10415.01,10448.81,10040.0
2019-09-13,10342.06,10439.0,10153.0
2019-09-14,10335.02,10419.99,10222.33
2019-09-15,10302.01,10360.0,10252.15
2019-09-16,10251.31,10355.0,10078.0
2019-09-17,10187.82,10275.0,10128.01
2019-09-18,10156.99,10258.02,10100.0
2019-09-19,10244.29,10325.0,9653.0
2019-09-20,10168.59,10281.0,10061.39
2019-09-21,9986.39,10176.7,9900.0
2019-09-22,10028.87,10089.0,9853.97
2019-09-23,9702.25,10049.99,9615.77
2019-09-24,8493.14,9794.99,7800.0
2019-09-25,8430.05,8730.0,8215.64
2019-09-26,8063.73,8465.99,7750.0
2019-09-27,8177.91,8265.0,7852.15
2019-09-28,8198.81,8315.0,8001.09
2019-09-29,8043.82,8229.13,7890.0
2019-09-30,8289.34,8337.26,7710.0
2019-10-01,8292.44,8500.0,8173.05
2019-10-02,8359.94,8373.91,8151.22
2019-10-03,8223.96,8393.0,8060.0
2019-10-04,8137.13,8232.41,8005.0
2019-10-05,8126.19,8183.41,8012.98
2019-10-06,7854.25,8153.87,7785.0
2019-10-07,8190.09,8299.92,7762.0
2019-10-08,8168.39,8325.0,8088.75
2019-10-09,8560.74,8670.0,8115.0
2019-10-10,8558.03,8644.0,8414.52
2019-10-11,8258.5,8779.51,8212.38
2019-10-12,8300.09,8400.0,8250.0
2019-10-13,8275.01,8451.37,8160.0
2019-10-14,8348.2,8388.85,8203.0
2019-10-15,8159.29,8403.0,8090.0
2019-10-16,7991.74,8181.16,7917.0
2019-10-17,8070.58,8124.92,7929.03
2019-10-18,7947.01,8115.0,7816.01
2019-10-19,7948.01,8098.1,7866.92
2019-10-20,8223.35,8297.0,7870.0
2019-10-21,8197.27,8333.0,8142.03
2019-10-22,8020.0,8297.99,8000.0
2019-10-23,7466.62,8047.59,7300.0
2019-10-24,7412.41,7503.68,7337.99
2019-10-25,8655.02,8799.0,7361.0
2019-10-26,9230.0,10370.0,8470.38
2019-10-27,9529.93,9794.98,9074.34
2019-10-28,9205.14,9902.1,9160.0
2019-10-29,9407.62,9550.0,9072.0
2019-10-30,9154.72,9409.84,9001.01
2019-10-31,9140.85,9405.0,8913.0
2019-11-01,9231.61,9279.0,9030.0
2019-11-02,9289.52,9373.74,9186.21
2019-11-03,9194.71,9362.57,9066.14
2019-11-04,9393.35,9513.68,9115.84
2019-11-05,9308.66,9454.95,9175.76
2019-11-06,9339.05,9440.91,9250.01
2019-11-07,9216.2,9375.0,9101.0
2019-11-08,8773.73,9261.0,8696.0
2019-11-09,8809.41,8880.0,8724.88
2019-11-10,9039.47,9147.19,8750.0
2019-11-11,8733.27,9072.32,8618.68
2019-11-12,8821.94,8888.0,8567.6
2019-11-13,8777.12,8844.99,8702.0
2019-11-14,8646.68,8800.0,8582.6
2019-11-15,8471.73,8790.0,8400.0
2019-11-16,8491.02,8543.0,8400.0
2019-11-17,8502.4,8635.0,8350.68
2019-11-18,8187.17,8503.52,8060.0
2019-11-19,8133.64,8218.63,8003.0
2019-11-20,8098.01,8264.29,8038.4
2019-11-21,7627.74,8134.73,7500.0
2019-11-22,7268.23,7750.0,6790.0
2019-11-23,7311.57,7344.48,7080.01
2019-11-24,6903.28,7330.39,6861.0
2019-11-25,7109.57,7377.69,6515.0
2019-11-26,7156.14,7340.0,7017.48
2019-11-27,7508.52,7655.0,6840.0
2019-11-28,7419.49,7643.0,7360.0
2019-11-29,7739.68,7850.0,7362.3
2019-11-30,7541.89,7810.0,7441.0
2019-12-01,7390.89,7541.85,7210.0
2019-12-02,7294.28,7420.56,7151.1
2019-12-03,7292.71,7400.0,7241.35
2019-12-04,7194.32,7750.0,7067.0
2019-12-05,7389.0,7485.0,7150.0
2019-12-06,7527.47,7590.03,7305.0
2019-12-07,7488.21,7619.62,7470.16
2019-12-08,7510.11,7564.0,7374.86
2019-12-09,7338.64,7650.0,7273.0
2019-12-10,7224.13,7407.6,7157.1
2019-12-11,7210.0,7275.5,7125.66
2019-12-12,7198.08,7295.0,7080.3
2019-12-13,7258.48,7309.05,7190.76
2019-12-14,7064.05,7271.77,7012.0
2019-12-15,7118.59,7200.3,7008.35
2019-12-16,6891.72,7150.0,6836.0
2019-12-17,6623.82,6942.21,6560.0
2019-12-18,7277.83,7440.0,6435.0
2019-12-19,7150.3,7380.0,7038.31
2019-12-20,7187.83,7220.0,7079.5
2019-12-21,7132.75,7190.58,7105.0
2019-12-22,7501.44,7518.54,7122.47
2019-12-23,7317.09,7695.38,7265.84
2019-12-24,7255.77,7436.68,7157.04
2019-12-25,7204.63,7271.77,7128.86
2019-12-26,7202.0,7435.0,7157.12
2019-12-27,7254.74,7275.86,7076.42
2019-12-28,7316.14,7365.01,7238.67
2019-12-29,7388.24,7528.45,7288.0
2019-12-30,7246.0,7408.24,7220.0
2019-12-31,7195.23,7320.0,7145.01
2020-01-01,7200.85,7255.0,7175.15
2020-01-02,6965.71,7212.5,6924.74
2020-01-03,7344.96,7405.0,6871.04
2020-01-04,7354.11,7404.0,7272.21
2020-01-05,7358.75,7495.0,7318.0
2020-01-06,7758.0,7795.34,7346.76
2020-01-07,8145.28,8207.68,7723.71
2020-01-08,8055.98,8455.0,7870.0
2020-01-09,7817.76,8055.96,7750.0
2020-01-10,8197.02,8199.0,7672.0
2020-01-11,8020.01,8286.34,8003.16
2020-01-12,8184.98,8197.0,7960.0
2020-01-13,8110.34,8196.0,8055.89
2020-01-14,8810.01,8880.0,8105.54
2020-01-15,8821.41,8916.48,8564.0
2020-01-16,8720.01,8859.81,8586.0
2020-01-17,8913.28,9041.65,8672.44
2020-01-18,8915.96,8988.88,8806.38
2020-01-19,8701.7,9198.98,8466.0
2020-01-20,8642.35,8746.99,8521.28
2020-01-21,8736.03,8789.0,8488.0
2020-01-22,8682.36,8818.0,8590.0
2020-01-23,8404.52,8691.81,8306.39
2020-01-24,8439.0,8528.02,8238.0
2020-01-25,8340.58,8451.26,8254.9
2020-01-26,8615.0,8618.13,8293.66
2020-01-27,8907.57,9000.0,8535.0
2020-01-28,9374.21,9400.0,8862.4
2020-01-29,9301.53,9449.24,9216.0
2020-01-30,9513.21,9578.0,9204.44
2020-01-31,9352.89,9530.22,9210.01
2020-02-01,9384.61,9464.53,9281.0
2020-02-02,9331.51,9477.03,9120.0
2020-02-03,9292.24,9618.79,9234.0
2020-02-04,9197.02,9350.0,9093.01
2020-02-05,9612.04,9744.45,9177.22
2020-02-06,9772.0,9862.57,9526.35
2020-02-07,9813.73,9885.0,9730.0
2020-02-08,9895.05,9940.0,9667.11
2020-02-09,10151.75,10166.0,9880.75
2020-02-10,9851.83,10188.0,9756.0
2020-02-11,10223.08,10323.59,9700.0
2020-02-12,10326.46,10450.0,10223.08
2020-02-13,10229.63,10500.0,10080.0
2020-02-14,10344.36,10381.56,10111.37
2020-02-15,9904.72,10375.0,9801.0
2020-02-16,9917.27,10050.0,9638.12
2020-02-17,9706.0,9964.16,9452.67
2020-02-18,10164.71,10250.0,9576.01
2020-02-19,9593.79,10250.0,9350.0
2020-02-20,9596.42,9699.0,9400.0
2020-02-21,9677.05,9755.51,9550.21
2020-02-22,9650.86,9709.17,9560.02
2020-02-23,9936.4,9990.0,9645.0
2020-02-24,9656.13,9990.0,9473.56
2020-02-25,9315.84,9675.0,9250.0
2020-02-26,8785.25,9377.44,8633.63
2020-02-27,8823.21,8971.77,8531.0
2020-02-28,8692.91,8900.0,8445.0
2020-02-29,8523.61,8790.0,8523.55
2020-03-01,8531.88,8750.0,8411.0
2020-03-02,8915.24,8965.75,8498.0
2020-03-03,8760.07,8919.65,8651.0
2020-03-04,8750.87,8848.29,8660.0
2020-03-05,9054.68,9159.42,8746.54
2020-03-06,9131.88,9170.0,8985.5
2020-03-07,8886.66,9188.0,8835.0
2020-03-08,8033.31,8886.76,8000.0
2020-03-09,7929.87,8179.31,7632.01
2020-03-10,7894.56,8149.0,7728.01
2020-03-11,7934.52,7980.0,7590.0
2020-03-12,4800.0,7966.17,4410.0
2020-03-13,5578.6,5955.0,3782.13
2020-03-14,5172.06,5640.52,5055.13
2020-03-15,5361.3,5940.0,5093.1
2020-03-16,5028.97,5365.42,4442.12
2020-03-17,5312.64,5525.0,4921.45
2020-03-18,5393.04,5436.17,5009.37
2020-03-19,6162.37,6400.0,5252.53
2020-03-20,6208.36,6900.0,5670.0
2020-03-21,6186.98,6456.98,5860.02
2020-03-22,5816.19,6407.87,5734.01
2020-03-23,6467.31,6600.0,5688.0
2020-03-24,6744.72,6833.0,6371.33
2020-03-25,6677.43,6957.96,6450.0
2020-03-26,6737.36,6780.0,6510.0
2020-03-27,6359.11,6842.59,6261.0
2020-03-28,6236.65,6360.0,6024.0
2020-03-29,5881.42,6266.0,5866.56
2020-03-30,6394.38,6599.0,5857.76
2020-03-31,6410.44,6523.23,6321.4
2020-04-01,6642.92,6679.94,6150.11
2020-04-02,6794.09,7198.0,6551.0
2020-04-03,6734.1,7048.0,6602.1
2020-04-04,6856.99,6990.41,6650.01
2020-04-05,6772.78,6895.54,6677.52
2020-04-06,7329.9,7355.14,6765.0
2020-04-07,7197.32,7459.69,7077.0
2020-04-08,7361.28,7420.0,7150.0
2020-04-09,7283.54,7371.92,7108.08
2020-04-10,6858.92,7295.75,6739.98
2020-04-11,6876.83,6944.3,6760.0
2020-04-12,6903.79,7177.0,6780.0
2020-04-13,6837.91,6903.79,6575.0
2020-04-14,6868.7,6978.0,6754.28
2020-04-15,6621.24,6933.0,6605.0
2020-04-16,7101.94,7190.0,6468.27
2020-04-17,7027.55,7148.12,6972.98
2020-04-18,7248.6,7293.08,7014.4
2020-04-19,7120.74,7266.15,7055.6
2020-04-20,6826.83,7220.0,6751.0
2020-04-21,6841.37,6940.0,6762.0
2020-04-22,7125.14,7156.38,6818.0
2020-04-23,7482.39,7738.0,7020.0
2020-04-24,7505.0,7615.96,7388.0
2020-04-25,7538.67,7705.0,7431.07
2020-04-26,7693.1,7700.0,7480.0
2020-04-27,7774.62,7792.02,7606.0
2020-04-28,7738.98,7780.0,7659.12
2020-04-29,8778.57,8952.89,7710.05
2020-04-30,8620.0,9460.0,8401.0
2020-05-01,8826.96,9059.18,8613.56
2020-05-02,8972.05,9010.0,8753.0
2020-05-03,8894.16,9200.0,8712.0
2020-05-04,8871.96,8950.0,8522.0
2020-05-05,9021.83,9118.58,8760.0
2020-05-06,9142.92,9395.0,8906.21
2020-05-07,9986.4,10067.0,9021.0
2020-05-08,9800.01,10035.96,9705.0
2020-05-09,9539.4,9914.25,9520.0
2020-05-10,8722.77,9574.83,8117.0
2020-05-11,8561.52,9168.0,8200.0
2020-05-12,8810.79,8978.26,8528.78
2020-05-13,9309.37,9398.0,8792.99
2020-05-14,9791.98,9939.0,9256.76
2020-05-15,9316.42,9845.62,9150.0
2020-05-16,9381.27,9588.0,9220.0
2020-05-17,9680.04,9888.0,9322.1
2020-05-18,9733.93,9950.0,9464.23
2020-05-19,9775.53,9897.21,9474.0
2020-05-20,9511.43,9842.0,9326.0
2020-05-21,9068.65,9578.47,8815.0
2020-05-22,9170.0,9271.0,8933.52
2020-05-23,9179.15,9307.85,9070.0
2020-05-24,8720.34,9298.0,8700.0
2020-05-25,8900.35,8979.66,8642.72
2020-05-26,8841.18,9017.67,8700.0
2020-05-27,9204.07,9225.0,8811.73
2020-05-28,9575.89,9625.47,9110.0
2020-05-29,9427.07,9605.26,9330.0
2020-05-30,9697.72,9740.0,9331.23
2020-05-31,9448.27,9700.0,9381.41
2020-06-01,10200.77,10380.0,9421.67
2020-06-02,9518.04,10228.99,9266.0
2020-06-03,9666.24,9690.0,9365.21
2020-06-04,9789.06,9881.63,9450.0
2020-06-05,9621.16,9854.75,9581.0
2020-06-06,9666.3,9735.0,9531.05
2020-06-07,9746.99,9802.0,9372.46
2020-06-08,9782.01,9800.0,9633.0
2020-06-09,9772.43,9877.0,9570.0
2020-06-10,9885.0,9992.72,9704.18
2020-06-11,9280.4,9964.0,9113.0
2020-06-12,9465.13,9557.12,9232.51
2020-06-13,9473.34,9494.73,9351.0
2020-06-14,9342.1,9480.99,9245.0
2020-06-15,9426.02,9495.0,8910.45
2020-06-16,9525.59,9589.0,9373.09
2020-06-17,9465.14,9565.0,9236.61
2020-06-18,9386.32,9489.0,9280.0
2020-06-19,9310.23,9438.3,9215.79
2020-06-20,9358.95,9395.0,9170.95
2020-06-21,9294.69,9422.0,9281.54
2020-06-22,9685.69,9780.0,9277.09
2020-06-23,9624.89,9720.0,9577.03
2020-06-24,9296.49,9670.0,9208.0
2020-06-25,9249.49,9340.0,9009.69
2020-06-26,9162.21,9298.0,9045.45
2020-06-27,9012.0,9196.24,8833.0
2020-06-28,9116.35,9191.0,8948.06
2020-06-29,9192.56,9238.0,9024.67
2020-06-30,9138.55,9205.0,9064.89
2020-07-01,9232.0,9292.0,9080.1
2020-07-02,9086.54,9261.96,8940.0
2020-07-03,9058.26,9125.0,9037.47
2020-07-04,9135.46,9190.0,9040.04
2020-07-05,9069.41,9145.24,8893.03
2020-07-06,9344.2,9375.0,9055.92
2020-07-07,9257.39,9379.42,9203.0
2020-07-08,9436.06,9470.0,9231.0
2020-07-09,9232.43,9440.79,9160.0
2020-07-10,9288.34,9317.48,9125.0
2020-07-11,9234.03,9299.28,9178.25
2020-07-12,9302.75,9345.0,9157.5
2020-07-13,9242.62,9343.82,9200.89
2020-07-14,9255.85,9279.54,9113.0
2020-07-15,9197.6,9276.49,9160.57
2020-07-16,9133.72,9226.15,9047.25
2020-07-17,9154.32,9186.83,9089.81
2020-07-18,9170.28,9219.3,9121.1
2020-07-19,9208.99,9232.27,9101.35
2020-07-20,9160.78,9221.52,9131.0
2020-07-21,9390.0,9437.73,9152.8
2020-07-22,9518.16,9544.0,9261.0
2020-07-23,9603.27,9664.0,9440.33
2020-07-24,9537.8,9637.0,9463.44
2020-07-25,9700.42,9732.9,9513.0
2020-07-26,9931.54,10111.0,9650.0
2020-07-27,11029.96,11394.86,9917.21
2020-07-28,10906.27,11242.23,10565.0
2020-07-29,11100.53,11342.82,10812.0
2020-07-30,11099.61,11170.0,10831.0
2020-07-31,11335.46,11444.0,10960.0
2020-08-01,11801.17,11861.0,11220.0
2020-08-02,11071.35,12123.46,10518.5
2020-08-03,11219.81,11473.0,10936.0
2020-08-04,11191.97,11414.98,11000.0
2020-08-05,11744.91,11780.93,11093.0
2020-08-06,11762.46,11900.0,11562.5
2020-08-07,11594.23,11909.94,11322.0
2020-08-08,11761.41,11808.27,11512.0
2020-08-09,11681.68,11797.11,11521.97
2020-08-10,11892.92,12067.35,11450.0
2020-08-11,11392.08,11935.0,11125.0
2020-08-12,11564.33,11617.52,11150.0
2020-08-13,11780.0,11792.96,11270.36
2020-08-14,11760.54,11850.0,11634.03
2020-08-15,11852.4,11980.0,11680.0
2020-08-16,11911.0,11931.72,11686.0
2020-08-17,12281.13,12468.0,11769.78
2020-08-18,11945.01,12387.77,11817.93
2020-08-19,11754.59,12020.08,11561.0
2020-08-20,11853.55,11888.0,11668.0
2020-08-21,11531.34,11878.0,11485.81
2020-08-22,11662.96,11686.0,11376.81
2020-08-23,11648.13,11718.07,11514.13
2020-08-24,11748.2,11824.9,11585.09
2020-08-25,11318.42,11767.85,11117.64
2020-08-26,11461.43,11539.32,11244.0
2020-08-27,11330.38,11592.2,11125.0
2020-08-28,11526.91,11542.65,11276.89
2020-08-29,11465.84,11580.02,11417.04
2020-08-30,11711.16,11719.0,11458.0
2020-08-31,11649.51,11800.77,11570.0
2020-09-01,11921.97,12050.85,11515.0
2020-09-02,11388.54,11954.57,11160.1
2020-09-03,10140.85,11462.6,9960.8
2020-09-04,10446.25,10627.05,9875.5
2020-09-05,10166.69,10565.68,9825.0
2020-09-06,10256.2,10347.14,9994.86
2020-09-07,10373.44,10410.75,9875.0
2020-09-08,10126.65,10438.0,9850.0
2020-09-09,10219.2,10343.0,9981.01
2020-09-10,10336.87,10483.35,10070.83
2020-09-11,10387.89,10397.6,10200.0
2020-09-12,10440.92,10477.97,10269.25
2020-09-13,10332.83,10580.11,10200.0
2020-09-14,10671.77,10750.0,10212.34
2020-09-15,10785.31,10930.04,10606.48
2020-09-16,10954.01,11093.0,10661.22
2020-09-17,10939.99,11045.46,10745.83
2020-09-18,10933.39,11038.03,10812.84
2020-09-19,11080.65,11179.79,10887.37
2020-09-20,10920.28,11080.64,10723.0
2020-09-21,10417.22,10988.86,10296.35
2020-09-22,10529.61,10572.71,10353.0
2020-09-23,10241.46,10537.15,10136.82
2020-09-24,10736.32,10795.24,10190.93
2020-09-25,10686.67,10760.53,10556.24
2020-09-26,10728.6,10820.94,10644.68
2020-09-27,10774.25,10799.0,10594.82
2020-09-28,10696.12,10950.0,10626.0
2020-09-29,10840.48,10867.54,10635.87
2020-09-30,10776.59,10849.34,10665.13
2020-10-01,10619.13,10920.0,10437.0
2020-10-02,10570.4,10664.64,10374.0
2020-10-03,10542.06,10603.56,10496.46
2020-10-04,10666.63,10696.87,10517.87
2020-10-05,10792.21,10798.0,10615.64
2020-10-06,10599.66,10800.0,10525.0
2020-10-07,10666.39,10681.87,10546.17
2020-10-08,10925.57,10950.0,10530.41
2020-10-09,11050.64,11104.64,10829.0
2020-10-10,11293.22,11491.0,11050.51
2020-10-11,11369.02,11445.0,11221.0
2020-10-12,11528.25,11720.01,11172.0
2020-10-13,11420.56,11557.0,11300.0
2020-10-14,11417.89,11547.98,11280.0
2020-10-15,11505.12,11617.34,11250.83
2020-10-16,11319.32,11541.15,11200.0
2020-10-17,11360.2,11402.42,11255.0
2020-10-18,11503.14,11505.0,11346.22
2020-10-19,11751.47,11823.99,11407.96
2020-10-20,11909.99,12038.38,11677.59
2020-10-21,12780.96,13217.68,11886.95
2020-10-22,12968.52,13185.0,12678.08
2020-10-23,12923.07,13027.69,12720.08
2020-10-24,13111.73,13166.73,12870.0
2020-10-25,13028.83,13350.0,12888.0
2020-10-26,13052.19,13238.81,12765.0
2020-10-27,13636.17,13789.29,13019.87
2020-10-28,13266.4,13859.48,12888.0
2020-10-29,13455.7,13642.91,12920.77
2020-10-30,13560.1,13669.98,13115.0
2020-10-31,13791.0,14100.0,13411.5
2020-11-01,13761.5,13895.0,13603.0
2020-11-02,13549.37,13830.0,13195.05
2020-11-03,14023.53,14066.11,13284.99
2020-11-04,14144.01,14259.0,13525.0
2020-11-05,15590.02,15750.0,14093.56
2020-11-06,15579.92,15960.0,15166.0
2020-11-07,14818.3,15753.52,14344.22
2020-11-08,15475.1,15650.0,14703.88
2020-11-09,15328.41,15840.0,14805.54
2020-11-10,15297.21,15460.0,15072.46
2020-11-11,15684.24,15965.0,15272.68
2020-11-12,16291.86,16340.7,15440.64
2020-11-13,16320.7,16480.0,15952.35
2020-11-14,16070.45,16326.99,15670.0
2020-11-15,15957.0,16180.0,15774.72
2020-11-16,16713.57,16880.0,15864.0
2020-11-17,17659.38,17858.82,16538.0
2020-11-18,17776.12,18476.93,17214.45
2020-11-19,17802.82,18179.8,17335.65
2020-11-20,18655.67,18815.22,17740.04
2020-11-21,18703.8,18965.9,18308.58
2020-11-22,18414.43,18750.0,17610.86
2020-11-23,18368.0,18766.0,18000.0
2020-11-24,19160.01,19418.97,18018.0
2020-11-25,18719.11,19484.21,18500.27
2020-11-26,17149.47,18915.03,16188.0
2020-11-27,17139.52,17457.62,16438.08
2020-11-28,17719.85,17880.49,16865.56
2020-11-29,18184.99,18360.05,17517.0
2020-11-30,19695.87,19863.16,18184.99
2020-12-01,18764.96,19888.0,18001.12
2020-12-02,19204.09,19342.0,18330.0
2020-12-03,19421.9,19598.0,18867.2
2020-12-04,18650.52,19527.0,18565.31
2020-12-05,19147.66,19177.0,18500.0
2020-12-06,19359.4,19420.0,18857.0
2020-12-07,19166.9,19420.91,18902.88
2020-12-08,18324.11,19294.84,18200.0
2020-12-09,18541.28,18639.57,17650.0
2020-12-10,18254.63,18557.32,17911.12
2020-12-11,18036.53,18292.73,17572.33
2020-12-12,18808.69,18948.66,18020.7
2020-12-13,19174.99,19411.0,18711.12
2020-12-14,19273.14,19349.0,19000.0
2020-12-15,19426.43,19570.0,19050.0
2020-12-16,21335.52,21560.0,19278.6
2020-12-17,22797.16,23800.0,21230.0
2020-12-18,23107.39,23285.18,22350.0
2020-12-19,23821.61,24171.47,22750.0
2020-12-20,23455.52,24295.0,23060.0
2020-12-21,22719.71,24102.77,21815.0
2020-12-22,23810.79,23837.1,22353.4
2020-12-23,23232.76,24100.0,22600.0
2020-12-24,23729.2,23794.43,22703.42
2020-12-25,24712.47,24789.86,23433.6
2020-12-26,26493.39,26867.03,24500.0
2020-12-27,26281.66,28422.0,25700.0
2020-12-28,27079.41,27500.0,26101.0
2020-12-29,27385.0,27410.0,25880.0
2020-12-30,28875.54,28996.0,27320.0
2020-12-31,28923.63,29300.0,27850.0
2021-01-01,29331.69,29600.0,28624.57
2021-01-02,32178.33,33300.0,28946.53
2021-01-03,33000.05,34778.11,31962.99
2021-01-04,31988.71,33600.0,28130.0
2021-01-05,33949.53,34360.0,29900.0
2021-01-06,36769.36,36939.21,33288.0
2021-01-07,39432.28,40365.0,36300.0
2021-01-08,40582.81,41950.0,36500.0
2021-01-09,40088.22,41380.0,38720.0
2021-01-10,38150.02,41350.0,35111.11
2021-01-11,35404.47,38264.74,30420.0
2021-01-12,34051.24,36628.0,32531.0
2021-01-13,37371.38,37850.0,32380.0
2021-01-14,39144.5,40100.0,36701.23
2021-01-15,36742.22,39747.76,34408.0
2021-01-16,35994.98,37950.0,35357.8
2021-01-17,35828.61,36852.5,33850.0
2021-01-18,36631.27,37469.83,34800.0
2021-01-19,35891.49,37850.0,35844.06
2021-01-20,35468.23,36415.31,33400.0
2021-01-21,30850.13,35600.0,30071.0
2021-01-22,32945.17,33826.53,28850.0
2021-01-23,32078.0,33456.0,31390.16
2021-01-24,32259.9,33071.0,30900.0
2021-01-25,32254.2,34875.0,31910.0
2021-01-26,32467.77,32921.88,30837.37
2021-01-27,30366.15,32557.29,29241.72
2021-01-28,33364.86,33783.98,29842.1
2021-01-29,34252.2,38531.9,31915.4
2021-01-30,34262.88,34933.0,32825.0
2021-01-31,33092.98,34342.69,32171.67
2021-02-01,33526.37,34717.27,32296.16
2021-02-02,35466.24,35984.33,33418.0
2021-02-03,37618.87,37662.63,35362.38
2021-02-04,36936.66,38708.27,36161.95
2021-02-05,38290.24,38310.12,36570.0
2021-02-06,39186.94,40955.51,38215.94
2021-02-07,38795.69,39700.0,37351.0
2021-02-08,46374.87,46794.45,37988.89
2021-02-09,46420.42,48142.19,44961.09
2021-02-10,44807.58,47310.0,43727.0
2021-02-11,47969.51,48678.9,43994.02
2021-02-12,47287.6,48985.8,46125.0
2021-02-13,47153.69,48150.0,46202.53
2021-02-14,48577.79,49707.43,47014.17
2021-02-15,47911.1,49010.92,45570.79
2021-02-16,49133.45,50689.18,47003.62
2021-02-17,52119.71,52618.74,48947.0
2021-02-18,51552.6,52530.0,50901.9
2021-02-19,55906.0,56368.0,50710.2
2021-02-20,55841.19,57700.46,53863.93
2021-02-21,57408.57,58352.8,55477.59
2021-02-22,54087.67,57508.47,47622.0
2021-02-23,48891.0,54183.59,44892.56
2021-02-24,49676.2,51374.99,46988.69
2021-02-25,47073.73,52041.73,46674.34
2021-02-26,46276.87,48424.11,44106.78
2021-02-27,46106.43,48394.0,45000.0
2021-02-28,45135.66,46638.46,43000.0
2021-03-01,49587.03,49790.0,44950.53
2021-03-02,48440.65,50200.0,47047.6
2021-03-03,50349.37,52640.0,48100.71
2021-03-04,48374.09,51773.88,47500.0
2021-03-05,48751.71,49448.93,46300.0
2021-03-06,48882.2,49200.0,47070.0
2021-03-07,50971.75,51450.03,48882.2
2021-03-08,52375.17,52402.78,49274.67
2021-03-09,54884.5,54895.0,51789.41
2021-03-10,55851.59,57387.69,53005.0
2021-03-11,57773.16,58150.0,54272.82
2021-03-12,57221.72,58081.51,54962.84
2021-03-13,61188.39,61844.0,56078.23
2021-03-14,58968.31,61724.79,58966.78
2021-03-15,55605.2,60633.43,54600.0
2021-03-16,56900.75,56938.29,53271.34
2021-03-17,58912.97,58974.73,54123.69
2021-03-18,57648.16,60129.97,57023.0
2021-03-19,58030.01,59468.0,56270.74
2021-03-20,58102.28,59880.0,57820.17
2021-03-21,57351.56,58589.1,55450.11
2021-03-22,54083.25,58430.73,53650.0
2021-03-23,54340.89,55830.9,53000.0
2021-03-24,52303.65,57200.0,51700.0
2021-03-25,51293.78,53287.0,50427.56
2021-03-26,55025.59,55073.46,51214.6
2021-03-27,55817.14,56700.36,53950.0
2021-03-28,55777.63,56559.75,54691.84
2021-03-29,57635.47,58405.82,54800.01
2021-03-30,58746.57,59368.0,57071.35
2021-03-31,58740.55,59800.0,56769.0
2021-04-01,58720.44,59490.0,57935.45
2021-04-02,58950.01,60200.0,58428.57
2021-04-03,57051.94,59791.72,56880.0
2021-04-04,58202.01,58492.85,56388.0
2021-04-05,59129.99,59272.0,56777.77
2021-04-06,57991.15,59495.24,57413.02
2021-04-07,55953.45,58655.0,55473.0
2021-04-08,58077.52,58153.31,55700.0
2021-04-09,58142.54,58894.9,57654.0
2021-04-10,59769.13,61500.0,57900.01
2021-04-11,60002.43,60699.0,59232.52
2021-04-12,59860.0,61300.0,59350.59
2021-04-13,63575.0,63777.77,59805.15
2021-04-14,62959.53,64854.0,61301.0
2021-04-15,63159.98,63800.0,62020.0
2021-04-16,61334.8,63520.61,60000.0
2021-04-17,60006.66,62506.05,59580.91
2021-04-18,56150.01,60499.0,50931.3
2021-04-19,55633.14,57526.81,54221.58
2021-04-20,56425.0,57076.24,53329.96
2021-04-21,53787.63,56757.91,53536.02
2021-04-22,51690.96,55521.48,50500.0
2021-04-23,51125.14,52131.85,47500.0
2021-04-24,50047.84,51166.22,48657.14
2021-04-25,49066.77,50567.91,46930.0
2021-04-26,54001.39,54356.62,48753.44
2021-04-27,55011.97,55460.0,53222.0
2021-04-28,54846.22,56428.0,53813.16
2021-04-29,53555.0,55195.84,52330.94
2021-04-30,57694.27,57963.0,53013.01
2021-05-01,57800.37,58458.07,56956.14
2021-05-02,56578.21,57911.02,56035.25
2021-05-03,57169.39,58981.44,56435.0
2021-05-04,53200.01,57200.0,53046.69
2021-05-05,57436.11,58069.82,52900.0
2021-05-06,56393.68,58360.0,55200.0
2021-05-07,57314.75,58650.0,55241.63
2021-05-08,58862.05,59500.0,56900.0
2021-05-09,58240.84,59300.0,56235.66
2021-05-10,55816.14,59500.0,53400.0
2021-05-11,56670.02,56862.43,54370.0
2021-05-12,49631.32,58000.01,48600.0
2021-05-13,49670.97,51367.19,46000.0
2021-05-14,49841.45,51483.0,48799.75
2021-05-15,46762.99,50700.0,46555.0
2021-05-16,46431.5,49795.89,43825.39
2021-05-17,43538.04,46686.0,42001.0
2021-05-18,42849.78,45799.29,42250.02
2021-05-19,36690.09,43584.9,30000.0
2021-05-20,40526.64,42451.67,34850.0
2021-05-21,37252.01,42200.0,33488.0
2021-05-22,37449.73,38829.0,35200.62
2021-05-23,34655.25,38270.64,31111.01
2021-05-24,38796.29,39920.0,34031.0
2021-05-25,38324.72,39791.77,36419.62
2021-05-26,39241.91,40841.0,37800.44
2021-05-27,38529.98,40411.14,37134.27
2021-05-28,35663.49,38877.83,34684.0
2021-05-29,34605.15,37338.58,33632.76
2021-05-30,35641.27,36488.0,33379.0
2021-05-31,37253.81,37499.0,34153.84
2021-06-01,36693.09,37894.81,35666.0
2021-06-02,37568.68,38225.0,35920.0
2021-06-03,39246.79,39476.0,37170.0
2021-06-04,36829.0,39289.07,35555.15
2021-06-05,35513.2,37925.0,34800.0
2021-06-06,35796.31,36480.0,35222.0
2021-06-07,33552.79,36900.0,33300.0
2021-06-08,33380.81,34068.01,31000.0
2021-06-09,37388.05,37534.79,32396.82
2021-06-10,36675.72,38491.0,35782.0
2021-06-11,37331.98,37680.4,35936.77
2021-06-12,35546.11,37463.63,34600.36
2021-06-13,39020.57,39380.0,34757.0
2021-06-14,40516.29,41064.05,38730.0
2021-06-15,40144.04,41330.0,39506.4
2021-06-16,38349.01,40527.14,38116.01
2021-06-17,38092.97,39559.88,37365.0
2021-06-18,35819.84,38202.84,35129.29
2021-06-19,35483.72,36457.0,34803.52
2021-06-20,35600.16,36137.72,33336.0
2021-06-21,31608.93,35750.0,31251.23
2021-06-22,32509.56,33298.78,28805.0
2021-06-23,33678.07,34881.0,31683.0
2021-06-24,34663.09,35298.0,32286.57
2021-06-25,31584.45,35500.0,31275.0
2021-06-26,32283.65,32730.0,30151.0
2021-06-27,34700.34,34749.0,31973.45
2021-06-28,34494.89,35297.71,33862.72
2021-06-29,35911.73,36600.0,34225.43
2021-06-30,35045.0,36100.0,34017.55
2021-07-01,33504.69,35057.57,32711.0
2021-07-02,33786.55,33977.04,32699.0
2021-07-03,34669.13,34945.61,33316.73
2021-07-04,35286.51,35967.85,34357.15
2021-07-05,33690.14,35293.78,33125.55
2021-07-06,34220.01,35118.88,33532.0
2021-07-07,33862.12,35059.09,33777.77
2021-07-08,32875.71,33929.64,32077.0
2021-07-09,33815.81,34100.0,32261.07
2021-07-10,33502.87,34262.0,33004.78
2021-07-11,34258.99,34666.0,33306.47
2021-07-12,33086.63,34678.43,32658.34
2021-07-13,32729.77,33340.0,32202.25
2021-07-14,32820.02,33114.03,31550.0
2021-07-15,31880.0,33185.25,31133.0
2021-07-16,31383.87,32249.18,31020.0
2021-07-17,31520.07,31955.92,31164.31
2021-07-18,31778.56,32435.0,31108.97
2021-07-19,30839.65,31899.0,30407.44
2021-07-20,29790.35,31063.07,29278.0
2021-07-21,32144.51,32858.0,29482.61
2021-07-22,32287.83,32591.35,31708.0
2021-07-23,33634.09,33650.0,31924.32
2021-07-24,34258.14,34500.0,33401.14
2021-07-25,35381.02,35398.0,33851.12
2021-07-26,37237.6,40550.0,35205.78
2021-07-27,39457.87,39542.61,36383.0
2021-07-28,40019.56,40900.0,38772.0
2021-07-29,40016.48,40640.0,39200.0
2021-07-30,42206.37,42316.71,38313.23
2021-07-31,41461.83,42448.0,41000.15
2021-08-01,39845.44,42599.0,39422.01
2021-08-02,39147.82,40480.01,38690.0
2021-08-03,38207.05,39780.0,37642.03
2021-08-04,39723.18,39969.66,37508.56
2021-08-05,40862.46,41350.0,37332.7
2021-08-06,42836.87,43392.43,39853.86
2021-08-07,44572.54,44700.0,42446.41
2021-08-08,43794.37,45310.0,43261.0
2021-08-09,46253.4,46454.15,42779.0
2021-08-10,45584.99,46700.0,44589.46
2021-08-11,45511.0,46743.47,45341.14
2021-08-12,44399.0,46218.12,43770.0
2021-08-13,47800.0,47886.0,44217.39
2021-08-14,47068.51,48144.0,45971.03
2021-08-15,46973.82,47372.27,45500.0
2021-08-16,45901.29,48053.83,45660.0
2021-08-17,44695.95,47160.0,44376.0
2021-08-18,44705.29,46000.0,44203.28
2021-08-19,46760.62,47033.0,43927.7
2021-08-20,49322.47,49382.99,46622.99
2021-08-21,48821.87,49757.04,48222.0
2021-08-22,49239.22,49500.0,48050.0
2021-08-23,49488.85,50500.0,49029.0
2021-08-24,47674.01,49860.0,47600.0
2021-08-25,48973.32,49264.3,47126.28
2021-08-26,46843.87,49352.84,46250.0
2021-08-27,49069.9,49149.93,46348.0
2021-08-28,48895.35,49299.0,48346.88
2021-08-29,48767.83,49632.27,47762.54
2021-08-30,46982.91,48888.61,46853.0
2021-08-31,47100.89,48246.11,46700.0
2021-09-01,48810.52,49156.0,46512.0
2021-09-02,49246.64,50450.13,48584.06
2021-09-03,49999.14,51000.0,48316.84
2021-09-04,49915.64,50535.69,49370.0
2021-09-05,51756.88,51900.0,49450.0
2021-09-06,52663.9,52780.0,50969.33
2021-09-07,46863.73,52920.0,42843.05
2021-09-08,46048.31,47340.99,44412.02
2021-09-09,46395.14,47399.97,45513.08
2021-09-10,44850.91,47033.0,44132.29
2021-09-11,45173.69,45987.93,44722.22
2021-09-12,46025.24,46460.0,44742.06
2021-09-13,44940.73,46880.0,43370.0
2021-09-14,47111.52,47250.0,44594.44
2021-09-15,48121.41,48500.0,46682.32
2021-09-16,47737.82,48557.0,47021.1
2021-09-17,47299.98,48150.0,46699.56
2021-09-18,48292.74,48843.2,47035.56
2021-09-19,47241.75,48372.83,46829.18
2021-09-20,43015.62,47347.25,42500.0
2021-09-21,40734.38,43639.0,39600.0
2021-09-22,43543.61,44000.55,40565.39
2021-09-23,44865.26,44978.0,43069.09
2021-09-24,42810.57,45200.0,40675.0
2021-09-25,42670.64,42966.84,41646.28
2021-09-26,43160.9,43950.0,40750.0
2021-09-27,42147.35,44350.0,42098.0
2021-09-28,41026.54,42787.38,40888.0
2021-09-29,41524.28,42590.0,40753.88
2021-09-30,43824.1,44141.37,41410.17
2021-10-01,48141.61,48495.0,43283.03
2021-10-02,47634.9,48336.59,47430.18
2021-10-03,48200.01,49228.08,47088.0
2021-10-04,49224.94,49536.12,46891.0
2021-10-05,51471.99,51886.3,49022.4
2021-10-06,55315.0,55750.0,50382.41
2021-10-07,53785.22,55332.31,53357.0
2021-10-08,53951.43,56100.0,53617.61
2021-10-09,54949.72,55489.0,53661.67
2021-10-10,54659.0,56561.31,54080.0
2021-10-11,57471.35,57839.04,54415.06
2021-10-12,55996.93,57680.0,53879.0
2021-10-13,57367.0,57777.0,54167.19
2021-10-14,57347.94,58532.54,56818.05
2021-10-15,61672.42,62933.0,56850.0
2021-10-16,60875.57,62378.42,60150.0
2021-10-17,61528.33,61718.39,58963.0
2021-10-18,62009.84,62695.78,59844.45
2021-10-19,64280.59,64486.0,61322.22
2021-10-20,66001.41,67000.0,63481.4
2021-10-21,62193.15,66639.74,62000.0
2021-10-22,60688.22,63732.39,60000.0
2021-10-23,61286.75,61747.64,59562.15
2021-10-24,60852.22,61500.0,59510.63
2021-10-25,63078.78,63710.63,60650.0
2021-10-26,60328.81,63293.48,59817.55
2021-10-27,58413.44,61496.0,58000.0
2021-10-28,60575.89,62499.0,57820.0
2021-10-29,62253.71,62980.0,60174.81
2021-10-30,61859.19,62359.25,60673.0
2021-10-31,61299.8,62405.3,59945.36
2021-11-01,60911.11,62437.74,59405.0
2021-11-02,63219.99,64270.0,60624.68
2021-11-03,62896.48,63500.0,60382.76
2021-11-04,61395.01,63086.31,60677.01
2021-11-05,60937.12,62595.72,60721.0
2021-11-06,61470.61,61560.49,60050.0
2021-11-07,63273.59,63286.35,61322.78
2021-11-08,67525.83,67789.0,63273.58
2021-11-09,66947.66,68524.25,66222.4
2021-11-10,64882.43,69000.0,62822.9
2021-11-11,64774.26,65600.07,64100.0
2021-11-12,64122.23,65450.7,62278.0
2021-11-13,64380.0,65000.0,63360.22
2021-11-14,65519.1,65550.51,63576.27
2021-11-15,63606.74,66401.82,63400.0
2021-11-16,60058.87,63617.31,58574.07
2021-11-17,60344.87,60840.23,58373.0
2021-11-18,56891.62,60976.0,56474.26
2021-11-19,58052.24,58320.0,55600.0
2021-11-20,59707.51,59845.0,57353.0
2021-11-21,58622.02,60029.76,58486.65
2021-11-22,56247.18,59444.0,55610.0
2021-11-23,57541.27,58009.99,55317.0
2021-11-24,57138.29,57735.0,55837.0
2021-11-25,58960.36,59398.9,57000.0
2021-11-26,53726.53,59150.0,53500.0
2021-11-27,54721.03,55280.0,53610.0
2021-11-28,57274.88,57445.05,53256.64
2021-11-29,57776.25,58865.97,56666.67
2021-11-30,56950.56,59176.99,55875.55
2021-12-01,57184.07,59053.55,56458.01
2021-12-02,56480.34,57375.47,55777.77
2021-12-03,53601.05,57600.0,51680.0
2021-12-04,49152.47,53859.1,42000.3
2021-12-05,49396.33,49699.05,47727.21
2021-12-06,50441.92,50891.11,47100.0
2021-12-07,50588.95,51936.33,50039.74
2021-12-08,50471.19,51200.0,48600.0
2021-12-09,47545.59,50797.76,47320.0
2021-12-10,47140.54,50125.0,46852.0
2021-12-11,49389.99,49485.71,46751.0
2021-12-12,50053.9,50777.0,48638.0
2021-12-13,46702.75,50189.97,45672.75
2021-12-14,48343.28,48700.41,46290.0
2021-12-15,48864.98,49500.0,46547.0
2021-12-16,47632.38,49436.43,47511.0
2021-12-17,46131.2,47995.96,45456.0
2021-12-18,46834.48,47392.37,45500.0
2021-12-19,46681.23,48300.01,46406.91
2021-12-20,46914.16,47537.57,45558.85
2021-12-21,48889.88,49328.96,46630.0
2021-12-22,48588.16,49576.13,48421.87
2021-12-23,50838.81,51375.0,47920.42
2021-12-24,50820.0,51810.0,50384.43
2021-12-25,50399.66,51156.23,50142.32
2021-12-26,50775.49,51280.0,49412.0
2021-12-27,50701.44,52088.0,50449.0
2021-12-28,47543.74,50704.05,47313.01
2021-12-29,46464.66,48139.08,46096.99
2021-12-30,47120.87,47900.0,45900.0
2021-12-31,46216.93,48548.26,45678.0
2022-01-01,47722.65,47954.63,46208.37
2022-01-02,47286.18,47990.0,46654.0
2022-01-03,46446.1,47570.0,45696.0
2022-01-04,45832.01,47557.54,45500.0
2022-01-05,43451.13,47070.0,42500.0
2022-01-06,43082.31,43816.0,42430.58
2022-01-07,41566.48,43145.83,40610.0
2022-01-08,41679.74,42300.0,40501.0
2022-01-09,41864.62,42786.7,41200.02
2022-01-10,41822.49,42248.5,39650.0
2022-01-11,42729.29,43100.0,41268.93
2022-01-12,43902.66,44322.0,42450.0
2022-01-13,42560.11,44500.0,42311.22
2022-01-14,43059.96,43448.78,41725.95
2022-01-15,43084.29,43800.0,42555.0
2022-01-16,43071.66,43475.0,42581.79
2022-01-17,42201.62,43176.18,41540.42
2022-01-18,42352.12,42691.0,41250.0
2022-01-19,41660.01,42559.13,41138.56
2022-01-20,40680.91,43505.0,40553.31
2022-01-21,36445.31,41100.0,35440.45
2022-01-22,35071.42,36835.22,34008.0
2022-01-23,36244.55,36499.0,34601.01
2022-01-24,36660.35,37550.0,32917.17
2022-01-25,36958.32,37545.14,35701.0
2022-01-26,36809.34,38919.98,36234.63
2022-01-27,37160.1,37234.47,35507.01
2022-01-28,37716.56,38000.0,36155.01
2022-01-29,38166.84,38720.74,37268.44
2022-01-30,37881.76,38359.26,37351.63
2022-01-31,38466.9,38744.0,36632.61
2022-02-01,38694.59,39265.2,38000.0
2022-02-02,36896.36,38855.92,36586.95
2022-02-03,37311.61,37387.0,36250.0
2022-02-04,41574.25,41772.33,37026.73
2022-02-05,41382.59,41913.69,40843.01
2022-02-06,42380.87,42656.0,41116.56
2022-02-07,43839.99,44500.5,41645.85
2022-02-08,44042.99,45492.0,42666.0
2022-02-09,44372.72,44799.0,43117.92
2022-02-10,43495.44,45821.0,43174.01
2022-02-11,42373.73,43920.0,41938.51
2022-02-12,42217.87,43079.49,41688.88
2022-02-13,42053.66,42760.0,41870.0
2022-02-14,42535.94,42842.4,41550.56
2022-02-15,44544.86,44751.4,42427.03
2022-02-16,43873.56,44549.97,43307.0
2022-02-17,40515.7,44164.71,40073.21
2022-02-18,39974.44,40959.88,39450.0
2022-02-19,40079.17,40444.32,39639.03
2022-02-20,38386.89,40125.44,38000.0
2022-02-21,37008.16,39494.35,36800.0
2022-02-22,38230.33,38429.0,36350.0
2022-02-23,37250.01,39249.93,37036.79
2022-02-24,38327.21,39843.0,34322.28
2022-02-25,39219.17,39683.53,38014.37
2022-02-26,39116.72,40348.45,38573.18
2022-02-27,37699.07,39855.7,37000.0
2022-02-28,43160.0,44225.84,37450.17
2022-03-01,44421.2,44949.0,42809.98
2022-03-02,43892.98,45400.0,43334.09
2022-03-03,42454.0,44101.12,41832.28
2022-03-04,39148.66,42527.3,38550.0
2022-03-05,39397.96,39613.24,38407.59
2022-03-06,38420.81,39693.87,38088.57
2022-03-07,37988.0,39547.57,37155.0
2022-03-08,38730.63,39362.08,37867.65
2022-03-09,41941.71,42594.06,38656.45
2022-03-10,39422.0,42039.63,38539.73
2022-03-11,38729.57,40236.26,38223.6
2022-03-12,38807.36,39486.71,38660.52
2022-03-13,37777.34,39310.0,37578.51
2022-03-14,39671.37,39947.12,37555.0
2022-03-15,39280.33,39887.61,38098.33
2022-03-16,41114.0,41718.0,38828.48
2022-03-17,40917.9,41478.82,40500.0
2022-03-18,41757.51,42325.02,40135.04
2022-03-19,42201.13,42400.0,41499.29
2022-03-20,41262.11,42296.26,40911.0
2022-03-21,41002.25,41544.22,40467.94
2022-03-22,42364.13,43361.0,40875.51
2022-03-23,42882.76,43025.96,41751.47
2022-03-24,43991.46,44220.89,42560.46
2022-03-25,44313.16,45094.14,43579.0
2022-03-26,44511.27,44792.99,44071.97
2022-03-27,46827.76,46999.0,44421.46
2022-03-28,47122.21,48189.84,46663.56
2022-03-29,47434.8,48096.47,46950.85
2022-03-30,47067.99,47700.22,46445.42
2022-03-31,45510.34,47600.0,45200.0
2022-04-01,46283.49,46720.09,44200.0
2022-04-02,45811.0,47213.0,45620.0
2022-04-03,46407.35,47444.11,45530.92
2022-04-04,46580.51,46890.71,45118.0
2022-04-05,45497.55,47200.0,45353.81
2022-04-06,43170.47,45507.14,43121.0
2022-04-07,43444.19,43900.99,42727.35
2022-04-08,42252.01,43970.62,42107.14
2022-04-09,42753.97,42800.0,42125.48
2022-04-10,42158.85,43410.3,41868.0
2022-04-11,39530.45,42414.71,39200.0
2022-04-12,40074.94,40699.0,39254.63
2022-04-13,41147.79,41561.31,39588.54
2022-04-14,39942.38,41500.0,39551.94
2022-04-15,40551.9,40870.36,39766.4
2022-04-16,40378.71,40709.35,39991.55
2022-04-17,39678.12,40595.67,39546.17
2022-04-18,40801.13,41116.73,38536.51
2022-04-19,41493.18,41760.0,40571.0
2022-04-20,41358.19,42199.0,40820.0
2022-04-21,40480.01,42976.0,39751.0
2022-04-22,39709.18,40795.06,39177.0
2022-04-23,39441.6,39980.0,39285.0
2022-04-24,39450.13,39940.0,38929.62
2022-04-25,40426.08,40616.0,38200.0
2022-04-26,38112.65,40797.31,37702.26
2022-04-27,39235.72,39474.72,37881.31
2022-04-28,39742.07,40372.63,38881.43
2022-04-29,38596.11,39925.25,38175.0
2022-04-30,37630.8,38795.38,37578.2
2022-05-01,38468.35,38675.0,37386.38
2022-05-02,38525.16,39167.34,38052.0
2022-05-03,37728.95,38651.51,37517.8
2022-05-04,39690.0,40023.77,37670.0
2022-05-05,36552.97,39845.51,35571.9
2022-05-06,36013.77,36675.63,35258.0
2022-05-07,35472.39,36146.3,34785.0
2022-05-08,34038.4,35514.22,33713.95
2022-05-09,30076.31,34243.15,30033.33
2022-05-10,31017.1,32658.99,29730.4
2022-05-11,29103.94,32162.59,27785.0
2022-05-12,29029.75,30243.0,26700.0
2022-05-13,29287.05,31083.37,28751.67
2022-05-14,30086.74,30343.27,28630.0
2022-05-15,31328.89,31460.0,29480.0
2022-05-16,29874.01,31328.9,29087.04
2022-05-17,30444.93,30788.37,29450.38
2022-05-18,28715.32,30709.99,28654.47
2022-05-19,30319.23,30545.18,28691.38
2022-05-20,29201.01,30777.33,28730.0
2022-05-21,29445.06,29656.18,28947.28
2022-05-22,30293.94,30487.99,29255.11
2022-05-23,29109.15,30670.51,28866.35
2022-05-24,29654.58,29845.86,28669.0
2022-05-25,29542.15,30223.74,29294.21
2022-05-26,29201.35,29886.64,28019.56
2022-05-27,28629.8,29397.66,28282.9
2022-05-28,29031.33,29266.0,28450.0
2022-05-29,29468.1,29587.78,28839.21
2022-05-30,31734.22,32222.0,29299.62
2022-05-31,31801.04,32399.0,31200.01
2022-06-01,29805.83,31982.97,29301.0
2022-06-02,30452.62,30689.0,29594.55
2022-06-03,29700.21,30699.0,29282.36
2022-06-04,29864.04,29988.88,29485.0
2022-06-05,29919.21,30189.0,29531.42
2022-06-06,31373.1,31765.64,29890.23
2022-06-07,31125.33,31589.6,29218.96
2022-06-08,30204.77,31327.22,29843.88
2022-06-09,30109.93,30700.0,29944.1
2022-06-10,29091.88,30382.8,28850.0
2022-06-11,28424.7,29440.41,28099.99
2022-06-12,26574.53,28544.96,26560.0
2022-06-13,22487.41,26895.84,21925.77
2022-06-14,22136.41,23362.88,20846.0
2022-06-15,22583.72,22800.0,20111.62
2022-06-16,20401.31,22995.73,20232.0
2022-06-17,20468.81,21365.43,20246.66
2022-06-18,18970.79,20792.06,17622.0
2022-06-19,20574.0,20815.95,17960.41
2022-06-20,20573.89,21090.0,19637.03
2022-06-21,20723.52,21723.0,20348.4
2022-06-22,19987.99,20900.0,19770.51
2022-06-23,21110.13,21233.0,19890.07
2022-06-24,21237.69,21558.41,20736.72
2022-06-25,21491.19,21614.5,20906.62
2022-06-26,21038.07,21888.0,20964.73
2022-06-27,20742.56,21539.85,20510.0
2022-06-28,20281.29,21212.1,20202.01
2022-06-29,20123.01,20432.31,19854.92
2022-06-30,19942.21,20179.08,18626.0
2022-07-01,19279.8,20918.35,18975.0
2022-07-02,19252.81,19467.39,18977.01
2022-07-03,19315.83,19647.63,18781.0
2022-07-04,20236.71,20354.01,19055.31
2022-07-05,20175.83,20750.0,19304.4
2022-07-06,20564.51,20675.22,19761.25
2022-07-07,21624.98,21838.1,20251.68
2022-07-08,21594.75,22527.37,21189.26
2022-07-09,21591.83,21980.0,21322.12
2022-07-10,20862.47,21607.65,20655.0
2022-07-11,19963.61,20868.48,19875.23
2022-07-12,19328.75,20059.42,19240.0
2022-07-13,20234.87,20366.61,18910.94
2022-07-14,20588.84,20900.0,19616.07
2022-07-15,20830.04,21200.0,20382.29
2022-07-16,21195.6,21588.94,20478.61
2022-07-17,20798.16,21684.54,20750.01
2022-07-18,22432.58,22777.63,20762.45
2022-07-19,23396.62,23800.0,21579.54
2022-07-20,23223.3,24276.74,22906.19
2022-07-21,23152.19,23442.77,22341.46
2022-07-22,22684.83,23756.49,22500.0
2022-07-23,22451.07,23000.77,21934.57
2022-07-24,22579.68,23014.64,22257.15
2022-07-25,21310.9,22666.0,21250.0
2022-07-26,21254.67,21347.82,20706.5
2022-07-27,22952.45,23112.63,21042.53
2022-07-28,23842.93,24199.72,22582.13
2022-07-29,23773.75,24442.66,23414.03
2022-07-30,23643.51,24668.0,23502.25
2022-07-31,23293.32,24194.82,23227.31
2022-08-01,23268.01,23509.68,22850.0
2022-08-02,22987.79,23459.89,22654.37
2022-08-03,22818.37,23647.68,22681.22
2022-08-04,22622.98,23223.32,22400.0
2022-08-05,23312.42,23472.86,22586.95
2022-08-06,22954.21,23354.36,22909.52
2022-08-07,23174.39,23402.0,22844.62
2022-08-08,23810.0,24245.0,23154.25
2022-08-09,23149.95,23933.25,22865.0
2022-08-10,23954.05,24226.0,22664.69
2022-08-11,23934.39,24918.54,23852.13
2022-08-12,24403.68,24456.5,23583.0
2022-08-13,24441.38,24888.0,24291.22
2022-08-14,24305.24,25047.56,24144.0
2022-08-15,24094.82,25211.32,23773.22
2022-08-16,23854.74,24247.49,23671.22
2022-08-17,23342.66,24446.71,23180.4
2022-08-18,23191.2,23600.0,23111.04
2022-08-19,20834.39,23208.67,20783.57
2022-08-20,21140.07,21382.85,20761.9
2022-08-21,21515.61,21800.0,21069.11
2022-08-22,21399.83,21548.71,20890.18
2022-08-23,21529.12,21684.87,20890.14
2022-08-24,21368.08,21900.0,21145.0
2022-08-25,21559.04,21819.88,21310.15
2022-08-26,20241.05,21886.77,20107.9
2022-08-27,20037.6,20402.93,19800.0
2022-08-28,19555.61,20171.18,19520.0
2022-08-29,20285.73,20433.62,19550.79
2022-08-30,19811.66,20576.25,19540.0
2022-08-31,20050.02,20490.0,19797.94
2022-09-01,20131.46,20208.37,19565.66
2022-09-02,19951.86,20441.26,19755.29
2022-09-03,19831.9,20055.93,19652.72
2022-09-04,20000.3,20029.23,19583.1
2022-09-05,19796.84,20057.27,19633.83
2022-09-06,18790.61,20180.0,18649.51
2022-09-07,19292.84,19464.06,18510.77
2022-09-08,19319.77,19458.25,19012.0
2022-09-09,21360.11,21597.22,19291.75
2022-09-10,21648.34,21810.8,21111.13
2022-09-11,21826.87,21860.0,21350.0
2022-09-12,22395.74,22488.0,21538.51
2022-09-13,20173.57,22799.0,19860.0
2022-09-14,20226.71,20541.48,19617.62
2022-09-15,19701.88,20330.24,19497.0
2022-09-16,19803.3,19890.0,19320.01
2022-09-17,20113.62,20189.0,19748.08
2022-09-18,19416.18,20117.26,19335.62
2022-09-19,19537.02,19686.2,18232.56
2022-09-20,18875.0,19634.62,18711.87
2022-09-21,18461.36,19956.0,18125.98
2022-09-22,19401.63,19550.17,18356.39
2022-09-23,19289.91,19500.0,18531.42
2022-09-24,18920.5,19316.14,18805.34
2022-09-25,18807.38,19180.21,18629.2
2022-09-26,19227.82,19318.96,18680.72
2022-09-27,19079.13,20385.86,18816.32
2022-09-28,19412.82,19790.0,18471.28
2022-09-29,19591.51,19645.52,18843.01
2022-09-30,19422.61,20185.0,19155.36
2022-10-01,19310.95,19484.0,19159.42
2022-10-02,19056.8,19395.91,18920.35
2022-10-03,19629.08,19719.1,18959.68
2022-10-04,20337.82,20475.0,19490.6
2022-10-05,20158.26,20365.6,19730.0
2022-10-06,19960.67,20456.6,19853.0
2022-10-07,19530.09,20068.82,19320.0
2022-10-08,19417.96,19627.38,19237.14
2022-10-09,19439.02,19558.0,19316.04
2022-10-10,19131.87,19525.0,19020.25
2022-10-11,19060.0,19268.09,18860.0
2022-10-12,19155.53,19238.31,18965.88
2022-10-13,19375.13,19513.79,18190.0
2022-10-14,19176.93,19951.87,19070.37
2022-10-15,19069.39,19227.68,18975.18
2022-10-16,19262.98,19425.84,19063.74
2022-10-17,19549.86,19676.96,19152.03
2022-10-18,19327.44,19706.66,19091.0
2022-10-19,19123.97,19360.16,19065.97
2022-10-20,19041.92,19347.82,18900.0
2022-10-21,19164.37,19250.0,18650.0
2022-10-22,19204.35,19257.0,19112.72
2022-10-23,19570.4,19695.0,19070.11
2022-10-24,19329.72,19601.15,19157.0
2022-10-25,20080.07,20415.87,19237.0
2022-10-26,20771.59,21020.0,20050.41
2022-10-27,20295.11,20872.21,20200.0
2022-10-28,20591.84,20750.0,20000.09
2022-10-29,20809.67,21085.0,20554.01
2022-10-30,20627.48,20931.21,20515.0
2022-10-31,20490.74,20845.92,20237.95
2022-11-01,20483.62,20700.0,20330.74
2022-11-02,20151.84,20800.0,20048.04
2022-11-03,20207.82,20393.32,20031.24
2022-11-04,21148.52,21302.05,20180.96
2022-11-05,21299.37,21480.65,21080.65
2022-11-06,20905.58,21365.27,20886.13
2022-11-07,20591.13,21069.77,20384.89
2022-11-08,18547.23,20700.88,17166.83
2022-11-09,15922.81,18587.76,15588.0
2022-11-10,17601.15,18199.0,15754.26
2022-11-11,17070.31,17695.0,16361.6
2022-11-12,16812.08,17119.1,16631.39
2022-11-13,16329.85,16954.28,16229.0
2022-11-14,16619.46,17190.0,15815.21
2022-11-15,16900.57,17134.69,16527.72
2022-11-16,16662.76,17015.92,16378.61
2022-11-17,16692.56,16751.0,16410.74
2022-11-18,16700.45,17011.0,16546.04
2022-11-19,16700.68,16822.41,16553.53
2022-11-20,16280.23,16753.33,16180.0
2022-11-21,15781.29,16319.0,15476.0
2022-11-22,16226.94,16315.0,15616.63
2022-11-23,16603.11,16706.0,16160.2
2022-11-24,16598.95,16812.63,16458.05
2022-11-25,16522.14,16666.0,16342.81
2022-11-26,16458.57,16701.99,16385.0
2022-11-27,16428.78,16600.0,16401.0
2022-11-28,16212.91,16487.04,15995.27
2022-11-29,16442.53,16548.71,16100.0
2022-11-30,17163.64,17249.0,16428.3
2022-12-01,16977.37,17324.0,16855.01
2022-12-02,17092.74,17105.73,16787.85
2022-12-03,16885.2,17188.98,16858.74
2022-12-04,17105.7,17202.84,16878.25
2022-12-05,16966.35,17424.25,16867.0
2022-12-06,17088.96,17107.01,16906.37
2022-12-07,16836.64,17142.21,16678.83
2022-12-08,17224.1,17299.0,16733.49
2022-12-09,17128.56,17360.0,17058.21
2022-12-10,17127.49,17227.72,17092.0
2022-12-11,17085.05,17270.99,17071.0
2022-12-12,17209.83,17241.89,16871.85
2022-12-13,17774.7,18000.0,17080.14
2022-12-14,17803.15,18387.95,17660.94
2022-12-15,17356.34,17854.82,17275.51
2022-12-16,16632.12,17531.73,16527.32
2022-12-17,16776.52,16796.82,16579.85
2022-12-18,16738.21,16863.26,16663.07
2022-12-19,16438.88,16815.99,16256.3
2022-12-20,16895.56,17061.27,16397.2
2022-12-21,16824.67,16925.0,16723.0
2022-12-22,16821.43,16868.52,16559.85
2022-12-23,16778.5,16955.14,16731.13
2022-12-24,16836.12,16869.99,16776.62
2022-12-25,16832.11,16857.96,16721.0
2022-12-26,16919.39,16944.52,16791.0
2022-12-27,16706.36,16972.83,16592.37
2022-12-28,16547.31,16785.19,16465.33
2022-12-29,16633.47,16664.41,16488.91
2022-12-30,16607.48,16677.35,16333.0
2022-12-31,16542.4,16644.09,16470.0
2023-01-01,16616.75,16628.0,16499.01
2023-01-02,16672.87,16799.23,16548.7
2023-01-03,16675.18,16778.4,16605.28
2023-01-04,16850.36,16991.87,16652.66
2023-01-05,16831.85,16879.82,16753.0
2023-01-06,16950.65,17041.0,16679.0
2023-01-07,16943.57,16981.91,16908.0
2023-01-08,17127.83,17176.99,16911.0
2023-01-09,17178.26,17398.8,17104.66
2023-01-10,17440.66,17499.0,17146.34
2023-01-11,17943.26,18000.0,17315.6
2023-01-12,18846.62,19117.04,17892.05
2023-01-13,19930.01,20000.0,18714.12
2023-01-14,20954.92,21258.0,19888.05
2023-01-15,20871.5,21050.74,20551.01
2023-01-16,21185.65,21474.05,20611.48
2023-01-17,21134.81,21647.45,20841.31
2023-01-18,20677.47,21650.0,20407.15
2023-01-19,21071.59,21192.0,20659.19
2023-01-20,22667.21,22755.93,20861.28
2023-01-21,22783.55,23371.8,22422.0
2023-01-22,22707.88,23078.71,22292.37
2023-01-23,22916.45,23180.0,22500.0
2023-01-24,22632.89,23162.2,22462.93
2023-01-25,23060.94,23816.73,22300.0
2023-01-26,23009.65,23282.47,22850.01
2023-01-27,23074.16,23500.0,22534.88
2023-01-28,23022.6,23189.0,22878.46
2023-01-29,23742.3,23960.54,22967.76
2023-01-30,22826.15,23800.51,22500.0
2023-01-31,23125.13,23320.0,22714.77
2023-02-01,23732.66,23812.66,22760.23
2023-02-02,23488.94,24255.0,23363.27
2023-02-03,23431.9,23715.7,23204.62
2023-02-04,23326.84,23587.78,23253.96
2023-02-05,22932.91,23433.33,22743.0
2023-02-06,22762.52,23158.25,22628.13
2023-02-07,23240.46,23350.25,22745.78
2023-02-08,22963.0,23452.0,22665.85
2023-02-09,21796.35,23011.39,21688.0
2023-02-10,21625.19,21938.16,21451.0
2023-02-11,21862.55,21906.32,21599.78
2023-02-12,21783.54,22090.0,21630.0
2023-02-13,21773.97,21894.99,21351.07
2023-02-14,22199.84,22319.08,21532.77
2023-02-15,24324.05,24380.0,22047.28
2023-02-16,23517.72,25250.0,23505.25
2023-02-17,24569.97,25021.11,23339.37
2023-02-18,24631.95,24877.0,24430.0
2023-02-19,24271.76,25192.0,24192.57
2023-02-20,24842.2,25121.23,23840.83
2023-02-21,24452.16,25250.0,24148.34
2023-02-22,24182.21,24476.05,23574.69
2023-02-23,23940.2,24599.59,23608.0
2023-02-24,23185.29,24132.35,22841.19
2023-02-25,23157.07,23219.13,22722.0
2023-02-26,23554.85,23689.99,23059.18
2023-02-27,23492.09,23897.99,23106.77
2023-02-28,23141.57,23600.0,23020.97
2023-03-01,23628.97,24000.0,23020.03
2023-03-02,23465.32,23796.93,23195.9
2023-03-03,22354.34,23476.95,21971.13
2023-03-04,22346.57,22410.0,22157.08
2023-03-05,22430.24,22662.09,22189.22
2023-03-06,22410.0,22602.19,22258.0
2023-03-07,22197.96,22557.91,21927.0
2023-03-08,21705.44,22287.0,21580.0
2023-03-09,20362.22,21834.99,20042.72
2023-03-10,20150.69,20367.78,19549.09
2023-03-11,20455.73,20686.51,19765.03
2023-03-12,21997.11,22150.0,20270.6
2023-03-13,24113.48,24500.0,21813.88
2023-03-14,24670.41,26386.87,23976.42
2023-03-15,24285.66,25196.97,23896.95
2023-03-16,24998.78,25167.4,24123.0
2023-03-17,27395.13,27756.84,24890.0
2023-03-18,26907.49,27724.85,26578.0
2023-03-19,27972.87,28390.1,26827.22
2023-03-20,27717.01,28472.0,27124.47
2023-03-21,28105.47,28438.55,27303.1
2023-03-22,27250.97,28868.05,26601.8
2023-03-23,28295.41,28750.0,27105.0
2023-03-24,27454.47,28374.3,27000.0
2023-03-25,27462.95,27787.33,27156.09
2023-03-26,27968.05,28194.4,27417.76
2023-03-27,27124.91,28023.86,26508.14
2023-03-28,27261.07,27520.0,26631.78
2023-03-29,28348.6,28650.0,27240.1
2023-03-30,28028.53,29184.68,27686.0
2023-03-31,28465.36,28656.69,27511.71
2023-04-01,28452.73,28819.71,28220.27
2023-04-02,28171.87,28530.0,27856.43
2023-04-03,27800.0,28500.99,27200.24
2023-04-04,28165.47,28444.44,27662.79
2023-04-05,28170.01,28775.0,27805.1
2023-04-06,28033.82,28182.05,27711.0
2023-04-07,27906.33,28100.0,27766.94
2023-04-08,27938.38,28154.99,27859.02
2023-04-09,28323.76,28530.0,27800.0
2023-04-10,29637.34,29770.0,28170.0
2023-04-11,30200.42,30550.0,29590.0
2023-04-12,29888.07,30486.0,29637.4
2023-04-13,30373.84,30595.0,29854.59
2023-04-14,30466.93,31000.0,29966.0
2023-04-15,30295.09,30595.6,30202.0
2023-04-16,30304.65,30549.99,30120.0
2023-04-17,29430.27,30316.06,29240.65
2023-04-18,30380.01,30485.0,29096.78
2023-04-19,28797.1,30413.53,28520.0
2023-04-20,28243.65,29088.3,28010.0
2023-04-21,27262.84,28374.02,27125.0
2023-04-22,27816.85,27882.72,27140.35
2023-04-23,27590.6,27816.85,27311.25
2023-04-24,27510.93,28000.0,26942.82
2023-04-25,28300.79,28399.99,27192.0
2023-04-26,28415.29,30036.0,27235.0
2023-04-27,29472.77,29890.0,28378.86
2023-04-28,29311.7,29599.54,28891.0
2023-04-29,29230.45,29448.88,29031.0
2023-04-30,29233.21,29969.39,29079.59
2023-05-01,28068.26,29337.34,27666.95
2023-05-02,28669.86,28879.88,27872.0
2023-05-03,29026.16,29266.66,28113.69
2023-05-04,28838.16,29379.83,28663.64
2023-05-05,29505.61,29677.0,28800.0
2023-05-06,28848.2,29820.0,28300.0
2023-05-07,28430.1,29138.29,28395.23
2023-05-08,27668.79,28631.01,27262.0
2023-05-09,27628.27,27818.0,27353.0
2023-05-10,27598.75,28331.42,26777.0
2023-05-11,26968.62,27630.14,26702.05
2023-05-12,26795.01,27091.12,25811.46
2023-05-13,26775.28,27045.45,26692.03
2023-05-14,26917.62,27200.0,26560.53
2023-05-15,27162.14,27663.59,26726.0
2023-05-16,27033.84,27296.89,26852.11
2023-05-17,27405.61,27500.0,26544.71
2023-05-18,26821.28,27485.33,26361.2
2023-05-19,26880.26,27183.6,26630.0
2023-05-20,27102.43,27150.0,26825.11
2023-05-21,26747.78,27277.55,26666.03
2023-05-22,26849.27,27099.89,26538.21
2023-05-23,27219.61,27495.83,26798.11
2023-05-24,26329.01,27219.61,26080.5
2023-05-25,26473.79,26631.98,25871.89
2023-05-26,26705.92,26932.16,26327.24
2023-05-27,26854.27,26895.0,26551.0
2023-05-28,28065.0,28261.32,26764.36
2023-05-29,27736.4,28447.14,27524.6
2023-05-30,27694.4,28038.59,27554.0
2023-05-31,27210.35,27835.51,26839.01
2023-06-01,26817.93,27350.0,26605.05
2023-06-02,27242.59,27300.0,26505.0
2023-06-03,27069.22,27333.29,26914.93
2023-06-04,27115.21,27455.02,26951.0
2023-06-05,25728.2,27129.33,25388.0
2023-06-06,27230.08,27355.33,25351.02
2023-06-07,26339.34,27391.77,26125.01
2023-06-08,26498.61,26810.0,26210.0
2023-06-09,26477.81,26783.33,26269.91
2023-06-10,25841.21,26533.87,25358.0
2023-06-11,25925.55,26206.88,25634.7
2023-06-12,25905.19,26106.48,25602.11
2023-06-13,25934.25,26433.21,25712.57
2023-06-14,25128.6,26098.0,24820.56
2023-06-15,25598.49,25759.01,24800.0
2023-06-16,26345.0,26518.0,25175.56
2023-06-17,26516.99,26839.99,26181.0
2023-06-18,26339.97,26700.0,26255.85
2023-06-19,26844.35,27068.09,26256.61
2023-06-20,28307.99,28402.74,26652.0
2023-06-21,29993.89,30800.0,28257.99
2023-06-22,29884.92,30500.0,29525.61
2023-06-23,30688.5,31431.94,29800.0
2023-06-24,30527.43,30800.0,30250.0
2023-06-25,30462.66,31046.01,30277.49
2023-06-26,30267.99,30666.0,29930.0
2023-06-27,30692.44,30994.97,30226.17
2023-06-28,30077.41,30709.74,29858.8
2023-06-29,30447.31,30843.98,30049.98
2023-06-30,30472.0,31282.0,29500.0
2023-07-01,30585.9,30661.6,30320.57
2023-07-02,30617.03,30791.0,30155.0
2023-07-03,31156.2,31380.0,30570.27
2023-07-04,30766.51,31350.69,30620.0
2023-07-05,30504.81,30878.07,30200.0
2023-07-06,29895.43,31500.0,29850.45
2023-07-07,30344.7,30449.0,29701.02
2023-07-08,30284.63,30386.81,30044.47
2023-07-09,30160.71,30445.52,30061.12
2023-07-10,30411.57,31045.78,29950.0
2023-07-11,30622.1,30813.63,30300.0
2023-07-12,30380.0,30983.25,30210.0
2023-07-13,31454.23,31804.2,30251.0
2023-07-14,30312.01,31630.0,29900.0
2023-07-15,30289.52,30390.9,30200.0
2023-07-16,30231.99,30441.46,30064.29
2023-07-17,30138.0,30336.96,29659.2
2023-07-18,29859.13,30239.78,29512.0
2023-07-19,29909.21,30189.09,29761.96
2023-07-20,29800.0,30417.46,29570.96
2023-07-21,29901.72,30061.7,29726.34
2023-07-22,29794.0,29999.0,29625.1
2023-07-23,30083.75,30350.0,29730.0
2023-07-24,29176.5,30099.58,28861.9
2023-07-25,29228.91,29376.0,29047.65
2023-07-26,29351.96,29690.0,29096.94
2023-07-27,29222.78,29567.49,29083.85
2023-07-28,29314.14,29542.22,29123.12
2023-07-29,29352.9,29406.92,29256.18
2023-07-30,29281.09,29449.0,29033.24
2023-07-31,29232.25,29530.0,29101.8
2023-08-01,29705.99,29739.25,28585.7
2023-08-02,29186.01,30047.5,28927.5
2023-08-03,29193.64,29433.33,28968.0
2023-08-04,29113.99,29333.08,28807.54
2023-08-05,29072.13,29152.23,28978.64
2023-08-06,29088.42,29205.09,28991.88
2023-08-07,29211.06,29276.78,28701.03
2023-08-08,29770.42,30244.0,29146.45
2023-08-09,29581.99,30160.0,29376.67
2023-08-10,29455.75,29738.0,29320.2
2023-08-11,29426.03,29564.52,29252.45
2023-08-12,29430.17,29481.35,29381.56
2023-08-13,29303.84,29474.65,29272.32
2023-08-14,29430.93,29695.32,29102.45
2023-08-15,29200.0,29499.26,29059.6
2023-08-16,28730.51,29259.85,28723.08
2023-08-17,26623.41,28783.48,25166.0
2023-08-18,26054.0,26832.6,25619.0
2023-08-19,26100.01,26281.0,25801.09
2023-08-20,26189.99,26299.0,25971.05
2023-08-21,26126.92,26258.42,25812.0
2023-08-22,26056.0,26139.42,25300.0
2023-08-23,26432.72,26819.27,25812.82
2023-08-24,26180.05,26577.87,25864.0
2023-08-25,26060.01,26314.05,25777.15
2023-08-26,26017.37,26125.77,25985.92
2023-08-27,26101.77,26182.23,25966.11
2023-08-28,26120.0,26253.99,25864.5
2023-08-29,27716.34,28142.85,25922.0
2023-08-30,27299.99,27768.57,27017.24
2023-08-31,25940.78,27587.51,25655.01
2023-09-01,25805.05,26156.0,25333.75
2023-09-02,25869.51,25987.5,25752.47
2023-09-03,25971.21,26135.0,25800.0
2023-09-04,25826.02,26108.02,25631.21
2023-09-05,25792.1,25915.49,25562.62
2023-09-06,25759.95,26040.0,25372.51
2023-09-07,26255.0,26443.14,25615.38
2023-09-08,25910.5,26445.5,25647.26
2023-09-09,25901.61,25945.09,25796.64
2023-09-10,25841.61,26033.66,25570.57
2023-09-11,25162.52,25900.69,24901.0
2023-09-12,25840.1,26567.0,25131.48
2023-09-13,26222.0,26405.22,25764.17
2023-09-14,26522.73,26860.49,26126.77
2023-09-15,26600.0,26888.0,26224.0
2023-09-16,26559.67,26777.0,26445.0
2023-09-17,26527.51,26623.25,26399.0
2023-09-18,26762.51,27409.0,26377.35
2023-09-19,27210.26,27483.57,26667.79
2023-09-20,27125.0,27388.63,26800.0
2023-09-21,26568.08,27159.6,26377.7
2023-09-22,26580.14,26743.38,26468.77
2023-09-23,26575.96,26632.81,26509.0
2023-09-24,26248.38,26738.54,26122.08
2023-09-25,26304.81,26446.15,25990.46
2023-09-26,26221.67,26397.46,26088.34
2023-09-27,26372.99,26850.0,26112.06
2023-09-28,27021.39,27308.48,26342.4
2023-09-29,26906.96,27244.89,26665.16
2023-09-30,26962.56,27094.99,26886.31
2023-10-01,27992.57,28065.51,26954.09
2023-10-02,27494.51,28580.0,27281.44
2023-10-03,27426.46,27676.52,27160.5
2023-10-04,27778.57,27839.72,27202.0
2023-10-05,27410.39,28120.39,27352.0
2023-10-06,27931.09,28295.0,27175.94
2023-10-07,27956.67,28029.67,27842.08
2023-10-08,27917.05,28095.14,27687.5
2023-10-09,27590.12,27987.93,27260.0
2023-10-10,27390.12,27735.0,27298.0
2023-10-11,26875.52,27477.39,26538.66
2023-10-12,26759.63,26947.04,26555.0
2023-10-13,26862.0,27130.0,26685.0
2023-10-14,26852.48,26989.58,26789.0
2023-10-15,27154.15,27293.33,26808.25
2023-10-16,28500.78,30000.0,27112.66
2023-10-17,28395.91,28613.65,28069.32
2023-10-18,28320.0,28982.36,28142.87
2023-10-19,28713.71,28916.89,28100.66
2023-10-20,29669.04,30207.55,28578.29
2023-10-21,29909.8,30379.99,29464.77
2023-10-22,29992.46,30248.0,29640.0
2023-10-23,33069.99,34741.91,29883.6
2023-10-24,33922.73,35280.0,32832.34
2023-10-25,34496.05,35132.85,33679.05
2023-10-26,34151.66,34824.13,33751.0
2023-10-27,33892.02,34245.0,33390.95
2023-10-28,34081.0,34493.33,33860.0
2023-10-29,34525.89,34750.11,33930.0
2023-10-30,34474.73,34856.0,34062.84
2023-10-31,34639.77,34720.49,34025.0
2023-11-01,35421.43,35582.0,34097.39
2023-11-02,34941.59,35984.99,34300.0
2023-11-03,34716.78,34946.5,34120.0
2023-11-04,35062.07,35255.0,34585.18
2023-11-05,35011.88,35380.0,34448.0
2023-11-06,35046.09,35276.33,34725.9
2023-11-07,35399.12,35888.0,34523.06
2023-11-08,35624.72,36106.0,35100.0
2023-11-09,36701.09,37972.24,35534.05
2023-11-10,37301.63,37526.0,36324.71
2023-11-11,37130.0,37408.26,36666.93
2023-11-12,37064.13,37222.22,36731.1
2023-11-13,36462.93,37417.99,36333.0
2023-11-14,35551.19,36744.0,34800.0
2023-11-15,37858.2,37980.0,35360.0
2023-11-16,36163.51,37929.54,35500.0
2023-11-17,36613.92,36800.0,35861.1
2023-11-18,36568.1,36845.49,36178.58
2023-11-19,37359.86,37500.0,36384.02
2023-11-20,37448.78,37750.0,36677.0
2023-11-21,35741.65,37649.44,35735.0
2023-11-22,37408.34,37861.1,35632.01
2023-11-23,37294.28,37653.44,36870.0
2023-11-24,37713.57,38414.0,37251.51
2023-11-25,37780.67,37888.0,37591.1
2023-11-26,37447.43,37814.63,37150.0
2023-11-27,37242.7,37569.23,36707.0
2023-11-28,37818.87,38377.0,36868.41
2023-11-29,37854.64,38450.0,37570.0
2023-11-30,37723.96,38145.85,37500.0
2023-12-01,38682.52,38999.0,37615.86
2023-12-02,39450.35,39717.14,38641.61
2023-12-03,39972.26,40250.0,39274.86
2023-12-04,41991.1,42420.0,39972.26
2023-12-05,44073.32,44488.0,41414.0
2023-12-06,43762.69,44297.21,43335.28
2023-12-07,43273.14,44047.33,42821.1
2023-12-08,44170.99,44700.0,43081.1
2023-12-09,43713.6,44358.02,43584.51
2023-12-10,43789.51,44049.0,43563.0
2023-12-11,41253.4,43804.5,40222.0
2023-12-12,41492.39,42104.12,40680.0
2023-12-13,42869.03,43475.2,40555.0
2023-12-14,43022.26,43420.0,41400.0
2023-12-15,41940.3,43080.81,41666.0
2023-12-16,42278.03,42724.43,41605.0
2023-12-17,41374.65,42424.07,41252.0
2023-12-18,42657.8,42757.81,40542.93
2023-12-19,42275.99,43497.0,41811.1
2023-12-20,43668.93,44283.0,42206.0
2023-12-21,43861.8,44242.35,43286.72
2023-12-22,43969.04,44398.26,43412.54
2023-12-23,43702.16,43988.68,43291.1
2023-12-24,42991.5,43946.0,42500.0
2023-12-25,43576.13,43802.32,42720.43
2023-12-26,42508.93,43592.68,41637.6
2023-12-27,43428.85,43677.0,42098.69
2023-12-28,42563.76,43787.57,42241.79
2023-12-29,42066.95,43111.0,41300.0
2023-12-30,42140.28,42612.32,41520.3
2023-12-31,42283.58,42899.0,41965.84
2024-01-01,44179.55,44184.1,42180.77
2024-01-02,44946.91,45879.63,44148.34
2024-01-03,42845.23,45500.0,40750.0
2024-01-04,44151.1,44729.58,42613.77
2024-01-05,44145.11,44357.46,42450.0
2024-01-06,43968.32,44214.42,43397.05
2024-01-07,43929.02,44480.59,43572.09
2024-01-08,46951.04,47248.99,43175.0
2024-01-09,46110.0,47972.0,44748.67
2024-01-10,46653.99,47695.93,44300.36
2024-01-11,46339.16,48969.48,45606.06
2024-01-12,42782.73,46515.53,41500.0
2024-01-13,42847.99,43257.0,42436.12
2024-01-14,41732.35,43079.0,41720.0
2024-01-15,42511.1,43400.43,41718.05
2024-01-16,43137.95,43578.01,42050.0
2024-01-17,42776.1,43198.0,42200.69
2024-01-18,41327.5,42930.0,40683.28
2024-01-19,41659.03,42196.86,40280.0
2024-01-20,41696.04,41872.56,41456.3
2024-01-21,41580.33,41881.39,41500.98
2024-01-22,39568.02,41689.65,39431.58
2024-01-23,39897.6,40176.74,38555.0
2024-01-24,40084.88,40555.0,39484.19
2024-01-25,39961.09,40300.24,39550.0
2024-01-26,41823.51,42246.82,39822.52
2024-01-27,42120.63,42200.0,41394.34
2024-01-28,42031.06,42842.68,41620.81
2024-01-29,43302.7,43333.0,41804.88
2024-01-30,42941.1,43882.36,42683.99
2024-01-31,42580.0,43745.11,42276.84
2024-02-01,43082.94,43285.13,41884.28
2024-02-02,43200.0,43488.0,42546.79
2024-02-03,43011.09,43380.01,42880.0
2024-02-04,42582.88,43119.04,42222.0
2024-02-05,42708.7,43569.76,42258.1
2024-02-06,43098.95,43399.98,42574.0
2024-02-07,44349.6,44396.5,42788.0
2024-02-08,45288.65,45614.3,44331.1
2024-02-09,47132.77,48200.0,45242.12
2024-02-10,47751.09,48170.0,46800.0
2024-02-11,48299.99,48592.66,47557.16
2024-02-12,49917.27,50334.82,47710.01
2024-02-13,49699.59,50368.61,48300.95
2024-02-14,51795.17,52043.71,49225.01
2024-02-15,51880.0,52816.62,51314.0
2024-02-16,52124.11,52572.08,51566.0
2024-02-17,51642.64,52162.82,50625.0
2024-02-18,52137.67,52377.0,51163.28
2024-02-19,51774.73,52488.77,51677.0
2024-02-20,52258.82,52985.0,50760.37
2024-02-21,51849.39,52366.8,50625.0
2024-02-22,51288.42,52065.78,50940.78
2024-02-23,50744.15,51548.54,50521.0
2024-02-24,51568.22,51698.0,50585.0
2024-02-25,51728.85,51958.55,51279.8
2024-02-26,54476.47,54910.0,50901.44
2024-02-27,57037.34,57588.15,54450.13
2024-02-28,62432.1,64000.0,56691.85
2024-02-29,61130.98,63676.35,60364.7
2024-03-01,62387.9,63114.23,60777.0
2024-03-02,61987.28,62433.19,61561.12
2024-03-03,63113.97,63231.88,61320.0
2024-03-04,68245.71,68499.0,62300.0
2024-03-05,63724.01,69000.0,59005.0
2024-03-06,66074.04,67641.1,62779.14
2024-03-07,66823.17,67980.0,65551.0
2024-03-08,68124.19,69990.0,66082.66
2024-03-09,68313.27,68541.1,67861.1
2024-03-10,68955.88,69887.61,68094.75
2024-03-11,72078.1,72800.0,67024.96
2024-03-12,71452.01,73000.0,68620.82
2024-03-13,73072.41,73650.25,71333.31
2024-03-14,71388.94,73777.0,68555.0
2024-03-15,69499.85,72419.71,65600.0
2024-03-16,65300.63,70043.0,64780.0
2024-03-17,68393.48,68904.4,64533.0
2024-03-18,67609.99,68956.0,66565.2
2024-03-19,61937.4,68124.11,61555.0
2024-03-20,67840.51,68100.0,60775.0
2024-03-21,65501.27,68240.47,64529.01
2024-03-22,63796.64,66649.62,62260.0
2024-03-23,63990.01,65999.0,63000.0
2024-03-24,67209.99,67628.69,63772.29
2024-03-25,69880.01,71150.0,66385.06
2024-03-26,69988.0,71561.1,69280.0
2024-03-27,69469.99,71769.54,68359.18
2024-03-28,70780.6,71552.06,68903.62
2024-03-29,69850.54,70916.16,69009.0
2024-03-30,69582.18,70321.1,69540.0
2024-03-31,71280.01,71366.0,69562.99
2024-04-01,69649.8,71288.23,68062.86
2024-04-02,65463.99,69674.23,64550.0
2024-04-03,65963.28,66903.63,64493.07
2024-04-04,68487.79,69309.91,65064.52
2024-04-05,67820.62,68756.67,65952.56
2024-04-06,68896.0,69692.0,67447.83
2024-04-07,69360.39,70326.29,68824.0
2024-04-08,71620.0,72797.99,69043.24
2024-04-09,69146.0,71758.19,68210.0
2024-04-10,70631.08,71172.08,67518.0
2024-04-11,70006.23,71305.89,69567.21
2024-04-12,67116.52,71227.46,65086.86
2024-04-13,63924.51,67929.0,60660.57
2024-04-14,65661.84,65840.0,62134.0
2024-04-15,63419.99,66867.07,62274.4
2024-04-16,63793.39,64365.0,61600.0
2024-04-17,61277.37,64499.0,59678.16
2024-04-18,63470.08,64117.09,60803.35
2024-04-19,63818.01,65450.0,59600.01
2024-04-20,64940.59,65419.0,63090.07
2024-04-21,64941.15,65695.56,64237.5
2024-04-22,66819.32,67232.35,64500.0
2024-04-23,66414.0,67183.01,65765.81
2024-04-24,64289.59,67070.43,63606.06
2024-04-25,64498.34,65297.94,62794.0
2024-04-26,63770.01,64820.01,63297.48
2024-04-27,63461.98,63923.41,62391.24
2024-04-28,63118.62,64370.0,62781.0
2024-04-29,63866.0,64228.35,61765.53
2024-04-30,60672.0,64734.0,59191.6
2024-05-01,58364.97,60841.63,56552.82
2024-05-02,59060.61,59625.0,56911.84
2024-05-03,62882.01,63333.0,58811.32
2024-05-04,63892.04,64540.0,62541.03
2024-05-05,64012.0,64646.0,62822.17
2024-05-06,63165.19,65500.0,62700.0
2024-05-07,62312.08,64422.41,62261.0
2024-05-08,61193.03,63020.22,60888.0
2024-05-09,63074.01,63429.03,60630.0
2024-05-10,60799.99,63469.13,60187.12
2024-05-11,60825.99,61515.0,60487.09
2024-05-12,61483.99,61888.0,60610.0
2024-05-13,62940.08,63450.0,60749.21
2024-05-14,61577.49,63118.36,61142.77
2024-05-15,66206.5,66444.16,61319.47
2024-05-16,65235.21,66752.01,64602.77
2024-05-17,67024.0,67451.2,65106.38
2024-05-18,66915.2,67400.01,66600.0
2024-05-19,66274.01,67700.0,65857.25
2024-05-20,71446.62,71515.56,66060.31
2024-05-21,70148.34,71979.0,69162.94
2024-05-22,69166.62,70666.0,68842.19
2024-05-23,67969.65,70096.12,66312.16
2024-05-24,68549.99,69250.0,66600.12
2024-05-25,69290.57,69610.0,68500.0
2024-05-26,68507.67,69562.23,68128.01
2024-05-27,69436.43,70687.56,68250.0
2024-05-28,68398.39,69591.81,67277.91
2024-05-29,67652.42,68935.68,67124.65
2024-05-30,68352.17,69500.0,67128.0
2024-05-31,67540.01,69044.1,66670.0
2024-06-01,67766.85,67900.0,67428.44
2024-06-02,67765.63,68460.0,67257.47
2024-06-03,68809.9,70288.0,67612.48
2024-06-04,70537.84,71063.45,68567.32
2024-06-05,71108.0,71758.0,70383.66
2024-06-06,70799.06,71700.0,70117.64
2024-06-07,69355.6,71997.02,68420.0
2024-06-08,69310.46,69582.2,69168.02
2024-06-09,69648.14,69857.14,69130.24
2024-06-10,69540.0,70195.94,69172.29
2024-06-11,67314.24,69590.01,66051.0
2024-06-12,68263.99,69999.0,66905.0
2024-06-13,66773.01,68449.3,66251.78
2024-06-14,66043.99,67370.24,65078.0
2024-06-15,66228.25,66478.48,65857.1
2024-06-16,66676.87,66998.7,66034.5
2024-06-17,66504.33,67298.81,65130.0
2024-06-18,65175.32,66588.23,64060.0
2024-06-19,64974.37,65727.54,64666.0
2024-06-20,64869.99,66482.94,64559.15
2024-06-21,64143.56,65066.66,63379.35
2024-06-22,64262.01,64546.81,63943.82
2024-06-23,63210.01,64521.0,63178.32
2024-06-24,60293.3,63369.8,58402.0
2024-06-25,61806.01,62420.0,60257.06
2024-06-26,60864.99,62487.81,60712.0
2024-06-27,61706.47,62389.22,60606.63
2024-06-28,60427.84,62225.31,60063.0
2024-06-29,60986.68,61224.0,60383.77
2024-06-30,62772.01,63058.76,60712.21
2024-07-01,62899.99,63861.76,62497.2
2024-07-02,62135.47,63288.83,61806.28
2024-07-03,60208.58,62285.94,59400.0
2024-07-04,57050.01,60498.19,56771.0
2024-07-05,56628.79,57546.0,53485.93
2024-07-06,58230.13,58475.0,56018.0
2024-07-07,55857.81,58449.46,55724.37
2024-07-08,56714.62,58236.73,54260.16
2024-07-09,58050.0,58296.0,56289.45
2024-07-10,57725.85,59470.0,57157.79
2024-07-11,57339.89,59650.0,57050.0
2024-07-12,57889.1,58526.68,56542.47
2024-07-13,59204.02,59850.0,57756.63
2024-07-14,60797.91,61420.69,59194.01
2024-07-15,64724.14,64900.0,60632.3
2024-07-16,65043.99,65388.97,62373.24
2024-07-17,64087.99,66128.63,63854.0
2024-07-18,63987.92,65133.3,63238.48
2024-07-19,66660.0,67386.0,63300.67
2024-07-20,67139.96,67598.0,66222.46
2024-07-21,68165.34,68366.66,65777.0
2024-07-22,67532.01,68474.55,66559.97
2024-07-23,65936.01,67750.98,65441.08
2024-07-24,65376.0,67102.01,65111.0
2024-07-25,65799.95,66175.49,63456.7
2024-07-26,67907.99,68200.0,65722.63
2024-07-27,67896.5,69399.99,66650.0
2024-07-28,68249.88,68318.43,67066.66
2024-07-29,66784.69,70079.99,66428.0
2024-07-30,66188.0,67000.0,65302.67
2024-07-31,64628.0,66849.24,64530.0
2024-08-01,65354.02,65659.78,62302.0
2024-08-02,61498.33,65596.14,61230.01
2024-08-03,60697.99,62198.22,59850.0
2024-08-04,58161.0,61117.63,57122.77
2024-08-05,54018.81,58305.59,49000.0
2024-08-06,56022.01,57040.99,53950.0
2024-08-07,55134.16,57736.05,54558.62
2024-08-08,61685.99,62745.14,54730.0
2024-08-09,60837.99,61744.37,59535.0
2024-08-10,60923.51,61470.58,60242.0
2024-08-11,58712.59,61858.0,58286.73
2024-08-12,59346.64,60711.09,57642.21
2024-08-13,60587.15,61578.1,58392.88
2024-08-14,58683.39,61800.0,58433.18
2024-08-15,57541.06,59849.38,56078.54
2024-08-16,58874.6,59817.76,57098.62
2024-08-17,59491.99,59700.0,58785.05
2024-08-18,58427.35,60284.99,58408.92
2024-08-19,59438.5,59617.63,57787.3
2024-08-20,59013.8,61400.0,58548.23
2024-08-21,61156.03,61820.93,58783.47
2024-08-22,60375.84,61400.0,59724.87
2024-08-23,64037.24,64955.0,60342.14
2024-08-24,64157.01,64494.5,63531.0
2024-08-25,64220.0,65000.0,63773.27
2024-08-26,62834.0,64481.0,62800.0
2024-08-27,59415.0,63212.0,58034.01
2024-08-28,59034.9,60234.98,57860.0
2024-08-29,59359.01,61166.99,58713.09
2024-08-30,59123.99,59944.07,57701.1
2024-08-31,58973.99,59462.38,58744.0
2024-09-01,57301.86,59076.59,57201.0
2024-09-02,59132.13,59425.69,57128.0
2024-09-03,57487.73,59809.65,57415.0
2024-09-04,57970.9,58519.0,55606.0
2024-09-05,56180.0,58327.07,55643.65
2024-09-06,53962.97,57008.0,52550.0
2024-09-07,54160.86,54850.0,53745.54
2024-09-08,54869.95,55318.0,53629.01
2024-09-09,57042.0,58088.0,54591.96
2024-09-10,57635.99,58044.36,56386.4
2024-09-11,57338.0,57981.71,55545.19
2024-09-12,58132.32,58588.0,57324.0
2024-09-13,60498.0,60625.0,57632.62
2024-09-14,59993.03,60610.45,59400.0
2024-09-15,59132.0,60395.8,58691.05
2024-09-16,58213.99,59210.7,57493.3
2024-09-17,60313.99,61320.0,57610.01
2024-09-18,61759.99,61786.24,59174.8
2024-09-19,62947.99,63850.0,61555.0
2024-09-20,63201.05,64133.32,62350.0
2024-09-21,63348.96,63559.9,62758.0
2024-09-22,63578.76,64000.0,62357.93
2024-09-23,63339.99,64745.88,62538.75
2024-09-24,64262.7,64688.0,62700.0
2024-09-25,63152.01,64817.99,62947.08
2024-09-26,65173.99,65839.0,62670.0
2024-09-27,65769.95,66498.0,64819.9
2024-09-28,65858.0,66260.0,65422.23
2024-09-29,65602.01,66076.12,65432.0
2024-09-30,63327.59,65618.8,62856.3
2024-10-01,60805.78,64130.63,60164.0
2024-10-02,60649.28,62390.31,60000.0
2024-10-03,60752.71,61477.19,59828.11
2024-10-04,62086.0,62484.85,60459.9
2024-10-05,62058.0,62370.56,61689.26
2024-10-06,62819.91,62975.0,61798.97
2024-10-07,62224.0,64478.19,62128.0
2024-10-08,62160.49,63200.0,61860.31
2024-10-09,60636.02,62543.75,60301.0
2024-10-10,60326.39,61321.68,58946.0
2024-10-11,62540.0,63417.56,60087.64
2024-10-12,63206.22,63480.0,62487.23
2024-10-13,62870.02,63285.72,62050.0
2024-10-14,66083.99,66500.0,62457.81
2024-10-15,67074.14,67950.0,64800.01
2024-10-16,67620.01,68424.0,66750.49
2024-10-17,67421.78,67939.4,66666.0
2024-10-18,68428.0,69000.0,67192.36
2024-10-19,68378.0,68693.26,68010.0
2024-10-20,69031.99,69400.0,68100.0
2024-10-21,67377.5,69519.52,66840.67
2024-10-22,67426.0,67836.01,66571.42
2024-10-23,66668.65,67472.83,65260.0
2024-10-24,68198.28,68850.0,66510.0
2024-10-25,66698.33,68771.49,65596.29
2024-10-26,67092.76,67454.55,66439.9
2024-10-27,68021.7,68332.05,66913.73
2024-10-28,69962.21,70270.0,67618.0
2024-10-29,72736.42,73620.12,69760.0
2024-10-30,72344.74,72961.0,71436.0
2024-10-31,70292.01,72700.0,69685.76
2024-11-01,69496.01,71632.95,68820.14
2024-11-02,69374.74,69914.37,69000.14
2024-11-03,68775.99,69391.0,67478.73
2024-11-04,67850.01,69500.0,66835.0
2024-11-05,69372.01,70577.91,67476.63
2024-11-06,75571.99,76400.0,69298.0
2024-11-07,75857.89,76849.99,74416.0
2024-11-08,76509.78,77199.99,75555.0
2024-11-09,76677.46,76900.0,75714.66
2024-11-10,80370.01,81500.0,76492.0
2024-11-11,88647.99,89530.54,80216.01
2024-11-12,87952.01,89940.0,85072.0
2024-11-13,90375.2,93265.64,86127.99
2024-11-14,87325.59,91790.0,86668.21
2024-11-15,91032.07,91850.0,87073.38
2024-11-16,90586.92,91779.66,90056.17
2024-11-17,89855.99,91449.99,88722.0
2024-11-18,90464.08,92594.0,89376.9
2024-11-19,92310.79,93905.51,90357.0
2024-11-20,94286.56,94831.97,91500.0
2024-11-21,98317.12,98988.0,94040.0
2024-11-22,98892.0,99588.01,97122.11
2024-11-23,97672.4,98908.85,97136.0
2024-11-24,97900.04,98564.0,95734.77
2024-11-25,93010.01,98871.8,92600.19
2024-11-26,91965.16,94973.37,90791.1
2024-11-27,95863.11,97208.21,91792.14
2024-11-28,95643.98,96564.0,94640.0
2024-11-29,97460.0,98619.99,95364.99
2024-11-30,96407.99,97463.95,96092.01
2024-12-01,97185.18,97836.0,95693.88
2024-12-02,95840.62,98130.0,94395.0
2024-12-03,95849.69,96305.52,93578.17
2024-12-04,98587.32,99000.0,94587.83
2024-12-05,96945.63,104088.0,90500.0
2024-12-06,99740.84,101898.99,95981.72
2024-12-07,99831.99,100439.18,98844.0
2024-12-08,101109.59,101351.0,98657.7
2024-12-09,97276.47,101215.93,94150.05
2024-12-10,96593.0,98270.0,94256.54
2024-12-11,101125.0,101888.0,95658.24
2024-12-12,100004.29,102540.0,99311.64
2024-12-13,101424.25,101895.26,99205.0
2024-12-14,101420.0,102650.0,100609.41
2024-12-15,104463.99,105250.0,101237.14
2024-12-16,106058.66,107793.07,103333.0
2024-12-17,106133.74,108353.0,105321.49
2024-12-18,100204.01,106524.98,100000.0
2024-12-19,97461.86,102800.11,95700.0
2024-12-20,97805.44,98233.0,92232.54
2024-12-21,97291.99,99540.61,96398.39
2024-12-22,95186.27,97448.08,94250.35
2024-12-23,94881.47,96538.92,92520.0
2024-12-24,98663.58,99487.99,93569.02
2024-12-25,99429.6,99569.15,97632.02
2024-12-26,95791.6,99963.7,95199.14
2024-12-27,94299.03,97544.58,93500.01
2024-12-28,95300.0,95733.99,94135.66
2024-12-29,93738.2,95340.0,93009.52
2024-12-30,92792.05,95024.5,91530.45
2024-12-31,93576.0,96250.0,92033.73
2025-01-01,94591.79,95151.15,92888.0
2025-01-02,96984.79,97839.5,94392.0
2025-01-03,98174.18,98976.91,96100.01
2025-01-04,98220.5,98778.43,97514.79
2025-01-05,98363.61,98836.85,97276.79
2025-01-06,102235.6,102480.0,97920.0
2025-01-07,96954.61,102724.38,96181.81
2025-01-08,95060.61,97268.65,92500.9
2025-01-09,92552.49,95382.32,91203.67
2025-01-10,94726.11,95836.0,92206.02
2025-01-11,94599.99,95050.94,93831.73
2025-01-12,94545.06,95450.1,93711.19
2025-01-13,94536.1,95940.0,89256.69
2025-01-14,96560.86,97371.0,94346.22
2025-01-15,100497.35,100681.94,96500.0
2025-01-16,99987.3,100866.66,97335.13
2025-01-17,104077.48,105865.22,99950.77
2025-01-18,104556.23,104988.88,102277.55
2025-01-19,101331.57,106422.43,99651.6
2025-01-20,102260.01,109588.0,99550.0
2025-01-21,106143.82,107240.81,100119.04
2025-01-22,103706.66,106394.46,103339.12
2025-01-23,103910.34,106850.0,101262.28
2025-01-24,104870.5,107120.0,102750.0
2025-01-25,104746.85,105286.52,104106.09
2025-01-26,102620.0,105500.0,102520.44
2025-01-27,102082.83,103260.0,97777.77
2025-01-28,101335.52,103800.0,100272.68
2025-01-29,103733.24,104782.68,101328.01
2025-01-30,104722.94,106457.44,103278.54
2025-01-31,102429.56,106012.0,101560.0
2025-02-01,100635.65,102783.71,100279.51
2025-02-02,97700.59,101456.6,96150.0
2025-02-03,101328.52,102500.01,91231.0
2025-02-04,97763.13,101732.31,96150.0
2025-02-05,96612.43,99149.0,96155.0
2025-02-06,96554.35,99120.0,95676.64
2025-02-07,96506.8,100137.99,95620.34
2025-02-08,96444.74,96880.0,95688.0
2025-02-09,96462.75,97323.09,94713.0
2025-02-10,97430.82,98345.0,95256.0
2025-02-11,95778.2,98478.42,94876.88
2025-02-12,97869.99,98119.99,94088.23
2025-02-13,96608.14,98083.91,95217.36
2025-02-14,97500.48,98826.0,96252.82
2025-02-15,97569.66,97972.26,97223.58
2025-02-16,96118.12,97704.47,96046.18
2025-02-17,95780.0,97046.59,95205.0
2025-02-18,95671.74,96753.91,93388.09
2025-02-19,96644.37,96899.99,95029.99
2025-02-20,98305.0,98711.36,96415.09
2025-02-21,96181.98,99475.0,94871.95
2025-02-22,96551.01,96980.0,95770.49
2025-02-23,96258.0,96650.0,95227.94
2025-02-24,91552.88,96500.0,91349.26
2025-02-25,88680.4,92540.69,86050.99
2025-02-26,84250.09,89414.15,82256.01
2025-02-27,84708.58,87078.46,82716.49
2025-02-28,84349.94,85120.0,78258.52
2025-03-01,86064.53,86558.0,83824.78
2025-03-02,94270.0,95000.0,85050.6
2025-03-03,86220.61,94416.46,85117.11
2025-03-04,87281.98,88967.52,81500.0
2025-03-05,90606.01,91000.0,86334.53
2025-03-06,89931.89,92810.64,87836.0
2025-03-07,86801.75,91283.02,84667.03
2025-03-08,86222.45,86897.25,85218.47
2025-03-09,80734.37,86500.0,80000.0
2025-03-10,78595.86,84123.46,77459.91
2025-03-11,82932.99,83617.4,76606.0
2025-03-12,83680.12,84539.85,80607.65
2025-03-13,81115.78,84336.33,79939.9
2025-03-14,83983.2,85309.71,80818.84
2025-03-15,84338.44,84676.28,83618.0
2025-03-16,82574.53,85117.04,81981.12
2025-03-17,84010.03,84756.83,82456.0
2025-03-18,82715.03,84021.74,81134.66
2025-03-19,86845.94,87000.0,82547.16
2025-03-20,84223.39,87453.67,83655.23
2025-03-21,84088.79,84850.33,83175.25
2025-03-22,83840.59,84539.17,83625.1
2025-03-23,86082.5,86129.64,83809.75
2025-03-24,87498.16,88765.43,85519.09
2025-03-25,87392.87,88539.63,86310.0
2025-03-26,86909.17,88275.0,85860.0
2025-03-27,87232.01,87756.39,85800.0
2025-03-28,84424.38,87515.67,83585.0
2025-03-29,82648.54,84624.73,81644.81
2025-03-30,82389.99,83534.64,81565.0
2025-03-31,82550.01,83943.08,81278.52
2025-04-01,85158.34,85579.46,82432.74
2025-04-02,82516.29,88500.0,82320.0
2025-04-03,83213.09,83998.02,81211.24
2025-04-04,83889.87,84720.0,81659.0
2025-04-05,83537.99,84266.0,82379.95
2025-04-06,78430.0,83817.63,77153.83
2025-04-07,79163.24,81243.58,74508.0
2025-04-08,76322.42,80867.99,76239.9
2025-04-09,82615.22,83588.0,74620.0
2025-04-10,79607.3,82753.21,78464.36
2025-04-11,83423.84,84300.0,78969.58
2025-04-12,85276.9,85905.0,82792.95
2025-04-13,83760.0,86100.0,83034.23
2025-04-14,84591.58,85799.99,83678.0
2025-04-15,83643.99,86496.42,83600.0
2025-04-16,84030.38,85500.0,83111.64
2025-04-17,84947.91,85470.01,83736.26
2025-04-18,84474.69,85132.08,84303.96
2025-04-19,85077.01,85677.99,84364.45
2025-04-20,85179.24,85320.76,83949.52
2025-04-21,87516.23,88465.99,85144.76
2025-04-22,93442.99,93888.0,87076.03
2025-04-23,93691.08,94696.05,91935.41
2025-04-24,93980.47,94005.0,91660.01
2025-04-25,94638.68,95758.04,92855.96
2025-04-26,94628.0,95199.0,93870.69
2025-04-27,93749.3,95369.0,93602.58
2025-04-28,95011.18,95630.0,92800.01
2025-04-29,94256.82,95461.53,93742.54
2025-04-30,94172.0,95228.45,92910.0
2025-05-01,96489.91,97424.02,94130.43
2025-05-02,96887.14,97895.68,96350.0
2025-05-03,95856.42,96935.67,95753.01
2025-05-04,94277.62,96304.48,94151.38
2025-05-05,94733.68,95199.0,93514.1
2025-05-06,96834.02,96920.65,93377.0
2025-05-07,97030.5,97732.0,95784.61
2025-05-08,103261.6,104145.76,96876.29
2025-05-09,102971.99,104361.3,102315.14
2025-05-10,104809.53,104984.57,102818.76
2025-05-11,104118.0,104972.0,103345.06
2025-05-12,102791.32,105819.45,100718.37
2025-05-13,104103.72,104976.25,101429.7
2025-05-14,103507.82,104356.95,102602.05
2025-05-15,103763.71,104192.7,101383.07
2025-05-16,103463.9,104550.33,103100.49
2025-05-17,103126.65,103709.86,102612.5
2025-05-18,106454.26,106660.0,103105.09
2025-05-19,105573.74,107108.62,102000.0
2025-05-20,106849.99,107320.0,104184.72
2025-05-21,109643.99,110797.38,106100.01
2025-05-22,111696.21,111980.0,109177.37
2025-05-23,107318.3,111800.0,106800.0
2025-05-24,107761.91,109506.03,106875.41
2025-05-25,109004.19,109299.99,106600.64
2025-05-26,109434.79,110422.22,108670.58
2025-05-27,108938.17,110718.0,107516.57
2025-05-28,107781.78,109284.7,106769.43
2025-05-29,105589.75,108891.91,105322.86
2025-05-30,103985.48,106313.12,103621.0
2025-05-31,104591.88,104900.0,103068.55
2025-06-01,105642.93,105866.91,103752.49
2025-06-02,105857.99,105935.63,103659.88
2025-06-03,105376.89,106794.67,104872.5
2025-06-04,104696.86,106000.0,104179.0
2025-06-05,101508.68,105909.71,100372.26
2025-06-06,104288.44,105333.0,101095.8
2025-06-07,105552.15,105900.0,103871.09
2025-06-08,105734.0,106488.14,104964.14
2025-06-09,110263.02,110530.17,105318.37
2025-06-10,110274.39,110400.0,108331.03
2025-06-11,108645.12,110392.01,108064.0
2025-06-12,105671.73,108813.55,105671.72
2025-06-13,106066.59,106179.53,102664.31
2025-06-14,105414.64,106252.0,104300.0
2025-06-15,105594.01,106128.57,104494.53
2025-06-16,106794.53,108952.38,104980.37
2025-06-17,104551.17,107771.34,103371.02
2025-06-18,104886.78,105550.27,103500.0
2025-06-19,104658.59,105226.17,103929.27
2025-06-20,103297.99,106524.65,102345.0
2025-06-21,102120.01,103982.64,100837.9
2025-06-22,100963.87,103399.62,98200.0
2025-06-23,105333.93,106074.2,99613.33
2025-06-24,106083.0,106290.0,104622.02
2025-06-25,107340.58,108135.3,105808.03
2025-06-26,106947.06,108272.45,106562.5
2025-06-27,107047.59,107735.34,106356.76
2025-06-28,107296.79,107577.75,106811.51
2025-06-29,108356.93,108528.5,107172.52
2025-06-30,107146.5,108789.99,106733.33
2025-07-01,105681.14,107540.0,105250.85
2025-07-02,108849.6,109730.0,105100.19
2025-07-03,109584.78,110529.18,108530.4
2025-07-04,107984.24,109767.59,107245.0
2025-07-05,108198.12,108420.56,107756.31
2025-07-06,109203.84,109700.0,107800.01
2025-07-07,108262.94,109700.0,107513.2
2025-07-08,108922.98,109216.56,107429.57
2025-07-09,111233.99,111999.79,108324.53
2025-07-10,116010.0,116868.0,110500.0
2025-07-11,117527.66,118869.98,115222.22
2025-07-12,117420.0,118200.0,116900.05
2025-07-13,119086.64,119488.0,117224.79
2025-07-14,119841.18,123218.0,118905.18
2025-07-15,117758.09,119940.83,115736.92
2025-07-16,118630.43,120063.84,117017.29
2025-07-17,119177.56,120998.71,117453.57
2025-07-18,117924.84,120820.71,116812.76
2025-07-19,117840.0,118499.9,117277.34
2025-07-20,117265.12,118856.8,116467.02
2025-07-21,117380.36,119676.73,116515.0
2025-07-22,119954.42,120247.8,116128.0
2025-07-23,118755.99,120090.0,117301.0
2025-07-24,118340.99,119450.0,117103.1
2025-07-25,117614.31,118451.57,114723.16
2025-07-26,117919.99,118297.35,117138.38
2025-07-27,119415.55,119766.65,117825.5
2025-07-28,118062.32,119800.0,117427.5
2025-07-29,117950.76,119273.36,116950.75
2025-07-30,117840.3,118792.0,115796.23
2025-07-31,115764.08,118922.45,115500.0
2025-08-01,113297.93,116052.0,112722.58
2025-08-02,112546.35,114063.49,112003.0
2025-08-03,114208.8,114799.97,111920.0
2025-08-04,115055.03,115720.0,114107.6
2025-08-05,114129.75,115127.81,112650.0
2025-08-06,114992.27,115716.0,113355.13
2025-08-07,117472.01,117621.0,114259.0
2025-08-08,116674.74,117630.0,115878.71
2025-08-09,116462.25,117944.05,116299.13
2025-08-10,119294.01,119311.11,116460.63
2025-08-11,118686.0,122335.16,118050.11
2025-08-12,120134.08,120324.43,118207.47
2025-08-13,123306.43,123667.79,118920.92
2025-08-14,118295.09,124474.0,117180.0
2025-08-15,117342.05,119216.82,116803.99
2025-08-16,117380.66,117898.99,117143.98
2025-08-17,117405.01,118575.0,117172.21
2025-08-18,116227.05,117543.75,114640.14
2025-08-19,112872.94,116725.69,112732.58
2025-08-20,114271.24,114615.38,112380.0
2025-08-21,112500.0,114821.76,112015.67
2025-08-22,116935.99,117429.05,111684.79
2025-08-23,115438.05,117030.0,114560.0
2025-08-24,113493.59,115666.68,110680.0
2025-08-25,110111.98,113667.28,109274.1
2025-08-26,111763.22,112371.0,108666.66
2025-08-27,111262.01,112625.0,110345.42
2025-08-28,112566.9,113485.9,110862.42
2025-08-29,108377.4,112638.64,107463.9
2025-08-30,108816.33,108926.15,107350.1
2025-08-31,108246.35,109480.02,108076.93
2025-09-01,109237.42,109912.4,107255.0
2025-09-02,111240.01,111771.52,108393.39
2025-09-03,111705.71,112575.27,110528.71
2025-09-04,110730.87,112180.0,109329.12
2025-09-05,110659.99,113384.62,110206.96
2025-09-06,110187.97,111307.7,109977.0
2025-09-07,111137.34,111600.0,110180.0
2025-09-08,112065.23,112924.37,110621.78
2025-09-09,111546.39,113293.29,110766.66
2025-09-10,113960.0,114313.13,110917.45
2025-09-11,115482.69,115488.09,113430.0
2025-09-12,116029.42,116665.63,114740.99
2025-09-13,115918.29,116298.78,115127.27
2025-09-14,115268.01,116165.19,115135.0
2025-09-15,115349.71,116757.99,114384.0
2025-09-16,116788.96,116964.27,114737.11
2025-09-17,116447.59,117286.73,114720.81
2025-09-18,117073.53,117900.0,116092.76
2025-09-19,115632.38,117459.99,115100.0
2025-09-20,115685.63,116121.81,115408.47
2025-09-21,115232.29,115819.06,115188.0
2025-09-22,112650.99,115379.25,111800.0
2025-09-23,111998.8,113290.5,111458.73
2025-09-24,113307.0,113940.0,111042.66
2025-09-25,108994.49,113510.23,108631.51
2025-09-26,109643.46,110300.0,108620.07
2025-09-27,109635.85,109743.91,109064.4
2025-09-28,112163.95,112350.0,109189.99
2025-09-29,114311.96,114400.0,111560.65
2025-09-30,114048.93,114792.0,112656.27
2025-10-01,118594.99,118649.1,113966.67
2025-10-02,120529.35,121022.07,118279.31
2025-10-03,122232.0,123894.99,119248.3
2025-10-04,122391.0,122800.0,121510.0
2025-10-05,123482.31,125708.42,122136.0
2025-10-06,124658.54,126199.63,123084.0
2025-10-07,121332.95,125126.0,120574.94
2025-10-08,123306.0,124197.25,121066.14
2025-10-09,121662.4,123762.94,119651.47
2025-10-10,112774.5,122550.0,102000.0
2025-10-11,110644.4,113322.39,109561.59
2025-10-12,114958.8,115770.0,109565.06
2025-10-13,115166.0,115963.81,113616.5
2025-10-14,113028.14,115409.96,109866.0
2025-10-15,110763.28,113612.35,110164.0
2025-10-16,108194.28,111982.45,107427.0
2025-10-17,106431.68,109240.0,103528.23
2025-10-18,107185.01,107499.0,106322.2
2025-10-19,108642.78,109450.07,106103.36
2025-10-20,110532.09,111705.56,107402.52
2025-10-21,108297.67,114000.0,107473.72
2025-10-22,107567.44,109163.88,106666.69
2025-10-23,110078.18,111293.61,107500.0
2025-10-24,111004.89,112104.98,109700.01
2025-10-25,111646.27,111943.19,110672.86
2025-10-26,114559.4,115466.8,111260.45
2025-10-27,114107.65,116400.0,113830.01
2025-10-28,112898.45,116086.0,112211.0
2025-10-29,110021.29,113643.73,109200.0
2025-10-30,108322.88,111592.0,106304.34
2025-10-31,109608.01,111190.0,108275.28
2025-11-01,110098.1,110564.49,109394.81
2025-11-02,110540.68,111250.01,109471.34
2025-11-03,106583.04,110750.0,105306.56
2025-11-04,101497.22,107299.0,98944.36
2025-11-05,103885.16,104534.74,98966.8
2025-11-06,101346.04,104200.0,100300.95
2025-11-07,103339.08,104096.36,99260.86
2025-11-08,102312.94,103406.22,101454.0
2025-11-09,104722.96,105495.62,101400.0
2025-11-10,106011.13,106670.11,104265.02
2025-11-11,103058.99,107500.0,102476.09
2025-11-12,101654.37,105333.33,100813.59
2025-11-13,99692.02,104085.01,98000.4
2025-11-14,94594.0,99866.02,94012.45
2025-11-15,95596.24,96846.68,94558.49
2025-11-16,94261.44,96635.11,93005.55
2025-11-17,92215.14,96043.0,91220.0
2025-11-18,92960.83,93836.01,89253.78
2025-11-19,91554.96,92980.22,88608.0
2025-11-20,86637.23,93160.0,86100.0
2025-11-21,85129.43,87498.94,80600.0
2025-11-22,84739.74,85620.0,83500.0
2025-11-23,86830.0,88127.64,84667.57
2025-11-24,88300.01,89228.0,85272.0
2025-11-25,87369.96,88519.99,86116.0
2025-11-26,90484.02,90656.08,86306.77
2025-11-27,91333.95,91950.0,90089.91
2025-11-28,90890.7,93092.0,90180.63
2025-11-29,90802.44,91165.65,90155.47
2025-11-30,90360.0,92000.01,90336.9
2025-12-01,86286.01,90417.0,83822.76
2025-12-02,91277.88,92307.65,86184.39
2025-12-03,93429.95,94150.0,90990.23
2025-12-04,92078.06,94080.0,90889.0
2025-12-05,89330.04,92692.36,88056.0
2025-12-06,89236.79,90289.97,88908.01
2025-12-07,90395.31,91760.0,87719.28
2025-12-08,90634.34,92287.15,89612.0
2025-12-09,92678.8,94588.99,89500.0
2025-12-10,92015.37,94476.0,91563.15
2025-12-11,92513.38,93555.0,89260.63
2025-12-12,90268.42,92754.0,89480.0
2025-12-13,90240.01,90634.55,89766.39
2025-12-14,88172.17,90472.4,87577.36
2025-12-15,86432.08,90052.64,85146.64
2025-12-16,87863.42,88175.98,85266.0
2025-12-17,86243.22,90365.85,85314.0
2025-12-18,85516.41,89477.61,84450.01
2025-12-19,88136.94,89399.97,85110.24
2025-12-20,88360.9,88573.07,87795.76
2025-12-21,88658.86,89081.77,87600.04
2025-12-22,88620.79,90588.23,87900.0
2025-12-23,87486.0,88940.0,86601.9
2025-12-24,87669.45,88049.89,86420.0
2025-12-25,87225.27,88592.74,86934.72
2025-12-26,87369.56,89567.75,86655.08
2025-12-27,87877.01,87984.0,87253.05
2025-12-28,87952.71,88088.75,87435.0
2025-12-29,87237.13,90406.08,86806.5
2025-12-30,88485.49,89400.0,86845.66
2025-12-31,87648.22,89200.0,87250.0
2026-01-01,88839.04,88919.45,87550.43
2026-01-02,89995.13,90961.81,88379.88
2026-01-03,90628.01,90741.16,89314.01
2026-01-04,91529.73,91810.0,90628.0
2026-01-05,93859.71,94789.08,91514.81
2026-01-06,93747.97,94444.44,91262.94
2026-01-07,91364.16,93747.97,90675.52
2026-01-08,91099.99,91687.99,89311.0
2026-01-09,90641.28,92082.55,89694.66
2026-01-10,90504.7,90832.0,90404.0
2026-01-11,91013.65,91283.89,90236.0
2026-01-12,91296.2,92519.95,90128.44
2026-01-13,95414.0,96495.0,91042.66
2026-01-14,96951.78,97924.49,94559.28
2026-01-15,95604.8,97193.34,95134.48
2026-01-16,95550.94,95871.47,94293.46
2026-01-17,95147.77,95639.45,95021.67
2026-01-18,93673.14,95531.12,93615.4
2026-01-19,92631.0,93673.14,91910.2
2026-01-20,88427.66,92870.0,87895.98
2026-01-21,89454.73,90574.0,87263.53
2026-01-22,89559.67,90359.99,88515.37
2026-01-23,89600.26,91224.99,88578.36
2026-01-24,89225.34,89957.39,89162.08
2026-01-25,86670.36,89319.13,86074.72
2026-01-26,88347.08,88860.0,86509.63
2026-01-27,89250.0,89523.16,87304.33
2026-01-28,89299.99,90600.0,88833.65
2026-01-29,84650.16,89348.0,83383.33
2026-01-30,84260.49,84735.75,81118.0
2026-01-31,78741.09,84270.02,75719.9
2026-02-01,76968.21,79424.0,75700.0
2026-02-02,78738.61,79360.0,74604.0
2026-02-03,75770.21,79186.81,72945.5
2026-02-04,73165.83,76971.52,71888.0
2026-02-05,62909.86,73341.18,62345.0
2026-02-06,70580.26,71751.33,60000.0
2026-02-07,69289.38,71690.07,67300.0
2026-02-08,70330.38,72271.41,68888.0
2026-02-09,70138.0,71453.53,68308.0
2026-02-10,68841.29,70527.59,67800.0
2026-02-11,67082.52,69292.88,65756.0
2026-02-12,66272.17,68410.52,65118.0
2026-02-13,68853.96,69482.97,65872.46
2026-02-14,69822.95,70560.01,68730.13
2026-02-15,68832.58,70983.0,68000.0
2026-02-16,68892.43,70126.67,67294.11
2026-02-17,67503.52,69241.5,66621.06
2026-02-18,66461.0,68476.22,65870.0
2026-02-19,67003.73,67320.0,65631.83
2026-02-20,68020.01,68318.39,66280.2
2026-02-21,67975.93,68698.7,67534.69
2026-02-22,67643.4,68245.0,67190.0
2026-02-23,64656.02,67684.86,63888.79
2026-02-24,64058.15,65026.75,62510.28
2026-02-25,67988.04,69988.83,63913.27
2026-02-26,67485.18,68860.0,66500.0
2026-02-27,65872.1,68216.8,64914.46
2026-02-28,66973.26,67760.0,63030.0
2026-03-01,65776.47,68199.99,65056.0
2026-03-02,68830.06,70096.0,65259.21
2026-03-03,68338.0,69258.08,66158.0
2026-03-04,72666.77,74050.0,67400.0
2026-03-05,70890.72,73558.15,70645.47
2026-03-06,68114.02,71419.98,67744.78
2026-03-07,67262.91,68551.04,66915.26
2026-03-08,65971.2,68200.0,65618.49
2026-03-09,68432.16,69516.65,65821.97
2026-03-10,69948.63,71777.0,68391.41
2026-03-11,70191.86,71321.0,68977.91
2026-03-12,70541.34,70800.0,69205.91
2026-03-13,70930.0,73913.74,70386.01
2026-03-14,71211.95,71307.92,70317.0
2026-03-15,72815.24,73199.0,70858.82
2026-03-16,74884.67,74909.08,72270.41
2026-03-17,73909.36,76000.0,73399.19
2026-03-18,71246.54,74672.34,70500.0
2026-03-19,69930.0,71613.79,68793.35
2026-03-20,70510.73,71367.0,69388.0
2026-03-21,68918.12,71100.94,68571.42
2026-03-22,67859.0,69588.79,67360.66
2026-03-23,70906.45,71817.09,67445.18
2026-03-24,70556.74,71400.0,68923.07
2026-03-25,71336.53,72026.09,70408.0
2026-03-26,68820.31,71436.82,68153.0
2026-03-27,66407.28,69179.05,65548.25
2026-03-28,66377.03,67288.94,65932.09
2026-03-29,66010.93,67130.5,65000.0
2026-03-30,66797.37,68169.65,65800.59
2026-03-31,68284.48,68589.49,65998.05
2026-04-01,68113.92,69310.0,67578.75
2026-04-02,66901.99,68653.38,65712.12
2026-04-03,66964.3,67370.42,66282.0
2026-04-04,67300.42,67562.93,66775.91
2026-04-05,69034.18,69136.2,66611.66
2026-04-06,68853.66,70351.46,68300.0
2026-04-07,71924.22,72761.0,67732.01
2026-04-08,71069.93,72857.0,70707.23
2026-04-09,71787.97,73145.0,70466.0
2026-04-10,72962.7,73434.0,71426.15
2026-04-11,73043.16,73790.0,72513.09
2026-04-12,70740.98,73137.24,70505.88
2026-04-13,74417.99,74900.0,70566.99
2026-04-14,74131.55,76038.0,73795.47
2026-04-15,74809.99,75425.0,73514.0
2026-04-16,75154.29,75534.76,73309.85
2026-04-17,77072.0,78333.0,74529.4
2026-04-18,75691.76,77420.08,75445.16
2026-04-19,73801.79,76240.66,73762.9
2026-04-20,75840.97,76558.62,73724.31
2026-04-21,76336.15,76927.57,74821.57
2026-04-22,78178.23,79472.82,76132.95
2026-04-23,78257.48,78662.5,76960.0
2026-04-24,77437.13,78581.93,77264.08
2026-04-25,77625.0,77885.35,77140.23
2026-04-26,78657.55,78961.0,77326.51
2026-04-27,77371.32,79485.66,76459.64
2026-04-28,76342.77,77478.0,75666.6
2026-04-29,75780.0,77904.93,74937.52
2026-04-30,76346.57,76669.14,75323.65
2026-05-01,78231.13,78914.12,76320.42
2026-05-02,78686.85,79199.48,78040.0
2026-05-03,78568.57,79447.0,78084.08
2026-05-04,79861.01,80776.99,78202.0
2026-05-05,80905.52,81791.48,79808.72
2026-05-06,81447.01,82850.0,80731.14
2026-05-07,80006.0,81708.32,79500.0
2026-05-08,80193.17,80500.0,79181.48
2026-05-09,80678.4,81080.0,80129.85
2026-05-10,82210.07,82479.32,80279.77
2026-05-11,81745.65,82380.0,80462.97
2026-05-12,80504.47,81788.0,79843.59
2026-05-13,79313.61,81324.64,78754.65
2026-05-14,81089.99,82048.13,78922.0
2026-05-15,79113.21,81664.45,78659.0
2026-05-16,78148.05,79227.77,77640.0
2026-05-17,77457.67,78599.99,76735.16
2026-05-18,77001.87,77800.0,76051.0
2026-05-19,76834.36,77414.62,76144.71
2026-05-20,77552.23,77853.04,76516.74
2026-05-21,77615.52,78200.0,76719.47
2026-05-22,75539.5,77900.0,75359.18
2026-05-23,76752.01,77404.18,74289.6
2026-05-24,77064.96,77543.15,76108.0
2026-05-25,77322.01,77905.52,76914.25
2026-05-26,75930.01,78080.0,75677.97
2026-05-27,74449.3,76174.15,74243.99
2026-05-28,73617.51,74590.77,72582.82
2026-05-29,73460.78,74514.1,72512.49
2026-05-30,73884.38,74143.76,73216.0
2026-05-31,73674.39,74275.66,73400.0
2026-06-01,71408.9,74092.0,70686.68
2026-06-02,66760.83,71408.9,66193.0
2026-06-03,64142.75,67516.0,64092.49
2026-06-04,63885.99,64764.32,61383.56
2026-06-05,61056.47,63978.0,59130.91
2026-06-06,60884.62,61530.05,59500.0
2026-06-07,63332.01,64234.68,60746.0
2026-06-08,63085.99,64200.0,62408.0
2026-06-09,61730.0,63526.01,60780.0
2026-06-10,61510.99,62857.99,60755.0
2026-06-11,63625.99,63933.02,61510.99
2026-06-12,63580.01,64394.44,62829.81
2026-06-13,64458.01,64762.77,63418.66
2026-06-14,65746.45,65800.0,63678.83
2026-06-15,66328.74,67292.15,65354.0
2026-06-16,65675.01,66992.0,65360.92
2026-06-17,64509.4,66445.93,63915.77
2026-06-18,62958.01,64806.0,62272.07
2026-06-19,63543.91,63666.0,62316.44
2026-06-20,64298.01,64388.0,63184.21
2026-06-21,63311.99,64588.0,63270.0
2026-06-22,64020.01,65622.83,63312.0
2026-06-23,62734.57,64275.38,61938.0
2026-06-24,61077.99,63239.06,59102.7
2026-06-25,59794.0,61962.4,58115.01
2026-06-26,60097.27,60759.99,58337.0
2026-06-27,60029.0,60941.17,59855.16
2026-06-28,59577.01,60545.01,58905.0
2026-06-29,60260.21,60780.57,58900.01
2026-06-30,58624.71,60276.54,58201.0
2026-07-01,60024.0,61334.0,57800.19
2026-07-02,61560.0,62200.0,59588.0
2026-07-03,62583.26,62979.86,61248.86
2026-07-04,63144.01,63461.99,62328.24
2026-07-05,63650.0,63999.0,62436.59
2026-07-06,64042.02,64700.0,61306.84
2026-07-07,63363.99,64314.0,62671.39
2026-07-08,62290.0,63761.99,61544.56
2026-07-09,63230.0,63500.0,61705.29
2026-07-10,64161.72,64692.83,62926.01
2026-07-11,63819.0,64504.11,63819.0
2026-07-12,63780.0,64290.11,63640.83
2026-07-13,62334.52,64425.0,61824.97
2026-07-14,65043.98,65100.0,62272.2
2026-07-15,64756.28,65600.0,64485.0
2026-07-16,63830.2,64997.52,63748.74
2026-07-17,63931.67,64387.99,62537.56
2026-07-18,64834.22,64865.0,63886.65
2026-07-19,64722.54,64967.25,64280.0
2026-07-20,65255.51,65799.0,63100.0
2026-07-21,66556.16,66956.15,65148.75
2026-07-22,66114.49,66739.89,65553.67
2026-07-23,65098.97,66313.14,64650.0
2026-07-24,64139.99,65808.59,63739.75
2026-07-25,64375.0,64475.28,63810.0
2026-07-26,65399.99,65577.0,64293.81
2026-07-27,63755.86,65744.6,63605.56
2026-07-28,63915.0,64100.0,62742.47
2026-07-29,63984.28,64744.81,63267.34
2026-07-30,64780.02,65176.6,63603.92
2026-07-31,62887.88,65409.56,62466.0
2026-08-01,62823.64,63150.0,62275.0
2026-08-02,63570.0,63796.33,62806.58
2026-08-03,63520.0,64080.0,62300.0
2026-08-04,64106.56,64549.16,63322.01
2026-08-05,64665.23,65025.22,63880.0
2026-08-06,64323.61,64999.0,64172.0
2026-08-07,64923.19,65390.99,64166.0
2026-08-08,64962.6,65192.54,64784.19
2026-08-09,64901.59,65474.46,64730.08
2026-08-10,63970.01,65391.14,63806.27
2026-08-11,63600.0,64515.43,63238.0
2026-08-12,63479.99,64500.0,63310.34
2026-08-13,63490.86,64010.0,62802.27
2026-08-14,63339.99,63617.45,63276.0
